
C:/microprocessorassignment_2/build/assign02/assign02.elf:     file format elf32-littlearm

Sections:
Idx Name          Size      VMA       LMA       File off  Algn
  0 .boot2        00000100  10000000  10000000  00001000  2**0
                  CONTENTS, ALLOC, LOAD, READONLY, CODE
  1 .text         00003cc0  10000100  10000100  00001100  2**4
                  CONTENTS, ALLOC, LOAD, READONLY, CODE
  2 .rodata       00000b54  10003dc0  10003dc0  00004dc0  2**3
                  CONTENTS, ALLOC, LOAD, READONLY, DATA
  3 .binary_info  0000002c  10004914  10004914  00005914  2**2
                  CONTENTS, ALLOC, LOAD, READONLY, DATA
  4 .ram_vector_table 000000c0  20000000  20000000  00007000  2**2
                  ALLOC
  5 .uninitialized_data 00000000  200000c0  200000c0  000062f0  2**0
                  CONTENTS
  6 .data         00000230  200000c0  10004940  000060c0  2**4
                  CONTENTS, ALLOC, LOAD, READONLY, CODE
  7 .tdata        00000000  200002f0  200002f0  000062f0  2**0
                  CONTENTS, ALLOC, LOAD, DATA, THREAD_LOCAL
  8 .tbss         00000000  200002f0  200002f0  00000000  2**0
                  ALLOC, THREAD_LOCAL
  9 .bss          000003fc  200002f0  10004b70  000062f0  2**3
                  ALLOC
 10 .heap         00000800  200006ec  10004b70  000066ec  2**2
                  ALLOC, READONLY
 11 .scratch_x    00000000  20040000  20040000  000062f0  2**0
                  CONTENTS
 12 .scratch_y    00000000  20041000  20041000  000062f0  2**0
                  CONTENTS
 13 .stack_dummy  00000800  20041000  20041000  00007000  2**5
                  ALLOC, READONLY
 14 .ARM.attributes 00000028  00000000  00000000  000062f0  2**0
                  CONTENTS, READONLY
 15 .comment      00000049  00000000  00000000  00006318  2**0
                  CONTENTS, READONLY
 16 .debug_info   000168f4  00000000  00000000  00006361  2**0
                  CONTENTS, READONLY, DEBUGGING, OCTETS
 17 .debug_abbrev 000048d8  00000000  00000000  0001cc55  2**0
                  CONTENTS, READONLY, DEBUGGING, OCTETS
 18 .debug_loc    0000dce6  00000000  00000000  0002152d  2**0
                  CONTENTS, READONLY, DEBUGGING, OCTETS
 19 .debug_aranges 00000fe0  00000000  00000000  0002f218  2**3
                  CONTENTS, READONLY, DEBUGGING, OCTETS
 20 .debug_ranges 000033b0  00000000  00000000  000301f8  2**3
                  CONTENTS, READONLY, DEBUGGING, OCTETS
 21 .debug_line   00010483  00000000  00000000  000335a8  2**0
                  CONTENTS, READONLY, DEBUGGING, OCTETS
 22 .debug_str    00004a91  00000000  00000000  00043a2b  2**0
                  CONTENTS, READONLY, DEBUGGING, OCTETS
 23 .debug_frame  00001c5c  00000000  00000000  000484bc  2**2
                  CONTENTS, READONLY, DEBUGGING, OCTETS

C:/microprocessorassignment_2/build/assign02/assign02.elf:     file format elf32-littlearm


Disassembly of section .boot2:

10000000 <__boot2_start__>:
10000000:	4b32b500 	.word	0x4b32b500
10000004:	60582021 	.word	0x60582021
10000008:	21026898 	.word	0x21026898
1000000c:	60984388 	.word	0x60984388
10000010:	611860d8 	.word	0x611860d8
10000014:	4b2e6158 	.word	0x4b2e6158
10000018:	60992100 	.word	0x60992100
1000001c:	61592102 	.word	0x61592102
10000020:	22f02101 	.word	0x22f02101
10000024:	492b5099 	.word	0x492b5099
10000028:	21016019 	.word	0x21016019
1000002c:	20356099 	.word	0x20356099
10000030:	f844f000 	.word	0xf844f000
10000034:	42902202 	.word	0x42902202
10000038:	2106d014 	.word	0x2106d014
1000003c:	f0006619 	.word	0xf0006619
10000040:	6e19f834 	.word	0x6e19f834
10000044:	66192101 	.word	0x66192101
10000048:	66182000 	.word	0x66182000
1000004c:	f000661a 	.word	0xf000661a
10000050:	6e19f82c 	.word	0x6e19f82c
10000054:	6e196e19 	.word	0x6e196e19
10000058:	f0002005 	.word	0xf0002005
1000005c:	2101f82f 	.word	0x2101f82f
10000060:	d1f94208 	.word	0xd1f94208
10000064:	60992100 	.word	0x60992100
10000068:	6019491b 	.word	0x6019491b
1000006c:	60592100 	.word	0x60592100
10000070:	481b491a 	.word	0x481b491a
10000074:	21016001 	.word	0x21016001
10000078:	21eb6099 	.word	0x21eb6099
1000007c:	21a06619 	.word	0x21a06619
10000080:	f0006619 	.word	0xf0006619
10000084:	2100f812 	.word	0x2100f812
10000088:	49166099 	.word	0x49166099
1000008c:	60014814 	.word	0x60014814
10000090:	60992101 	.word	0x60992101
10000094:	2800bc01 	.word	0x2800bc01
10000098:	4700d000 	.word	0x4700d000
1000009c:	49134812 	.word	0x49134812
100000a0:	c8036008 	.word	0xc8036008
100000a4:	8808f380 	.word	0x8808f380
100000a8:	b5034708 	.word	0xb5034708
100000ac:	20046a99 	.word	0x20046a99
100000b0:	d0fb4201 	.word	0xd0fb4201
100000b4:	42012001 	.word	0x42012001
100000b8:	bd03d1f8 	.word	0xbd03d1f8
100000bc:	6618b502 	.word	0x6618b502
100000c0:	f7ff6618 	.word	0xf7ff6618
100000c4:	6e18fff2 	.word	0x6e18fff2
100000c8:	bd026e18 	.word	0xbd026e18
100000cc:	40020000 	.word	0x40020000
100000d0:	18000000 	.word	0x18000000
100000d4:	00070000 	.word	0x00070000
100000d8:	005f0300 	.word	0x005f0300
100000dc:	00002221 	.word	0x00002221
100000e0:	180000f4 	.word	0x180000f4
100000e4:	a0002022 	.word	0xa0002022
100000e8:	10000100 	.word	0x10000100
100000ec:	e000ed08 	.word	0xe000ed08
	...
100000fc:	7a4eb274 	.word	0x7a4eb274

Disassembly of section .text:

10000100 <__VECTOR_TABLE>:
10000100:	20042000 	.word	0x20042000
10000104:	100001f7 	.word	0x100001f7
10000108:	100001cb 	.word	0x100001cb
1000010c:	100001cd 	.word	0x100001cd
10000110:	100001c9 	.word	0x100001c9
10000114:	100001c9 	.word	0x100001c9
10000118:	100001c9 	.word	0x100001c9
1000011c:	100001c9 	.word	0x100001c9
10000120:	100001c9 	.word	0x100001c9
10000124:	100001c9 	.word	0x100001c9
10000128:	100001c9 	.word	0x100001c9
1000012c:	100001cf 	.word	0x100001cf
10000130:	100001c9 	.word	0x100001c9
10000134:	100001c9 	.word	0x100001c9
10000138:	100001d1 	.word	0x100001d1
1000013c:	100001d3 	.word	0x100001d3
10000140:	100001c1 	.word	0x100001c1
10000144:	100001c1 	.word	0x100001c1
10000148:	100001c1 	.word	0x100001c1
1000014c:	100001c1 	.word	0x100001c1
10000150:	100001c1 	.word	0x100001c1
10000154:	100001c1 	.word	0x100001c1
10000158:	100001c1 	.word	0x100001c1
1000015c:	100001c1 	.word	0x100001c1
10000160:	100001c1 	.word	0x100001c1
10000164:	100001c1 	.word	0x100001c1
10000168:	100001c1 	.word	0x100001c1
1000016c:	100001c1 	.word	0x100001c1
10000170:	100001c1 	.word	0x100001c1
10000174:	100001c1 	.word	0x100001c1
10000178:	100001c1 	.word	0x100001c1
1000017c:	100001c1 	.word	0x100001c1
10000180:	100001c1 	.word	0x100001c1
10000184:	100001c1 	.word	0x100001c1
10000188:	100001c1 	.word	0x100001c1
1000018c:	100001c1 	.word	0x100001c1
10000190:	100001c1 	.word	0x100001c1
10000194:	100001c1 	.word	0x100001c1
10000198:	100001c1 	.word	0x100001c1
1000019c:	100001c1 	.word	0x100001c1
100001a0:	100001c1 	.word	0x100001c1
100001a4:	100001c1 	.word	0x100001c1
100001a8:	100001c1 	.word	0x100001c1
100001ac:	100001c1 	.word	0x100001c1
100001b0:	100001c1 	.word	0x100001c1
100001b4:	100001c1 	.word	0x100001c1
100001b8:	100001c1 	.word	0x100001c1
100001bc:	100001c1 	.word	0x100001c1

100001c0 <__unhandled_user_irq>:
100001c0:	f3ef 8005 	mrs	r0, IPSR
100001c4:	3810      	subs	r0, #16

100001c6 <unhandled_user_irq_num_in_r0>:
100001c6:	be00      	bkpt	0x0000

100001c8 <isr_invalid>:
100001c8:	be00      	bkpt	0x0000

100001ca <isr_nmi>:
100001ca:	be00      	bkpt	0x0000

100001cc <isr_hardfault>:
100001cc:	be00      	bkpt	0x0000

100001ce <isr_svcall>:
100001ce:	be00      	bkpt	0x0000

100001d0 <isr_pendsv>:
100001d0:	be00      	bkpt	0x0000

100001d2 <isr_systick>:
100001d2:	be00      	bkpt	0x0000

100001d4 <__default_isrs_end>:
100001d4:	7188ebf2 	.word	0x7188ebf2
100001d8:	10004914 	.word	0x10004914
100001dc:	10004940 	.word	0x10004940
100001e0:	10000238 	.word	0x10000238
100001e4:	e71aa390 	.word	0xe71aa390

100001e8 <_entry_point>:
100001e8:	481e      	ldr	r0, [pc, #120]	; (10000264 <data_cpy_table+0x2c>)

100001ea <_enter_vtable_in_r0>:
100001ea:	491f      	ldr	r1, [pc, #124]	; (10000268 <data_cpy_table+0x30>)
100001ec:	6008      	str	r0, [r1, #0]
100001ee:	c806      	ldmia	r0!, {r1, r2}
100001f0:	f381 8808 	msr	MSP, r1
100001f4:	4710      	bx	r2

100001f6 <_reset_handler>:
100001f6:	481d      	ldr	r0, [pc, #116]	; (1000026c <data_cpy_table+0x34>)
100001f8:	6800      	ldr	r0, [r0, #0]
100001fa:	2800      	cmp	r0, #0
100001fc:	d001      	beq.n	10000202 <hold_non_core0_in_bootrom+0x4>

100001fe <hold_non_core0_in_bootrom>:
100001fe:	4819      	ldr	r0, [pc, #100]	; (10000264 <data_cpy_table+0x2c>)
10000200:	e7f3      	b.n	100001ea <_enter_vtable_in_r0>
10000202:	a40d      	add	r4, pc, #52	; (adr r4, 10000238 <data_cpy_table>)
10000204:	cc0e      	ldmia	r4!, {r1, r2, r3}
10000206:	2900      	cmp	r1, #0
10000208:	d002      	beq.n	10000210 <hold_non_core0_in_bootrom+0x12>
1000020a:	f000 f812 	bl	10000232 <data_cpy>
1000020e:	e7f9      	b.n	10000204 <hold_non_core0_in_bootrom+0x6>
10000210:	4917      	ldr	r1, [pc, #92]	; (10000270 <data_cpy_table+0x38>)
10000212:	4a18      	ldr	r2, [pc, #96]	; (10000274 <data_cpy_table+0x3c>)
10000214:	2000      	movs	r0, #0
10000216:	e000      	b.n	1000021a <bss_fill_test>

10000218 <bss_fill_loop>:
10000218:	c101      	stmia	r1!, {r0}

1000021a <bss_fill_test>:
1000021a:	4291      	cmp	r1, r2
1000021c:	d1fc      	bne.n	10000218 <bss_fill_loop>

1000021e <platform_entry>:
1000021e:	4916      	ldr	r1, [pc, #88]	; (10000278 <data_cpy_table+0x40>)
10000220:	4788      	blx	r1
10000222:	4916      	ldr	r1, [pc, #88]	; (1000027c <data_cpy_table+0x44>)
10000224:	4788      	blx	r1
10000226:	4916      	ldr	r1, [pc, #88]	; (10000280 <data_cpy_table+0x48>)
10000228:	4788      	blx	r1
1000022a:	be00      	bkpt	0x0000
1000022c:	e7fd      	b.n	1000022a <platform_entry+0xc>

1000022e <data_cpy_loop>:
1000022e:	c901      	ldmia	r1!, {r0}
10000230:	c201      	stmia	r2!, {r0}

10000232 <data_cpy>:
10000232:	429a      	cmp	r2, r3
10000234:	d3fb      	bcc.n	1000022e <data_cpy_loop>
10000236:	4770      	bx	lr

10000238 <data_cpy_table>:
10000238:	10004940 	.word	0x10004940
1000023c:	200000c0 	.word	0x200000c0
10000240:	200002f0 	.word	0x200002f0
10000244:	10004b70 	.word	0x10004b70
10000248:	20040000 	.word	0x20040000
1000024c:	20040000 	.word	0x20040000
10000250:	10004b70 	.word	0x10004b70
10000254:	20041000 	.word	0x20041000
10000258:	20041000 	.word	0x20041000
1000025c:	00000000 	.word	0x00000000
10000260:	4770      	bx	lr
10000262:	0000      	.short	0x0000
10000264:	00000000 	.word	0x00000000
10000268:	e000ed08 	.word	0xe000ed08
1000026c:	d0000000 	.word	0xd0000000
10000270:	200002f0 	.word	0x200002f0
10000274:	200006ec 	.word	0x200006ec
10000278:	100037f1 	.word	0x100037f1
1000027c:	10000315 	.word	0x10000315
10000280:	100037ad 	.word	0x100037ad

10000284 <_init>:
10000284:	b5f8      	push	{r3, r4, r5, r6, r7, lr}
10000286:	46c0      	nop			; (mov r8, r8)

10000288 <__do_global_dtors_aux>:
10000288:	b510      	push	{r4, lr}
1000028a:	4c06      	ldr	r4, [pc, #24]	; (100002a4 <__do_global_dtors_aux+0x1c>)
1000028c:	7823      	ldrb	r3, [r4, #0]
1000028e:	2b00      	cmp	r3, #0
10000290:	d107      	bne.n	100002a2 <__do_global_dtors_aux+0x1a>
10000292:	4b05      	ldr	r3, [pc, #20]	; (100002a8 <__do_global_dtors_aux+0x20>)
10000294:	2b00      	cmp	r3, #0
10000296:	d002      	beq.n	1000029e <__do_global_dtors_aux+0x16>
10000298:	4804      	ldr	r0, [pc, #16]	; (100002ac <__do_global_dtors_aux+0x24>)
1000029a:	e000      	b.n	1000029e <__do_global_dtors_aux+0x16>
1000029c:	bf00      	nop
1000029e:	2301      	movs	r3, #1
100002a0:	7023      	strb	r3, [r4, #0]
100002a2:	bd10      	pop	{r4, pc}
100002a4:	20000470 	.word	0x20000470
100002a8:	00000000 	.word	0x00000000
100002ac:	10003dc0 	.word	0x10003dc0

100002b0 <frame_dummy>:
100002b0:	4b04      	ldr	r3, [pc, #16]	; (100002c4 <frame_dummy+0x14>)
100002b2:	b510      	push	{r4, lr}
100002b4:	2b00      	cmp	r3, #0
100002b6:	d003      	beq.n	100002c0 <frame_dummy+0x10>
100002b8:	4903      	ldr	r1, [pc, #12]	; (100002c8 <frame_dummy+0x18>)
100002ba:	4804      	ldr	r0, [pc, #16]	; (100002cc <frame_dummy+0x1c>)
100002bc:	e000      	b.n	100002c0 <frame_dummy+0x10>
100002be:	bf00      	nop
100002c0:	bd10      	pop	{r4, pc}
100002c2:	46c0      	nop			; (mov r8, r8)
100002c4:	00000000 	.word	0x00000000
100002c8:	20000474 	.word	0x20000474
100002cc:	10003dc0 	.word	0x10003dc0

100002d0 <asm_gpio_init>:
100002d0:	b510      	push	{r4, lr}
100002d2:	f000 f90f 	bl	100004f4 <gpio_init>
100002d6:	bd10      	pop	{r4, pc}

100002d8 <asm_gpio_set_dir>:
100002d8:	2301      	movs	r3, #1
100002da:	4083      	lsls	r3, r0
100002dc:	2900      	cmp	r1, #0
100002de:	d003      	beq.n	100002e8 <asm_gpio_set_dir+0x10>
100002e0:	22d0      	movs	r2, #208	; 0xd0
100002e2:	0612      	lsls	r2, r2, #24
100002e4:	6253      	str	r3, [r2, #36]	; 0x24
100002e6:	4770      	bx	lr
100002e8:	22d0      	movs	r2, #208	; 0xd0
100002ea:	0612      	lsls	r2, r2, #24
100002ec:	6293      	str	r3, [r2, #40]	; 0x28
100002ee:	e7fa      	b.n	100002e6 <asm_gpio_set_dir+0xe>

100002f0 <asm_gpio_put>:
100002f0:	2301      	movs	r3, #1
100002f2:	4083      	lsls	r3, r0
100002f4:	2900      	cmp	r1, #0
100002f6:	d003      	beq.n	10000300 <asm_gpio_put+0x10>
100002f8:	22d0      	movs	r2, #208	; 0xd0
100002fa:	0612      	lsls	r2, r2, #24
100002fc:	6153      	str	r3, [r2, #20]
100002fe:	4770      	bx	lr
10000300:	22d0      	movs	r2, #208	; 0xd0
10000302:	0612      	lsls	r2, r2, #24
10000304:	6193      	str	r3, [r2, #24]
10000306:	e7fa      	b.n	100002fe <asm_gpio_put+0xe>

10000308 <asm_gpio_set_irq>:
10000308:	b510      	push	{r4, lr}
1000030a:	2201      	movs	r2, #1
1000030c:	210c      	movs	r1, #12
1000030e:	f000 f8c9 	bl	100004a4 <gpio_set_irq_enabled>
10000312:	bd10      	pop	{r4, pc}

10000314 <main>:
10000314:	b510      	push	{r4, lr}
10000316:	f003 fb89 	bl	10003a2c <stdio_init_all>
1000031a:	f000 f809 	bl	10000330 <main_asm>
1000031e:	2000      	movs	r0, #0
10000320:	bd10      	pop	{r4, pc}
	...

10000330 <main_asm>:
10000330:	f000 f806 	bl	10000340 <install_gpio_isr>
10000334:	f000 f811 	bl	1000035a <init_btn>
10000338:	f000 f81c 	bl	10000374 <init_led>

1000033c <loop>:
1000033c:	bf30      	wfi
1000033e:	e7fd      	b.n	1000033c <loop>

10000340 <install_gpio_isr>:
10000340:	4a2b      	ldr	r2, [pc, #172]	; (100003f0 <gpio_done+0xc>)
10000342:	6811      	ldr	r1, [r2, #0]
10000344:	2274      	movs	r2, #116	; 0x74
10000346:	440a      	add	r2, r1
10000348:	482a      	ldr	r0, [pc, #168]	; (100003f4 <gpio_done+0x10>)
1000034a:	6010      	str	r0, [r2, #0]
1000034c:	482a      	ldr	r0, [pc, #168]	; (100003f8 <gpio_done+0x14>)
1000034e:	0340      	lsls	r0, r0, #13
10000350:	492a      	ldr	r1, [pc, #168]	; (100003fc <gpio_done+0x18>)
10000352:	6008      	str	r0, [r1, #0]
10000354:	492a      	ldr	r1, [pc, #168]	; (10000400 <gpio_done+0x1c>)
10000356:	6008      	str	r0, [r1, #0]
10000358:	4770      	bx	lr

1000035a <init_btn>:
1000035a:	b500      	push	{lr}
1000035c:	2015      	movs	r0, #21
1000035e:	f7ff ffb7 	bl	100002d0 <asm_gpio_init>
10000362:	2015      	movs	r0, #21
10000364:	4927      	ldr	r1, [pc, #156]	; (10000404 <gpio_done+0x20>)
10000366:	f7ff ffcf 	bl	10000308 <asm_gpio_set_irq>
1000036a:	2015      	movs	r0, #21
1000036c:	2100      	movs	r1, #0
1000036e:	f7ff ffb3 	bl	100002d8 <asm_gpio_set_dir>
10000372:	bd00      	pop	{pc}

10000374 <init_led>:
10000374:	b500      	push	{lr}
10000376:	2019      	movs	r0, #25
10000378:	f7ff ffaa 	bl	100002d0 <asm_gpio_init>
1000037c:	2019      	movs	r0, #25
1000037e:	2101      	movs	r1, #1
10000380:	f7ff ffaa 	bl	100002d8 <asm_gpio_set_dir>
10000384:	bd00      	pop	{pc}

10000386 <gpio_isr>:
10000386:	b500      	push	{lr}
10000388:	4a1f      	ldr	r2, [pc, #124]	; (10000408 <gpio_done+0x24>)
1000038a:	6811      	ldr	r1, [r2, #0]

1000038c <check_falling_edge>:
1000038c:	4b1f      	ldr	r3, [pc, #124]	; (1000040c <gpio_done+0x28>)
1000038e:	4219      	tst	r1, r3
10000390:	d00a      	beq.n	100003a8 <check_rising_edge>
10000392:	4a1f      	ldr	r2, [pc, #124]	; (10000410 <gpio_done+0x2c>)
10000394:	6013      	str	r3, [r2, #0]
10000396:	4a1f      	ldr	r2, [pc, #124]	; (10000414 <gpio_done+0x30>)
10000398:	6810      	ldr	r0, [r2, #0]
1000039a:	4a1f      	ldr	r2, [pc, #124]	; (10000418 <gpio_done+0x34>)
1000039c:	6010      	str	r0, [r2, #0]

1000039e <led_on>:
1000039e:	2019      	movs	r0, #25
100003a0:	2101      	movs	r1, #1
100003a2:	f7ff ffa5 	bl	100002f0 <asm_gpio_put>
100003a6:	e01d      	b.n	100003e4 <gpio_done>

100003a8 <check_rising_edge>:
100003a8:	4b1c      	ldr	r3, [pc, #112]	; (1000041c <gpio_done+0x38>)
100003aa:	4219      	tst	r1, r3
100003ac:	d01a      	beq.n	100003e4 <gpio_done>
100003ae:	4a18      	ldr	r2, [pc, #96]	; (10000410 <gpio_done+0x2c>)
100003b0:	6013      	str	r3, [r2, #0]
100003b2:	4a18      	ldr	r2, [pc, #96]	; (10000414 <gpio_done+0x30>)
100003b4:	6810      	ldr	r0, [r2, #0]
100003b6:	4a1a      	ldr	r2, [pc, #104]	; (10000420 <gpio_done+0x3c>)
100003b8:	6010      	str	r0, [r2, #0]
100003ba:	4a17      	ldr	r2, [pc, #92]	; (10000418 <gpio_done+0x34>)
100003bc:	6811      	ldr	r1, [r2, #0]
100003be:	1a40      	subs	r0, r0, r1
100003c0:	4a18      	ldr	r2, [pc, #96]	; (10000424 <gpio_done+0x40>)
100003c2:	6010      	str	r0, [r2, #0]

100003c4 <led_off>:
100003c4:	2019      	movs	r0, #25
100003c6:	2100      	movs	r1, #0
100003c8:	f7ff ff92 	bl	100002f0 <asm_gpio_put>
100003cc:	4a15      	ldr	r2, [pc, #84]	; (10000424 <gpio_done+0x40>)
100003ce:	6810      	ldr	r0, [r2, #0]
100003d0:	4915      	ldr	r1, [pc, #84]	; (10000428 <gpio_done+0x44>)
100003d2:	4288      	cmp	r0, r1
100003d4:	da03      	bge.n	100003de <print_dash>

100003d6 <print_dot>:
100003d6:	4815      	ldr	r0, [pc, #84]	; (1000042c <gpio_done+0x48>)
100003d8:	f003 fb5c 	bl	10003a94 <__wrap_printf>
100003dc:	e002      	b.n	100003e4 <gpio_done>

100003de <print_dash>:
100003de:	4814      	ldr	r0, [pc, #80]	; (10000430 <gpio_done+0x4c>)
100003e0:	f003 fb58 	bl	10003a94 <__wrap_printf>

100003e4 <gpio_done>:
100003e4:	bd00      	pop	{pc}
100003e6:	46c0      	nop			; (mov r8, r8)
100003e8:	46c0      	nop			; (mov r8, r8)
100003ea:	46c0      	nop			; (mov r8, r8)
100003ec:	46c0      	nop			; (mov r8, r8)
100003ee:	46c0      	nop			; (mov r8, r8)
100003f0:	e000ed08 	.word	0xe000ed08
100003f4:	10000387 	.word	0x10000387
100003f8:	00000001 	.word	0x00000001
100003fc:	e000e280 	.word	0xe000e280
10000400:	e000e100 	.word	0xe000e100
10000404:	0000000c 	.word	0x0000000c
10000408:	40014128 	.word	0x40014128
1000040c:	00400000 	.word	0x00400000
10000410:	400140f8 	.word	0x400140f8
10000414:	4005400c 	.word	0x4005400c
10000418:	20000238 	.word	0x20000238
1000041c:	00800000 	.word	0x00800000
10000420:	2000023c 	.word	0x2000023c
10000424:	20000240 	.word	0x20000240
10000428:	0002bf20 	.word	0x0002bf20
1000042c:	20000248 	.word	0x20000248
10000430:	2000024b 	.word	0x2000024b

10000434 <_gpio_set_irq_enabled>:
10000434:	b530      	push	{r4, r5, lr}
10000436:	2407      	movs	r4, #7
10000438:	4004      	ands	r4, r0
1000043a:	00a4      	lsls	r4, r4, #2
1000043c:	08c0      	lsrs	r0, r0, #3
1000043e:	40a1      	lsls	r1, r4
10000440:	0004      	movs	r4, r0
10000442:	343c      	adds	r4, #60	; 0x3c
10000444:	00a4      	lsls	r4, r4, #2
10000446:	4d09      	ldr	r5, [pc, #36]	; (1000046c <_gpio_set_irq_enabled+0x38>)
10000448:	5161      	str	r1, [r4, r5]
1000044a:	0080      	lsls	r0, r0, #2
1000044c:	1818      	adds	r0, r3, r0
1000044e:	2a00      	cmp	r2, #0
10000450:	d005      	beq.n	1000045e <_gpio_set_irq_enabled+0x2a>
10000452:	2380      	movs	r3, #128	; 0x80
10000454:	019b      	lsls	r3, r3, #6
10000456:	469c      	mov	ip, r3
10000458:	4460      	add	r0, ip
1000045a:	6001      	str	r1, [r0, #0]
1000045c:	bd30      	pop	{r4, r5, pc}
1000045e:	23c0      	movs	r3, #192	; 0xc0
10000460:	019b      	lsls	r3, r3, #6
10000462:	469c      	mov	ip, r3
10000464:	4460      	add	r0, ip
10000466:	6001      	str	r1, [r0, #0]
10000468:	e7f8      	b.n	1000045c <_gpio_set_irq_enabled+0x28>
1000046a:	46c0      	nop			; (mov r8, r8)
1000046c:	40014000 	.word	0x40014000

10000470 <gpio_set_function>:
10000470:	b510      	push	{r4, lr}
10000472:	0083      	lsls	r3, r0, #2
10000474:	4a08      	ldr	r2, [pc, #32]	; (10000498 <gpio_set_function+0x28>)
10000476:	189a      	adds	r2, r3, r2
10000478:	6812      	ldr	r2, [r2, #0]
1000047a:	2440      	movs	r4, #64	; 0x40
1000047c:	4054      	eors	r4, r2
1000047e:	22c0      	movs	r2, #192	; 0xc0
10000480:	4022      	ands	r2, r4
10000482:	4c06      	ldr	r4, [pc, #24]	; (1000049c <gpio_set_function+0x2c>)
10000484:	46a4      	mov	ip, r4
10000486:	4463      	add	r3, ip
10000488:	601a      	str	r2, [r3, #0]
1000048a:	00c0      	lsls	r0, r0, #3
1000048c:	4b04      	ldr	r3, [pc, #16]	; (100004a0 <gpio_set_function+0x30>)
1000048e:	469c      	mov	ip, r3
10000490:	4460      	add	r0, ip
10000492:	6041      	str	r1, [r0, #4]
10000494:	bd10      	pop	{r4, pc}
10000496:	46c0      	nop			; (mov r8, r8)
10000498:	4001c004 	.word	0x4001c004
1000049c:	4001d004 	.word	0x4001d004
100004a0:	40014000 	.word	0x40014000

100004a4 <gpio_set_irq_enabled>:
100004a4:	b570      	push	{r4, r5, r6, lr}
100004a6:	0006      	movs	r6, r0
100004a8:	000d      	movs	r5, r1
100004aa:	1e14      	subs	r4, r2, #0
100004ac:	d10b      	bne.n	100004c6 <gpio_set_irq_enabled+0x22>
100004ae:	23d0      	movs	r3, #208	; 0xd0
100004b0:	061b      	lsls	r3, r3, #24
100004b2:	681b      	ldr	r3, [r3, #0]
100004b4:	2b00      	cmp	r3, #0
100004b6:	d011      	beq.n	100004dc <gpio_set_irq_enabled+0x38>
100004b8:	4b09      	ldr	r3, [pc, #36]	; (100004e0 <gpio_set_irq_enabled+0x3c>)
100004ba:	0022      	movs	r2, r4
100004bc:	0029      	movs	r1, r5
100004be:	0030      	movs	r0, r6
100004c0:	f7ff ffb8 	bl	10000434 <_gpio_set_irq_enabled>
100004c4:	bd70      	pop	{r4, r5, r6, pc}
100004c6:	200d      	movs	r0, #13
100004c8:	f000 f91e 	bl	10000708 <irq_has_handler>
100004cc:	2800      	cmp	r0, #0
100004ce:	d1ee      	bne.n	100004ae <gpio_set_irq_enabled+0xa>
100004d0:	4b04      	ldr	r3, [pc, #16]	; (100004e4 <gpio_set_irq_enabled+0x40>)
100004d2:	4a05      	ldr	r2, [pc, #20]	; (100004e8 <gpio_set_irq_enabled+0x44>)
100004d4:	21bd      	movs	r1, #189	; 0xbd
100004d6:	4805      	ldr	r0, [pc, #20]	; (100004ec <gpio_set_irq_enabled+0x48>)
100004d8:	f003 f96c 	bl	100037b4 <__assert_func>
100004dc:	4b04      	ldr	r3, [pc, #16]	; (100004f0 <gpio_set_irq_enabled+0x4c>)
100004de:	e7ec      	b.n	100004ba <gpio_set_irq_enabled+0x16>
100004e0:	40014130 	.word	0x40014130
100004e4:	10003dc0 	.word	0x10003dc0
100004e8:	10003e38 	.word	0x10003e38
100004ec:	10003dec 	.word	0x10003dec
100004f0:	40014100 	.word	0x40014100

100004f4 <gpio_init>:
100004f4:	b510      	push	{r4, lr}
100004f6:	2301      	movs	r3, #1
100004f8:	4083      	lsls	r3, r0
100004fa:	22d0      	movs	r2, #208	; 0xd0
100004fc:	0612      	lsls	r2, r2, #24
100004fe:	6293      	str	r3, [r2, #40]	; 0x28
10000500:	6193      	str	r3, [r2, #24]
10000502:	2105      	movs	r1, #5
10000504:	f7ff ffb4 	bl	10000470 <gpio_set_function>
10000508:	bd10      	pop	{r4, pc}
	...

1000050c <panic>:
1000050c:	b40f      	push	{r0, r1, r2, r3}
1000050e:	b500      	push	{lr}
10000510:	b083      	sub	sp, #12
10000512:	4808      	ldr	r0, [pc, #32]	; (10000534 <panic+0x28>)
10000514:	f003 fa8f 	bl	10003a36 <__wrap_puts>
10000518:	9b04      	ldr	r3, [sp, #16]
1000051a:	2b00      	cmp	r3, #0
1000051c:	d007      	beq.n	1000052e <panic+0x22>
1000051e:	a905      	add	r1, sp, #20
10000520:	9101      	str	r1, [sp, #4]
10000522:	0018      	movs	r0, r3
10000524:	f003 fa96 	bl	10003a54 <__wrap_vprintf>
10000528:	4803      	ldr	r0, [pc, #12]	; (10000538 <panic+0x2c>)
1000052a:	f003 fa84 	bl	10003a36 <__wrap_puts>
1000052e:	2001      	movs	r0, #1
10000530:	f003 f93a 	bl	100037a8 <_exit>
10000534:	10003e50 	.word	0x10003e50
10000538:	10003e60 	.word	0x10003e60

1000053c <hw_claim_lock>:
1000053c:	f3ef 8010 	mrs	r0, PRIMASK
10000540:	b672      	cpsid	i
10000542:	4b03      	ldr	r3, [pc, #12]	; (10000550 <hw_claim_lock+0x14>)
10000544:	681b      	ldr	r3, [r3, #0]
10000546:	2b00      	cmp	r3, #0
10000548:	d0fb      	beq.n	10000542 <hw_claim_lock+0x6>
1000054a:	f3bf 8f5f 	dmb	sy
1000054e:	4770      	bx	lr
10000550:	d000012c 	.word	0xd000012c

10000554 <hw_claim_unlock>:
10000554:	f3bf 8f5f 	dmb	sy
10000558:	4b02      	ldr	r3, [pc, #8]	; (10000564 <hw_claim_unlock+0x10>)
1000055a:	2200      	movs	r2, #0
1000055c:	601a      	str	r2, [r3, #0]
1000055e:	f380 8810 	msr	PRIMASK, r0
10000562:	4770      	bx	lr
10000564:	d000012c 	.word	0xd000012c

10000568 <hw_claim_or_assert>:
10000568:	b5f8      	push	{r3, r4, r5, r6, r7, lr}
1000056a:	0006      	movs	r6, r0
1000056c:	000c      	movs	r4, r1
1000056e:	0015      	movs	r5, r2
10000570:	f7ff ffe4 	bl	1000053c <hw_claim_lock>
10000574:	08e3      	lsrs	r3, r4, #3
10000576:	18f7      	adds	r7, r6, r3
10000578:	5cf1      	ldrb	r1, [r6, r3]
1000057a:	2207      	movs	r2, #7
1000057c:	4022      	ands	r2, r4
1000057e:	2301      	movs	r3, #1
10000580:	4093      	lsls	r3, r2
10000582:	420b      	tst	r3, r1
10000584:	d105      	bne.n	10000592 <hw_claim_or_assert+0x2a>
10000586:	b2db      	uxtb	r3, r3
10000588:	430b      	orrs	r3, r1
1000058a:	703b      	strb	r3, [r7, #0]
1000058c:	f7ff ffe2 	bl	10000554 <hw_claim_unlock>
10000590:	bdf8      	pop	{r3, r4, r5, r6, r7, pc}
10000592:	0021      	movs	r1, r4
10000594:	0028      	movs	r0, r5
10000596:	f7ff ffb9 	bl	1000050c <panic>
	...

1000059c <next_striped_spin_lock_num>:
1000059c:	4a05      	ldr	r2, [pc, #20]	; (100005b4 <next_striped_spin_lock_num+0x18>)
1000059e:	7810      	ldrb	r0, [r2, #0]
100005a0:	1c43      	adds	r3, r0, #1
100005a2:	b2db      	uxtb	r3, r3
100005a4:	7013      	strb	r3, [r2, #0]
100005a6:	2b17      	cmp	r3, #23
100005a8:	d902      	bls.n	100005b0 <next_striped_spin_lock_num+0x14>
100005aa:	0013      	movs	r3, r2
100005ac:	2210      	movs	r2, #16
100005ae:	701a      	strb	r2, [r3, #0]
100005b0:	4770      	bx	lr
100005b2:	46c0      	nop			; (mov r8, r8)
100005b4:	2000024e 	.word	0x2000024e

100005b8 <spin_locks_reset>:
100005b8:	2300      	movs	r3, #0
100005ba:	e007      	b.n	100005cc <spin_locks_reset+0x14>
100005bc:	4a05      	ldr	r2, [pc, #20]	; (100005d4 <spin_locks_reset+0x1c>)
100005be:	189a      	adds	r2, r3, r2
100005c0:	0092      	lsls	r2, r2, #2
100005c2:	f3bf 8f5f 	dmb	sy
100005c6:	2100      	movs	r1, #0
100005c8:	6011      	str	r1, [r2, #0]
100005ca:	3301      	adds	r3, #1
100005cc:	2b1f      	cmp	r3, #31
100005ce:	d9f5      	bls.n	100005bc <spin_locks_reset+0x4>
100005d0:	4770      	bx	lr
100005d2:	46c0      	nop			; (mov r8, r8)
100005d4:	34000040 	.word	0x34000040

100005d8 <set_raw_irq_handler_and_unlock>:
100005d8:	4b07      	ldr	r3, [pc, #28]	; (100005f8 <set_raw_irq_handler_and_unlock+0x20>)
100005da:	689b      	ldr	r3, [r3, #8]
100005dc:	3010      	adds	r0, #16
100005de:	0080      	lsls	r0, r0, #2
100005e0:	5019      	str	r1, [r3, r0]
100005e2:	f3bf 8f5f 	dmb	sy
100005e6:	f3bf 8f5f 	dmb	sy
100005ea:	4b04      	ldr	r3, [pc, #16]	; (100005fc <set_raw_irq_handler_and_unlock+0x24>)
100005ec:	2100      	movs	r1, #0
100005ee:	6019      	str	r1, [r3, #0]
100005f0:	f382 8810 	msr	PRIMASK, r2
100005f4:	4770      	bx	lr
100005f6:	46c0      	nop			; (mov r8, r8)
100005f8:	e000ed00 	.word	0xe000ed00
100005fc:	d0000124 	.word	0xd0000124

10000600 <nvic_ipr0>:
10000600:	4800      	ldr	r0, [pc, #0]	; (10000604 <nvic_ipr0+0x4>)
10000602:	4770      	bx	lr
10000604:	e000e400 	.word	0xe000e400

10000608 <runtime_init_per_core_irq_priorities>:
10000608:	b510      	push	{r4, lr}
1000060a:	f7ff fff9 	bl	10000600 <nvic_ipr0>
1000060e:	2300      	movs	r3, #0
10000610:	e002      	b.n	10000618 <runtime_init_per_core_irq_priorities+0x10>
10000612:	4a03      	ldr	r2, [pc, #12]	; (10000620 <runtime_init_per_core_irq_priorities+0x18>)
10000614:	c004      	stmia	r0!, {r2}
10000616:	3301      	adds	r3, #1
10000618:	2b07      	cmp	r3, #7
1000061a:	d9fa      	bls.n	10000612 <runtime_init_per_core_irq_priorities+0xa>
1000061c:	bd10      	pop	{r4, pc}
1000061e:	46c0      	nop			; (mov r8, r8)
10000620:	80808080 	.word	0x80808080

10000624 <make_j_16>:
10000624:	b510      	push	{r4, lr}
10000626:	1a09      	subs	r1, r1, r0
10000628:	1f08      	subs	r0, r1, #4
1000062a:	4b0b      	ldr	r3, [pc, #44]	; (10000658 <make_j_16+0x34>)
1000062c:	469c      	mov	ip, r3
1000062e:	4461      	add	r1, ip
10000630:	4a0a      	ldr	r2, [pc, #40]	; (1000065c <make_j_16+0x38>)
10000632:	4291      	cmp	r1, r2
10000634:	d808      	bhi.n	10000648 <make_j_16+0x24>
10000636:	07c3      	lsls	r3, r0, #31
10000638:	d406      	bmi.n	10000648 <make_j_16+0x24>
1000063a:	1040      	asrs	r0, r0, #1
1000063c:	0540      	lsls	r0, r0, #21
1000063e:	0d40      	lsrs	r0, r0, #21
10000640:	4b07      	ldr	r3, [pc, #28]	; (10000660 <make_j_16+0x3c>)
10000642:	4318      	orrs	r0, r3
10000644:	b280      	uxth	r0, r0
10000646:	bd10      	pop	{r4, pc}
10000648:	2187      	movs	r1, #135	; 0x87
1000064a:	4b06      	ldr	r3, [pc, #24]	; (10000664 <make_j_16+0x40>)
1000064c:	4a06      	ldr	r2, [pc, #24]	; (10000668 <make_j_16+0x44>)
1000064e:	0049      	lsls	r1, r1, #1
10000650:	4806      	ldr	r0, [pc, #24]	; (1000066c <make_j_16+0x48>)
10000652:	f003 f8af 	bl	100037b4 <__assert_func>
10000656:	46c0      	nop			; (mov r8, r8)
10000658:	000007fc 	.word	0x000007fc
1000065c:	00000ffe 	.word	0x00000ffe
10000660:	ffffe000 	.word	0xffffe000
10000664:	10003e64 	.word	0x10003e64
10000668:	100040cc 	.word	0x100040cc
1000066c:	10003e94 	.word	0x10003e94

10000670 <insert_bl_32>:
10000670:	b510      	push	{r4, lr}
10000672:	1a09      	subs	r1, r1, r0
10000674:	3904      	subs	r1, #4
10000676:	084c      	lsrs	r4, r1, #1
10000678:	0b09      	lsrs	r1, r1, #12
1000067a:	d108      	bne.n	1000068e <insert_bl_32+0x1e>
1000067c:	0549      	lsls	r1, r1, #21
1000067e:	0d49      	lsrs	r1, r1, #21
10000680:	4a06      	ldr	r2, [pc, #24]	; (1000069c <insert_bl_32+0x2c>)
10000682:	4311      	orrs	r1, r2
10000684:	8001      	strh	r1, [r0, #0]
10000686:	4b06      	ldr	r3, [pc, #24]	; (100006a0 <insert_bl_32+0x30>)
10000688:	4323      	orrs	r3, r4
1000068a:	8043      	strh	r3, [r0, #2]
1000068c:	bd10      	pop	{r4, pc}
1000068e:	218b      	movs	r1, #139	; 0x8b
10000690:	4b04      	ldr	r3, [pc, #16]	; (100006a4 <insert_bl_32+0x34>)
10000692:	4a05      	ldr	r2, [pc, #20]	; (100006a8 <insert_bl_32+0x38>)
10000694:	0049      	lsls	r1, r1, #1
10000696:	4805      	ldr	r0, [pc, #20]	; (100006ac <insert_bl_32+0x3c>)
10000698:	f003 f88c 	bl	100037b4 <__assert_func>
1000069c:	fffff000 	.word	0xfffff000
100006a0:	fffff800 	.word	0xfffff800
100006a4:	10003ee0 	.word	0x10003ee0
100006a8:	100040a8 	.word	0x100040a8
100006ac:	10003e94 	.word	0x10003e94

100006b0 <irq_is_enabled>:
100006b0:	2301      	movs	r3, #1
100006b2:	4083      	lsls	r3, r0
100006b4:	4a03      	ldr	r2, [pc, #12]	; (100006c4 <irq_is_enabled+0x14>)
100006b6:	6810      	ldr	r0, [r2, #0]
100006b8:	4018      	ands	r0, r3
100006ba:	1e43      	subs	r3, r0, #1
100006bc:	4198      	sbcs	r0, r3
100006be:	b2c0      	uxtb	r0, r0
100006c0:	4770      	bx	lr
100006c2:	46c0      	nop			; (mov r8, r8)
100006c4:	e000e100 	.word	0xe000e100

100006c8 <irq_set_mask_n_enabled>:
100006c8:	2a00      	cmp	r2, #0
100006ca:	d005      	beq.n	100006d8 <irq_set_mask_n_enabled+0x10>
100006cc:	4b04      	ldr	r3, [pc, #16]	; (100006e0 <irq_set_mask_n_enabled+0x18>)
100006ce:	22c0      	movs	r2, #192	; 0xc0
100006d0:	0052      	lsls	r2, r2, #1
100006d2:	5099      	str	r1, [r3, r2]
100006d4:	6019      	str	r1, [r3, #0]
100006d6:	4770      	bx	lr
100006d8:	4a01      	ldr	r2, [pc, #4]	; (100006e0 <irq_set_mask_n_enabled+0x18>)
100006da:	2380      	movs	r3, #128	; 0x80
100006dc:	50d1      	str	r1, [r2, r3]
100006de:	e7fa      	b.n	100006d6 <irq_set_mask_n_enabled+0xe>
100006e0:	e000e100 	.word	0xe000e100

100006e4 <irq_set_enabled>:
100006e4:	b510      	push	{r4, lr}
100006e6:	000a      	movs	r2, r1
100006e8:	231f      	movs	r3, #31
100006ea:	4003      	ands	r3, r0
100006ec:	2101      	movs	r1, #1
100006ee:	4099      	lsls	r1, r3
100006f0:	0940      	lsrs	r0, r0, #5
100006f2:	f7ff ffe9 	bl	100006c8 <irq_set_mask_n_enabled>
100006f6:	bd10      	pop	{r4, pc}

100006f8 <irq_get_vtable_handler>:
100006f8:	4b02      	ldr	r3, [pc, #8]	; (10000704 <irq_get_vtable_handler+0xc>)
100006fa:	689b      	ldr	r3, [r3, #8]
100006fc:	3010      	adds	r0, #16
100006fe:	0080      	lsls	r0, r0, #2
10000700:	58c0      	ldr	r0, [r0, r3]
10000702:	4770      	bx	lr
10000704:	e000ed00 	.word	0xe000ed00

10000708 <irq_has_handler>:
10000708:	b510      	push	{r4, lr}
1000070a:	f7ff fff5 	bl	100006f8 <irq_get_vtable_handler>
1000070e:	2800      	cmp	r0, #0
10000710:	d006      	beq.n	10000720 <irq_has_handler+0x18>
10000712:	4b04      	ldr	r3, [pc, #16]	; (10000724 <irq_has_handler+0x1c>)
10000714:	4298      	cmp	r0, r3
10000716:	d001      	beq.n	1000071c <irq_has_handler+0x14>
10000718:	2001      	movs	r0, #1
1000071a:	bd10      	pop	{r4, pc}
1000071c:	2000      	movs	r0, #0
1000071e:	e7fc      	b.n	1000071a <irq_has_handler+0x12>
10000720:	2000      	movs	r0, #0
10000722:	e7fa      	b.n	1000071a <irq_has_handler+0x12>
10000724:	100001c1 	.word	0x100001c1

10000728 <irq_set_exclusive_handler>:
10000728:	b570      	push	{r4, r5, r6, lr}
1000072a:	0004      	movs	r4, r0
1000072c:	000d      	movs	r5, r1
1000072e:	f3ef 8610 	mrs	r6, PRIMASK
10000732:	b672      	cpsid	i
10000734:	4b0c      	ldr	r3, [pc, #48]	; (10000768 <irq_set_exclusive_handler+0x40>)
10000736:	681b      	ldr	r3, [r3, #0]
10000738:	2b00      	cmp	r3, #0
1000073a:	d0fb      	beq.n	10000734 <irq_set_exclusive_handler+0xc>
1000073c:	f3bf 8f5f 	dmb	sy
10000740:	0020      	movs	r0, r4
10000742:	f7ff ffd9 	bl	100006f8 <irq_get_vtable_handler>
10000746:	4b09      	ldr	r3, [pc, #36]	; (1000076c <irq_set_exclusive_handler+0x44>)
10000748:	4298      	cmp	r0, r3
1000074a:	d001      	beq.n	10000750 <irq_set_exclusive_handler+0x28>
1000074c:	42a8      	cmp	r0, r5
1000074e:	d105      	bne.n	1000075c <irq_set_exclusive_handler+0x34>
10000750:	0032      	movs	r2, r6
10000752:	0029      	movs	r1, r5
10000754:	0020      	movs	r0, r4
10000756:	f7ff ff3f 	bl	100005d8 <set_raw_irq_handler_and_unlock>
1000075a:	bd70      	pop	{r4, r5, r6, pc}
1000075c:	4b04      	ldr	r3, [pc, #16]	; (10000770 <irq_set_exclusive_handler+0x48>)
1000075e:	4a05      	ldr	r2, [pc, #20]	; (10000774 <irq_set_exclusive_handler+0x4c>)
10000760:	21ed      	movs	r1, #237	; 0xed
10000762:	4805      	ldr	r0, [pc, #20]	; (10000778 <irq_set_exclusive_handler+0x50>)
10000764:	f003 f826 	bl	100037b4 <__assert_func>
10000768:	d0000124 	.word	0xd0000124
1000076c:	100001c1 	.word	0x100001c1
10000770:	10003ef0 	.word	0x10003ef0
10000774:	100040e8 	.word	0x100040e8
10000778:	10003e94 	.word	0x10003e94

1000077c <irq_remove_handler>:
1000077c:	b5f0      	push	{r4, r5, r6, r7, lr}
1000077e:	46ce      	mov	lr, r9
10000780:	4647      	mov	r7, r8
10000782:	b580      	push	{r7, lr}
10000784:	b083      	sub	sp, #12
10000786:	0006      	movs	r6, r0
10000788:	000d      	movs	r5, r1
1000078a:	f3ef 8810 	mrs	r8, PRIMASK
1000078e:	b672      	cpsid	i
10000790:	4b56      	ldr	r3, [pc, #344]	; (100008ec <irq_remove_handler+0x170>)
10000792:	681b      	ldr	r3, [r3, #0]
10000794:	2b00      	cmp	r3, #0
10000796:	d0fb      	beq.n	10000790 <irq_remove_handler+0x14>
10000798:	f3bf 8f5f 	dmb	sy
1000079c:	4b54      	ldr	r3, [pc, #336]	; (100008f0 <irq_remove_handler+0x174>)
1000079e:	689a      	ldr	r2, [r3, #8]
100007a0:	0034      	movs	r4, r6
100007a2:	3410      	adds	r4, #16
100007a4:	00a3      	lsls	r3, r4, #2
100007a6:	58d7      	ldr	r7, [r2, r3]
100007a8:	4b52      	ldr	r3, [pc, #328]	; (100008f4 <irq_remove_handler+0x178>)
100007aa:	429f      	cmp	r7, r3
100007ac:	d007      	beq.n	100007be <irq_remove_handler+0x42>
100007ae:	42af      	cmp	r7, r5
100007b0:	d100      	bne.n	100007b4 <irq_remove_handler+0x38>
100007b2:	e098      	b.n	100008e6 <irq_remove_handler+0x16a>
100007b4:	9701      	str	r7, [sp, #4]
100007b6:	4b50      	ldr	r3, [pc, #320]	; (100008f8 <irq_remove_handler+0x17c>)
100007b8:	1afb      	subs	r3, r7, r3
100007ba:	2b2f      	cmp	r3, #47	; 0x2f
100007bc:	d909      	bls.n	100007d2 <irq_remove_handler+0x56>
100007be:	4642      	mov	r2, r8
100007c0:	0039      	movs	r1, r7
100007c2:	0030      	movs	r0, r6
100007c4:	f7ff ff08 	bl	100005d8 <set_raw_irq_handler_and_unlock>
100007c8:	b003      	add	sp, #12
100007ca:	bcc0      	pop	{r6, r7}
100007cc:	46b9      	mov	r9, r7
100007ce:	46b0      	mov	r8, r6
100007d0:	bdf0      	pop	{r4, r5, r6, r7, pc}
100007d2:	0030      	movs	r0, r6
100007d4:	f7ff ff6c 	bl	100006b0 <irq_is_enabled>
100007d8:	4681      	mov	r9, r0
100007da:	2100      	movs	r1, #0
100007dc:	0030      	movs	r0, r6
100007de:	f7ff ff81 	bl	100006e4 <irq_set_enabled>
100007e2:	f3bf 8f5f 	dmb	sy
100007e6:	f3ef 8105 	mrs	r1, IPSR
100007ea:	2900      	cmp	r1, #0
100007ec:	d001      	beq.n	100007f2 <irq_remove_handler+0x76>
100007ee:	428c      	cmp	r4, r1
100007f0:	d111      	bne.n	10000816 <irq_remove_handler+0x9a>
100007f2:	2301      	movs	r3, #1
100007f4:	9c01      	ldr	r4, [sp, #4]
100007f6:	439c      	bics	r4, r3
100007f8:	2200      	movs	r2, #0
100007fa:	68a3      	ldr	r3, [r4, #8]
100007fc:	429d      	cmp	r5, r3
100007fe:	d011      	beq.n	10000824 <irq_remove_handler+0xa8>
10000800:	2206      	movs	r2, #6
10000802:	56a2      	ldrsb	r2, [r4, r2]
10000804:	2a00      	cmp	r2, #0
10000806:	db0c      	blt.n	10000822 <irq_remove_handler+0xa6>
10000808:	0053      	lsls	r3, r2, #1
1000080a:	189b      	adds	r3, r3, r2
1000080c:	009b      	lsls	r3, r3, #2
1000080e:	0022      	movs	r2, r4
10000810:	4c39      	ldr	r4, [pc, #228]	; (100008f8 <irq_remove_handler+0x17c>)
10000812:	18e4      	adds	r4, r4, r3
10000814:	e7f1      	b.n	100007fa <irq_remove_handler+0x7e>
10000816:	4b39      	ldr	r3, [pc, #228]	; (100008fc <irq_remove_handler+0x180>)
10000818:	4a39      	ldr	r2, [pc, #228]	; (10000900 <irq_remove_handler+0x184>)
1000081a:	493a      	ldr	r1, [pc, #232]	; (10000904 <irq_remove_handler+0x188>)
1000081c:	483a      	ldr	r0, [pc, #232]	; (10000908 <irq_remove_handler+0x18c>)
1000081e:	f002 ffc9 	bl	100037b4 <__assert_func>
10000822:	0022      	movs	r2, r4
10000824:	429d      	cmp	r5, r3
10000826:	d157      	bne.n	100008d8 <irq_remove_handler+0x15c>
10000828:	2506      	movs	r5, #6
1000082a:	5765      	ldrsb	r5, [r4, r5]
1000082c:	2d00      	cmp	r5, #0
1000082e:	db39      	blt.n	100008a4 <irq_remove_handler+0x128>
10000830:	006b      	lsls	r3, r5, #1
10000832:	195b      	adds	r3, r3, r5
10000834:	009a      	lsls	r2, r3, #2
10000836:	4b30      	ldr	r3, [pc, #192]	; (100008f8 <irq_remove_handler+0x17c>)
10000838:	189b      	adds	r3, r3, r2
1000083a:	689a      	ldr	r2, [r3, #8]
1000083c:	60a2      	str	r2, [r4, #8]
1000083e:	79da      	ldrb	r2, [r3, #7]
10000840:	71e2      	strb	r2, [r4, #7]
10000842:	2206      	movs	r2, #6
10000844:	569a      	ldrsb	r2, [r3, r2]
10000846:	71a2      	strb	r2, [r4, #6]
10000848:	799b      	ldrb	r3, [r3, #6]
1000084a:	b25b      	sxtb	r3, r3
1000084c:	2b00      	cmp	r3, #0
1000084e:	da0f      	bge.n	10000870 <irq_remove_handler+0xf4>
10000850:	482e      	ldr	r0, [pc, #184]	; (1000090c <irq_remove_handler+0x190>)
10000852:	80a0      	strh	r0, [r4, #4]
10000854:	006b      	lsls	r3, r5, #1
10000856:	195b      	adds	r3, r3, r5
10000858:	009b      	lsls	r3, r3, #2
1000085a:	4a27      	ldr	r2, [pc, #156]	; (100008f8 <irq_remove_handler+0x17c>)
1000085c:	18d3      	adds	r3, r2, r3
1000085e:	4a2c      	ldr	r2, [pc, #176]	; (10000910 <irq_remove_handler+0x194>)
10000860:	7811      	ldrb	r1, [r2, #0]
10000862:	7199      	strb	r1, [r3, #6]
10000864:	7015      	strb	r5, [r2, #0]
10000866:	4649      	mov	r1, r9
10000868:	0030      	movs	r0, r6
1000086a:	f7ff ff3b 	bl	100006e4 <irq_set_enabled>
1000086e:	e7a6      	b.n	100007be <irq_remove_handler+0x42>
10000870:	1d20      	adds	r0, r4, #4
10000872:	006b      	lsls	r3, r5, #1
10000874:	195b      	adds	r3, r3, r5
10000876:	009b      	lsls	r3, r3, #2
10000878:	4a1f      	ldr	r2, [pc, #124]	; (100008f8 <irq_remove_handler+0x17c>)
1000087a:	189b      	adds	r3, r3, r2
1000087c:	1d1a      	adds	r2, r3, #4
1000087e:	889b      	ldrh	r3, [r3, #4]
10000880:	0ad9      	lsrs	r1, r3, #11
10000882:	291c      	cmp	r1, #28
10000884:	d107      	bne.n	10000896 <irq_remove_handler+0x11a>
10000886:	055b      	lsls	r3, r3, #21
10000888:	155b      	asrs	r3, r3, #21
1000088a:	3302      	adds	r3, #2
1000088c:	0059      	lsls	r1, r3, #1
1000088e:	1851      	adds	r1, r2, r1
10000890:	f7ff fec8 	bl	10000624 <make_j_16>
10000894:	e7dd      	b.n	10000852 <irq_remove_handler+0xd6>
10000896:	218e      	movs	r1, #142	; 0x8e
10000898:	4b1e      	ldr	r3, [pc, #120]	; (10000914 <irq_remove_handler+0x198>)
1000089a:	4a1f      	ldr	r2, [pc, #124]	; (10000918 <irq_remove_handler+0x19c>)
1000089c:	0049      	lsls	r1, r1, #1
1000089e:	481a      	ldr	r0, [pc, #104]	; (10000908 <irq_remove_handler+0x18c>)
100008a0:	f002 ff88 	bl	100037b4 <__assert_func>
100008a4:	2900      	cmp	r1, #0
100008a6:	d112      	bne.n	100008ce <irq_remove_handler+0x152>
100008a8:	2a00      	cmp	r2, #0
100008aa:	d00e      	beq.n	100008ca <irq_remove_handler+0x14e>
100008ac:	23ff      	movs	r3, #255	; 0xff
100008ae:	7193      	strb	r3, [r2, #6]
100008b0:	4b1a      	ldr	r3, [pc, #104]	; (1000091c <irq_remove_handler+0x1a0>)
100008b2:	8093      	strh	r3, [r2, #4]
100008b4:	4a16      	ldr	r2, [pc, #88]	; (10000910 <irq_remove_handler+0x194>)
100008b6:	7813      	ldrb	r3, [r2, #0]
100008b8:	71a3      	strb	r3, [r4, #6]
100008ba:	4b19      	ldr	r3, [pc, #100]	; (10000920 <irq_remove_handler+0x1a4>)
100008bc:	490e      	ldr	r1, [pc, #56]	; (100008f8 <irq_remove_handler+0x17c>)
100008be:	1a64      	subs	r4, r4, r1
100008c0:	4164      	adcs	r4, r4
100008c2:	4363      	muls	r3, r4
100008c4:	0d1b      	lsrs	r3, r3, #20
100008c6:	7013      	strb	r3, [r2, #0]
100008c8:	e7cd      	b.n	10000866 <irq_remove_handler+0xea>
100008ca:	4f0a      	ldr	r7, [pc, #40]	; (100008f4 <irq_remove_handler+0x178>)
100008cc:	e7f2      	b.n	100008b4 <irq_remove_handler+0x138>
100008ce:	1d20      	adds	r0, r4, #4
100008d0:	4914      	ldr	r1, [pc, #80]	; (10000924 <irq_remove_handler+0x1a8>)
100008d2:	f7ff fecd 	bl	10000670 <insert_bl_32>
100008d6:	e7c6      	b.n	10000866 <irq_remove_handler+0xea>
100008d8:	2191      	movs	r1, #145	; 0x91
100008da:	4b13      	ldr	r3, [pc, #76]	; (10000928 <irq_remove_handler+0x1ac>)
100008dc:	4a08      	ldr	r2, [pc, #32]	; (10000900 <irq_remove_handler+0x184>)
100008de:	0089      	lsls	r1, r1, #2
100008e0:	4809      	ldr	r0, [pc, #36]	; (10000908 <irq_remove_handler+0x18c>)
100008e2:	f002 ff67 	bl	100037b4 <__assert_func>
100008e6:	4f03      	ldr	r7, [pc, #12]	; (100008f4 <irq_remove_handler+0x178>)
100008e8:	e769      	b.n	100007be <irq_remove_handler+0x42>
100008ea:	46c0      	nop			; (mov r8, r8)
100008ec:	d0000124 	.word	0xd0000124
100008f0:	e000ed00 	.word	0xe000ed00
100008f4:	100001c1 	.word	0x100001c1
100008f8:	20000250 	.word	0x20000250
100008fc:	10004014 	.word	0x10004014
10000900:	100040b8 	.word	0x100040b8
10000904:	00000202 	.word	0x00000202
10000908:	10003e94 	.word	0x10003e94
1000090c:	0000bd01 	.word	0x0000bd01
10000910:	200006e8 	.word	0x200006e8
10000914:	10003ffc 	.word	0x10003ffc
10000918:	100040d8 	.word	0x100040d8
1000091c:	ffffbd01 	.word	0xffffbd01
10000920:	0000aaaa 	.word	0x0000aaaa
10000924:	2000028a 	.word	0x2000028a
10000928:	10004048 	.word	0x10004048

1000092c <irq_add_tail_to_free_list>:
1000092c:	b570      	push	{r4, r5, r6, lr}
1000092e:	2101      	movs	r1, #1
10000930:	4301      	orrs	r1, r0
10000932:	4b2c      	ldr	r3, [pc, #176]	; (100009e4 <irq_add_tail_to_free_list+0xb8>)
10000934:	1acb      	subs	r3, r1, r3
10000936:	2b2f      	cmp	r3, #47	; 0x2f
10000938:	d828      	bhi.n	1000098c <irq_add_tail_to_free_list+0x60>
1000093a:	f3ef 8305 	mrs	r3, IPSR
1000093e:	2b00      	cmp	r3, #0
10000940:	d02a      	beq.n	10000998 <irq_add_tail_to_free_list+0x6c>
10000942:	f3ef 8c10 	mrs	ip, PRIMASK
10000946:	b672      	cpsid	i
10000948:	4a27      	ldr	r2, [pc, #156]	; (100009e8 <irq_add_tail_to_free_list+0xbc>)
1000094a:	6812      	ldr	r2, [r2, #0]
1000094c:	2a00      	cmp	r2, #0
1000094e:	d0fb      	beq.n	10000948 <irq_add_tail_to_free_list+0x1c>
10000950:	f3bf 8f5f 	dmb	sy
10000954:	4a25      	ldr	r2, [pc, #148]	; (100009ec <irq_add_tail_to_free_list+0xc0>)
10000956:	0004      	movs	r4, r0
10000958:	4d22      	ldr	r5, [pc, #136]	; (100009e4 <irq_add_tail_to_free_list+0xb8>)
1000095a:	1b64      	subs	r4, r4, r5
1000095c:	4164      	adcs	r4, r4
1000095e:	4362      	muls	r2, r4
10000960:	0d12      	lsrs	r2, r2, #20
10000962:	b254      	sxtb	r4, r2
10000964:	4a22      	ldr	r2, [pc, #136]	; (100009f0 <irq_add_tail_to_free_list+0xc4>)
10000966:	6892      	ldr	r2, [r2, #8]
10000968:	009b      	lsls	r3, r3, #2
1000096a:	58d2      	ldr	r2, [r2, r3]
1000096c:	428a      	cmp	r2, r1
1000096e:	d019      	beq.n	100009a4 <irq_add_tail_to_free_list+0x78>
10000970:	2200      	movs	r2, #0
10000972:	2a03      	cmp	r2, #3
10000974:	d830      	bhi.n	100009d8 <irq_add_tail_to_free_list+0xac>
10000976:	0053      	lsls	r3, r2, #1
10000978:	189b      	adds	r3, r3, r2
1000097a:	009b      	lsls	r3, r3, #2
1000097c:	4919      	ldr	r1, [pc, #100]	; (100009e4 <irq_add_tail_to_free_list+0xb8>)
1000097e:	18cb      	adds	r3, r1, r3
10000980:	799b      	ldrb	r3, [r3, #6]
10000982:	b25b      	sxtb	r3, r3
10000984:	42a3      	cmp	r3, r4
10000986:	d01d      	beq.n	100009c4 <irq_add_tail_to_free_list+0x98>
10000988:	3201      	adds	r2, #1
1000098a:	e7f2      	b.n	10000972 <irq_add_tail_to_free_list+0x46>
1000098c:	4b19      	ldr	r3, [pc, #100]	; (100009f4 <irq_add_tail_to_free_list+0xc8>)
1000098e:	4a1a      	ldr	r2, [pc, #104]	; (100009f8 <irq_add_tail_to_free_list+0xcc>)
10000990:	491a      	ldr	r1, [pc, #104]	; (100009fc <irq_add_tail_to_free_list+0xd0>)
10000992:	481b      	ldr	r0, [pc, #108]	; (10000a00 <irq_add_tail_to_free_list+0xd4>)
10000994:	f002 ff0e 	bl	100037b4 <__assert_func>
10000998:	4b1a      	ldr	r3, [pc, #104]	; (10000a04 <irq_add_tail_to_free_list+0xd8>)
1000099a:	4a17      	ldr	r2, [pc, #92]	; (100009f8 <irq_add_tail_to_free_list+0xcc>)
1000099c:	491a      	ldr	r1, [pc, #104]	; (10000a08 <irq_add_tail_to_free_list+0xdc>)
1000099e:	4818      	ldr	r0, [pc, #96]	; (10000a00 <irq_add_tail_to_free_list+0xd4>)
100009a0:	f002 ff08 	bl	100037b4 <__assert_func>
100009a4:	4a12      	ldr	r2, [pc, #72]	; (100009f0 <irq_add_tail_to_free_list+0xc4>)
100009a6:	6892      	ldr	r2, [r2, #8]
100009a8:	4918      	ldr	r1, [pc, #96]	; (10000a0c <irq_add_tail_to_free_list+0xe0>)
100009aa:	50d1      	str	r1, [r2, r3]
100009ac:	4b18      	ldr	r3, [pc, #96]	; (10000a10 <irq_add_tail_to_free_list+0xe4>)
100009ae:	781a      	ldrb	r2, [r3, #0]
100009b0:	7182      	strb	r2, [r0, #6]
100009b2:	701c      	strb	r4, [r3, #0]
100009b4:	f3bf 8f5f 	dmb	sy
100009b8:	4b0b      	ldr	r3, [pc, #44]	; (100009e8 <irq_add_tail_to_free_list+0xbc>)
100009ba:	2200      	movs	r2, #0
100009bc:	601a      	str	r2, [r3, #0]
100009be:	f38c 8810 	msr	PRIMASK, ip
100009c2:	bd70      	pop	{r4, r5, r6, pc}
100009c4:	000d      	movs	r5, r1
100009c6:	0053      	lsls	r3, r2, #1
100009c8:	1899      	adds	r1, r3, r2
100009ca:	0089      	lsls	r1, r1, #2
100009cc:	1869      	adds	r1, r5, r1
100009ce:	26ff      	movs	r6, #255	; 0xff
100009d0:	718e      	strb	r6, [r1, #6]
100009d2:	4a10      	ldr	r2, [pc, #64]	; (10000a14 <irq_add_tail_to_free_list+0xe8>)
100009d4:	808a      	strh	r2, [r1, #4]
100009d6:	e7e9      	b.n	100009ac <irq_add_tail_to_free_list+0x80>
100009d8:	4b0f      	ldr	r3, [pc, #60]	; (10000a18 <irq_add_tail_to_free_list+0xec>)
100009da:	4a07      	ldr	r2, [pc, #28]	; (100009f8 <irq_add_tail_to_free_list+0xcc>)
100009dc:	490f      	ldr	r1, [pc, #60]	; (10000a1c <irq_add_tail_to_free_list+0xf0>)
100009de:	4808      	ldr	r0, [pc, #32]	; (10000a00 <irq_add_tail_to_free_list+0xd4>)
100009e0:	f002 fee8 	bl	100037b4 <__assert_func>
100009e4:	20000250 	.word	0x20000250
100009e8:	d0000124 	.word	0xd0000124
100009ec:	0000aaaa 	.word	0x0000aaaa
100009f0:	e000ed00 	.word	0xe000ed00
100009f4:	10004050 	.word	0x10004050
100009f8:	1000408c 	.word	0x1000408c
100009fc:	0000027f 	.word	0x0000027f
10000a00:	10003e94 	.word	0x10003e94
10000a04:	10004078 	.word	0x10004078
10000a08:	00000282 	.word	0x00000282
10000a0c:	100001c1 	.word	0x100001c1
10000a10:	200006e8 	.word	0x200006e8
10000a14:	ffffbd01 	.word	0xffffbd01
10000a18:	10004084 	.word	0x10004084
10000a1c:	00000293 	.word	0x00000293

10000a20 <lock_init>:
10000a20:	4b02      	ldr	r3, [pc, #8]	; (10000a2c <lock_init+0xc>)
10000a22:	469c      	mov	ip, r3
10000a24:	4461      	add	r1, ip
10000a26:	0089      	lsls	r1, r1, #2
10000a28:	6001      	str	r1, [r0, #0]
10000a2a:	4770      	bx	lr
10000a2c:	34000040 	.word	0x34000040

10000a30 <mutex_init>:
10000a30:	b510      	push	{r4, lr}
10000a32:	0004      	movs	r4, r0
10000a34:	f7ff fdb2 	bl	1000059c <next_striped_spin_lock_num>
10000a38:	0001      	movs	r1, r0
10000a3a:	0020      	movs	r0, r4
10000a3c:	f7ff fff0 	bl	10000a20 <lock_init>
10000a40:	23ff      	movs	r3, #255	; 0xff
10000a42:	7123      	strb	r3, [r4, #4]
10000a44:	f3bf 8f5f 	dmb	sy
10000a48:	bd10      	pop	{r4, pc}

10000a4a <recursive_mutex_init>:
10000a4a:	b510      	push	{r4, lr}
10000a4c:	0004      	movs	r4, r0
10000a4e:	f7ff fda5 	bl	1000059c <next_striped_spin_lock_num>
10000a52:	0001      	movs	r1, r0
10000a54:	0020      	movs	r0, r4
10000a56:	f7ff ffe3 	bl	10000a20 <lock_init>
10000a5a:	23ff      	movs	r3, #255	; 0xff
10000a5c:	7123      	strb	r3, [r4, #4]
10000a5e:	2300      	movs	r3, #0
10000a60:	7163      	strb	r3, [r4, #5]
10000a62:	f3bf 8f5f 	dmb	sy
10000a66:	bd10      	pop	{r4, pc}

10000a68 <runtime_init_mutex>:
10000a68:	b510      	push	{r4, lr}
10000a6a:	4c0d      	ldr	r4, [pc, #52]	; (10000aa0 <runtime_init_mutex+0x38>)
10000a6c:	e009      	b.n	10000a82 <runtime_init_mutex+0x1a>
10000a6e:	4b0d      	ldr	r3, [pc, #52]	; (10000aa4 <runtime_init_mutex+0x3c>)
10000a70:	4a0d      	ldr	r2, [pc, #52]	; (10000aa8 <runtime_init_mutex+0x40>)
10000a72:	211a      	movs	r1, #26
10000a74:	480d      	ldr	r0, [pc, #52]	; (10000aac <runtime_init_mutex+0x44>)
10000a76:	f002 fe9d 	bl	100037b4 <__assert_func>
10000a7a:	0020      	movs	r0, r4
10000a7c:	f7ff ffd8 	bl	10000a30 <mutex_init>
10000a80:	3408      	adds	r4, #8
10000a82:	4b0b      	ldr	r3, [pc, #44]	; (10000ab0 <runtime_init_mutex+0x48>)
10000a84:	429c      	cmp	r4, r3
10000a86:	d209      	bcs.n	10000a9c <runtime_init_mutex+0x34>
10000a88:	6823      	ldr	r3, [r4, #0]
10000a8a:	2b00      	cmp	r3, #0
10000a8c:	d0f5      	beq.n	10000a7a <runtime_init_mutex+0x12>
10000a8e:	2b01      	cmp	r3, #1
10000a90:	d1ed      	bne.n	10000a6e <runtime_init_mutex+0x6>
10000a92:	0020      	movs	r0, r4
10000a94:	f7ff ffd9 	bl	10000a4a <recursive_mutex_init>
10000a98:	3408      	adds	r4, #8
10000a9a:	e7f2      	b.n	10000a82 <runtime_init_mutex+0x1a>
10000a9c:	bd10      	pop	{r4, pc}
10000a9e:	46c0      	nop			; (mov r8, r8)
10000aa0:	200002e8 	.word	0x200002e8
10000aa4:	10004104 	.word	0x10004104
10000aa8:	100041e0 	.word	0x100041e0
10000aac:	10004124 	.word	0x10004124
10000ab0:	200002f0 	.word	0x200002f0

10000ab4 <make_alarm_id>:
10000ab4:	0400      	lsls	r0, r0, #16
10000ab6:	4308      	orrs	r0, r1
10000ab8:	4770      	bx	lr
	...

10000abc <sleep_until_callback>:
10000abc:	4b0a      	ldr	r3, [pc, #40]	; (10000ae8 <sleep_until_callback+0x2c>)
10000abe:	681a      	ldr	r2, [r3, #0]
10000ac0:	f3ef 8110 	mrs	r1, PRIMASK
10000ac4:	b672      	cpsid	i
10000ac6:	6813      	ldr	r3, [r2, #0]
10000ac8:	2b00      	cmp	r3, #0
10000aca:	d0fc      	beq.n	10000ac6 <sleep_until_callback+0xa>
10000acc:	f3bf 8f5f 	dmb	sy
10000ad0:	4b05      	ldr	r3, [pc, #20]	; (10000ae8 <sleep_until_callback+0x2c>)
10000ad2:	681b      	ldr	r3, [r3, #0]
10000ad4:	f3bf 8f5f 	dmb	sy
10000ad8:	2200      	movs	r2, #0
10000ada:	601a      	str	r2, [r3, #0]
10000adc:	f381 8810 	msr	PRIMASK, r1
10000ae0:	bf40      	sev
10000ae2:	2000      	movs	r0, #0
10000ae4:	2100      	movs	r1, #0
10000ae6:	4770      	bx	lr
10000ae8:	200006dc 	.word	0x200006dc

10000aec <alarm_pool_irq_handler>:
10000aec:	b5f0      	push	{r4, r5, r6, r7, lr}
10000aee:	46de      	mov	lr, fp
10000af0:	4657      	mov	r7, sl
10000af2:	464e      	mov	r6, r9
10000af4:	4645      	mov	r5, r8
10000af6:	b5e0      	push	{r5, r6, r7, lr}
10000af8:	b085      	sub	sp, #20
10000afa:	f3ef 8305 	mrs	r3, IPSR
10000afe:	2203      	movs	r2, #3
10000b00:	401a      	ands	r2, r3
10000b02:	4693      	mov	fp, r2
10000b04:	0092      	lsls	r2, r2, #2
10000b06:	4bb3      	ldr	r3, [pc, #716]	; (10000dd4 <alarm_pool_irq_handler+0x2e8>)
10000b08:	58d3      	ldr	r3, [r2, r3]
10000b0a:	4698      	mov	r8, r3
10000b0c:	781b      	ldrb	r3, [r3, #0]
10000b0e:	455b      	cmp	r3, fp
10000b10:	d107      	bne.n	10000b22 <alarm_pool_irq_handler+0x36>
10000b12:	2301      	movs	r3, #1
10000b14:	465a      	mov	r2, fp
10000b16:	4093      	lsls	r3, r2
10000b18:	001a      	movs	r2, r3
10000b1a:	9303      	str	r3, [sp, #12]
10000b1c:	4bae      	ldr	r3, [pc, #696]	; (10000dd8 <alarm_pool_irq_handler+0x2ec>)
10000b1e:	601a      	str	r2, [r3, #0]
10000b20:	e115      	b.n	10000d4e <alarm_pool_irq_handler+0x262>
10000b22:	4bae      	ldr	r3, [pc, #696]	; (10000ddc <alarm_pool_irq_handler+0x2f0>)
10000b24:	4aae      	ldr	r2, [pc, #696]	; (10000de0 <alarm_pool_irq_handler+0x2f4>)
10000b26:	2192      	movs	r1, #146	; 0x92
10000b28:	48ae      	ldr	r0, [pc, #696]	; (10000de4 <alarm_pool_irq_handler+0x2f8>)
10000b2a:	f002 fe43 	bl	100037b4 <__assert_func>
10000b2e:	005b      	lsls	r3, r3, #1
10000b30:	444b      	add	r3, r9
10000b32:	00db      	lsls	r3, r3, #3
10000b34:	4642      	mov	r2, r8
10000b36:	6952      	ldr	r2, [r2, #20]
10000b38:	4692      	mov	sl, r2
10000b3a:	449a      	add	sl, r3
10000b3c:	4653      	mov	r3, sl
10000b3e:	689e      	ldr	r6, [r3, #8]
10000b40:	68df      	ldr	r7, [r3, #12]
10000b42:	48a9      	ldr	r0, [pc, #676]	; (10000de8 <alarm_pool_irq_handler+0x2fc>)
10000b44:	f000 fb2e 	bl	100011a4 <timer_time_us_64>
10000b48:	1b80      	subs	r0, r0, r6
10000b4a:	41b9      	sbcs	r1, r7
10000b4c:	2900      	cmp	r1, #0
10000b4e:	da00      	bge.n	10000b52 <alarm_pool_irq_handler+0x66>
10000b50:	e107      	b.n	10000d62 <alarm_pool_irq_handler+0x276>
10000b52:	2f00      	cmp	r7, #0
10000b54:	db60      	blt.n	10000c18 <alarm_pool_irq_handler+0x12c>
10000b56:	4653      	mov	r3, sl
10000b58:	691c      	ldr	r4, [r3, #16]
10000b5a:	4ba4      	ldr	r3, [pc, #656]	; (10000dec <alarm_pool_irq_handler+0x300>)
10000b5c:	429c      	cmp	r4, r3
10000b5e:	d044      	beq.n	10000bea <alarm_pool_irq_handler+0xfe>
10000b60:	4643      	mov	r3, r8
10000b62:	2008      	movs	r0, #8
10000b64:	5e18      	ldrsh	r0, [r3, r0]
10000b66:	4653      	mov	r3, sl
10000b68:	8859      	ldrh	r1, [r3, #2]
10000b6a:	b289      	uxth	r1, r1
10000b6c:	f7ff ffa2 	bl	10000ab4 <make_alarm_id>
10000b70:	4653      	mov	r3, sl
10000b72:	6959      	ldr	r1, [r3, #20]
10000b74:	47a0      	blx	r4
10000b76:	0004      	movs	r4, r0
10000b78:	000d      	movs	r5, r1
10000b7a:	0023      	movs	r3, r4
10000b7c:	432b      	orrs	r3, r5
10000b7e:	d04b      	beq.n	10000c18 <alarm_pool_irq_handler+0x12c>
10000b80:	2d00      	cmp	r5, #0
10000b82:	da3c      	bge.n	10000bfe <alarm_pool_irq_handler+0x112>
10000b84:	0030      	movs	r0, r6
10000b86:	0039      	movs	r1, r7
10000b88:	1b00      	subs	r0, r0, r4
10000b8a:	41a9      	sbcs	r1, r5
10000b8c:	9000      	str	r0, [sp, #0]
10000b8e:	9101      	str	r1, [sp, #4]
10000b90:	4653      	mov	r3, sl
10000b92:	9800      	ldr	r0, [sp, #0]
10000b94:	9901      	ldr	r1, [sp, #4]
10000b96:	6098      	str	r0, [r3, #8]
10000b98:	60d9      	str	r1, [r3, #12]
10000b9a:	2500      	movs	r5, #0
10000b9c:	5f5d      	ldrsh	r5, [r3, r5]
10000b9e:	2d00      	cmp	r5, #0
10000ba0:	da00      	bge.n	10000ba4 <alarm_pool_irq_handler+0xb8>
10000ba2:	e0de      	b.n	10000d62 <alarm_pool_irq_handler+0x276>
10000ba4:	4643      	mov	r3, r8
10000ba6:	695c      	ldr	r4, [r3, #20]
10000ba8:	006b      	lsls	r3, r5, #1
10000baa:	195b      	adds	r3, r3, r5
10000bac:	00db      	lsls	r3, r3, #3
10000bae:	18e3      	adds	r3, r4, r3
10000bb0:	689a      	ldr	r2, [r3, #8]
10000bb2:	68db      	ldr	r3, [r3, #12]
10000bb4:	1a80      	subs	r0, r0, r2
10000bb6:	4199      	sbcs	r1, r3
10000bb8:	2900      	cmp	r1, #0
10000bba:	da00      	bge.n	10000bbe <alarm_pool_irq_handler+0xd2>
10000bbc:	e0d1      	b.n	10000d62 <alarm_pool_irq_handler+0x276>
10000bbe:	4643      	mov	r3, r8
10000bc0:	811d      	strh	r5, [r3, #8]
10000bc2:	4647      	mov	r7, r8
10000bc4:	3708      	adds	r7, #8
10000bc6:	2300      	movs	r3, #0
10000bc8:	5efe      	ldrsh	r6, [r7, r3]
10000bca:	2e00      	cmp	r6, #0
10000bcc:	db1f      	blt.n	10000c0e <alarm_pool_irq_handler+0x122>
10000bce:	0075      	lsls	r5, r6, #1
10000bd0:	19ad      	adds	r5, r5, r6
10000bd2:	00ed      	lsls	r5, r5, #3
10000bd4:	1965      	adds	r5, r4, r5
10000bd6:	9a00      	ldr	r2, [sp, #0]
10000bd8:	9b01      	ldr	r3, [sp, #4]
10000bda:	68a8      	ldr	r0, [r5, #8]
10000bdc:	68e9      	ldr	r1, [r5, #12]
10000bde:	1a12      	subs	r2, r2, r0
10000be0:	418b      	sbcs	r3, r1
10000be2:	2b00      	cmp	r3, #0
10000be4:	db13      	blt.n	10000c0e <alarm_pool_irq_handler+0x122>
10000be6:	002f      	movs	r7, r5
10000be8:	e7ed      	b.n	10000bc6 <alarm_pool_irq_handler+0xda>
10000bea:	4653      	mov	r3, sl
10000bec:	695c      	ldr	r4, [r3, #20]
10000bee:	0020      	movs	r0, r4
10000bf0:	6923      	ldr	r3, [r4, #16]
10000bf2:	4798      	blx	r3
10000bf4:	2800      	cmp	r0, #0
10000bf6:	d00f      	beq.n	10000c18 <alarm_pool_irq_handler+0x12c>
10000bf8:	6865      	ldr	r5, [r4, #4]
10000bfa:	6824      	ldr	r4, [r4, #0]
10000bfc:	e7bd      	b.n	10000b7a <alarm_pool_irq_handler+0x8e>
10000bfe:	487a      	ldr	r0, [pc, #488]	; (10000de8 <alarm_pool_irq_handler+0x2fc>)
10000c00:	f000 fad0 	bl	100011a4 <timer_time_us_64>
10000c04:	1900      	adds	r0, r0, r4
10000c06:	4169      	adcs	r1, r5
10000c08:	9000      	str	r0, [sp, #0]
10000c0a:	9101      	str	r1, [sp, #4]
10000c0c:	e7c0      	b.n	10000b90 <alarm_pool_irq_handler+0xa4>
10000c0e:	4653      	mov	r3, sl
10000c10:	801e      	strh	r6, [r3, #0]
10000c12:	464b      	mov	r3, r9
10000c14:	803b      	strh	r3, [r7, #0]
10000c16:	e0a4      	b.n	10000d62 <alarm_pool_irq_handler+0x276>
10000c18:	4653      	mov	r3, sl
10000c1a:	2200      	movs	r2, #0
10000c1c:	5e9b      	ldrsh	r3, [r3, r2]
10000c1e:	4642      	mov	r2, r8
10000c20:	8113      	strh	r3, [r2, #8]
10000c22:	6912      	ldr	r2, [r2, #16]
10000c24:	f3ef 8310 	mrs	r3, PRIMASK
10000c28:	b672      	cpsid	i
10000c2a:	6811      	ldr	r1, [r2, #0]
10000c2c:	2900      	cmp	r1, #0
10000c2e:	d0fc      	beq.n	10000c2a <alarm_pool_irq_handler+0x13e>
10000c30:	f3bf 8f5f 	dmb	sy
10000c34:	4642      	mov	r2, r8
10000c36:	2102      	movs	r1, #2
10000c38:	5e52      	ldrsh	r2, [r2, r1]
10000c3a:	4651      	mov	r1, sl
10000c3c:	800a      	strh	r2, [r1, #0]
10000c3e:	4642      	mov	r2, r8
10000c40:	4649      	mov	r1, r9
10000c42:	8051      	strh	r1, [r2, #2]
10000c44:	6912      	ldr	r2, [r2, #16]
10000c46:	f3bf 8f5f 	dmb	sy
10000c4a:	2100      	movs	r1, #0
10000c4c:	6011      	str	r1, [r2, #0]
10000c4e:	f383 8810 	msr	PRIMASK, r3
10000c52:	e086      	b.n	10000d62 <alarm_pool_irq_handler+0x276>
10000c54:	4643      	mov	r3, r8
10000c56:	691a      	ldr	r2, [r3, #16]
10000c58:	f3ef 8110 	mrs	r1, PRIMASK
10000c5c:	b672      	cpsid	i
10000c5e:	6813      	ldr	r3, [r2, #0]
10000c60:	2b00      	cmp	r3, #0
10000c62:	d0fc      	beq.n	10000c5e <alarm_pool_irq_handler+0x172>
10000c64:	f3bf 8f5f 	dmb	sy
10000c68:	4643      	mov	r3, r8
10000c6a:	889b      	ldrh	r3, [r3, #4]
10000c6c:	b21b      	sxth	r3, r3
10000c6e:	4699      	mov	r9, r3
10000c70:	2301      	movs	r3, #1
10000c72:	425b      	negs	r3, r3
10000c74:	4642      	mov	r2, r8
10000c76:	8093      	strh	r3, [r2, #4]
10000c78:	6913      	ldr	r3, [r2, #16]
10000c7a:	f3bf 8f5f 	dmb	sy
10000c7e:	2200      	movs	r2, #0
10000c80:	601a      	str	r2, [r3, #0]
10000c82:	f381 8810 	msr	PRIMASK, r1
10000c86:	e018      	b.n	10000cba <alarm_pool_irq_handler+0x1ce>
10000c88:	0026      	movs	r6, r4
10000c8a:	2300      	movs	r3, #0
10000c8c:	5ef5      	ldrsh	r5, [r6, r3]
10000c8e:	2d00      	cmp	r5, #0
10000c90:	db0b      	blt.n	10000caa <alarm_pool_irq_handler+0x1be>
10000c92:	006c      	lsls	r4, r5, #1
10000c94:	1964      	adds	r4, r4, r5
10000c96:	00e4      	lsls	r4, r4, #3
10000c98:	193c      	adds	r4, r7, r4
10000c9a:	9a00      	ldr	r2, [sp, #0]
10000c9c:	9b01      	ldr	r3, [sp, #4]
10000c9e:	68a0      	ldr	r0, [r4, #8]
10000ca0:	68e1      	ldr	r1, [r4, #12]
10000ca2:	1a12      	subs	r2, r2, r0
10000ca4:	418b      	sbcs	r3, r1
10000ca6:	2b00      	cmp	r3, #0
10000ca8:	daee      	bge.n	10000c88 <alarm_pool_irq_handler+0x19c>
10000caa:	464b      	mov	r3, r9
10000cac:	8033      	strh	r3, [r6, #0]
10000cae:	4663      	mov	r3, ip
10000cb0:	2200      	movs	r2, #0
10000cb2:	5e9b      	ldrsh	r3, [r3, r2]
10000cb4:	4699      	mov	r9, r3
10000cb6:	4663      	mov	r3, ip
10000cb8:	801d      	strh	r5, [r3, #0]
10000cba:	464b      	mov	r3, r9
10000cbc:	2b00      	cmp	r3, #0
10000cbe:	db56      	blt.n	10000d6e <alarm_pool_irq_handler+0x282>
10000cc0:	4643      	mov	r3, r8
10000cc2:	695f      	ldr	r7, [r3, #20]
10000cc4:	464b      	mov	r3, r9
10000cc6:	005b      	lsls	r3, r3, #1
10000cc8:	444b      	add	r3, r9
10000cca:	00db      	lsls	r3, r3, #3
10000ccc:	469c      	mov	ip, r3
10000cce:	44bc      	add	ip, r7
10000cd0:	4663      	mov	r3, ip
10000cd2:	68dc      	ldr	r4, [r3, #12]
10000cd4:	689b      	ldr	r3, [r3, #8]
10000cd6:	9300      	str	r3, [sp, #0]
10000cd8:	9401      	str	r4, [sp, #4]
10000cda:	4646      	mov	r6, r8
10000cdc:	3608      	adds	r6, #8
10000cde:	e7d4      	b.n	10000c8a <alarm_pool_irq_handler+0x19e>
10000ce0:	2300      	movs	r3, #0
10000ce2:	4642      	mov	r2, r8
10000ce4:	7193      	strb	r3, [r2, #6]
10000ce6:	4641      	mov	r1, r8
10000ce8:	3108      	adds	r1, #8
10000cea:	4643      	mov	r3, r8
10000cec:	2008      	movs	r0, #8
10000cee:	5e18      	ldrsh	r0, [r3, r0]
10000cf0:	e011      	b.n	10000d16 <alarm_pool_irq_handler+0x22a>
10000cf2:	2201      	movs	r2, #1
10000cf4:	4252      	negs	r2, r2
10000cf6:	17d3      	asrs	r3, r2, #31
10000cf8:	60a2      	str	r2, [r4, #8]
10000cfa:	60e3      	str	r3, [r4, #12]
10000cfc:	4643      	mov	r3, r8
10000cfe:	2208      	movs	r2, #8
10000d00:	5e9b      	ldrsh	r3, [r3, r2]
10000d02:	4283      	cmp	r3, r0
10000d04:	d006      	beq.n	10000d14 <alarm_pool_irq_handler+0x228>
10000d06:	800d      	strh	r5, [r1, #0]
10000d08:	4643      	mov	r3, r8
10000d0a:	2208      	movs	r2, #8
10000d0c:	5e9b      	ldrsh	r3, [r3, r2]
10000d0e:	8023      	strh	r3, [r4, #0]
10000d10:	4643      	mov	r3, r8
10000d12:	8118      	strh	r0, [r3, #8]
10000d14:	0028      	movs	r0, r5
10000d16:	1c43      	adds	r3, r0, #1
10000d18:	d02d      	beq.n	10000d76 <alarm_pool_irq_handler+0x28a>
10000d1a:	4643      	mov	r3, r8
10000d1c:	695a      	ldr	r2, [r3, #20]
10000d1e:	0043      	lsls	r3, r0, #1
10000d20:	181b      	adds	r3, r3, r0
10000d22:	00db      	lsls	r3, r3, #3
10000d24:	18d4      	adds	r4, r2, r3
10000d26:	5ed5      	ldrsh	r5, [r2, r3]
10000d28:	8863      	ldrh	r3, [r4, #2]
10000d2a:	b21b      	sxth	r3, r3
10000d2c:	2b00      	cmp	r3, #0
10000d2e:	dbe0      	blt.n	10000cf2 <alarm_pool_irq_handler+0x206>
10000d30:	0021      	movs	r1, r4
10000d32:	e7ef      	b.n	10000d14 <alarm_pool_irq_handler+0x228>
10000d34:	465b      	mov	r3, fp
10000d36:	3304      	adds	r3, #4
10000d38:	009b      	lsls	r3, r3, #2
10000d3a:	4a2b      	ldr	r2, [pc, #172]	; (10000de8 <alarm_pool_irq_handler+0x2fc>)
10000d3c:	509c      	str	r4, [r3, r2]
10000d3e:	482a      	ldr	r0, [pc, #168]	; (10000de8 <alarm_pool_irq_handler+0x2fc>)
10000d40:	f000 fa30 	bl	100011a4 <timer_time_us_64>
10000d44:	1a24      	subs	r4, r4, r0
10000d46:	418d      	sbcs	r5, r1
10000d48:	2d00      	cmp	r5, #0
10000d4a:	dc3a      	bgt.n	10000dc2 <alarm_pool_irq_handler+0x2d6>
10000d4c:	d037      	beq.n	10000dbe <alarm_pool_irq_handler+0x2d2>
10000d4e:	4b26      	ldr	r3, [pc, #152]	; (10000de8 <alarm_pool_irq_handler+0x2fc>)
10000d50:	9a03      	ldr	r2, [sp, #12]
10000d52:	635a      	str	r2, [r3, #52]	; 0x34
10000d54:	4643      	mov	r3, r8
10000d56:	2208      	movs	r2, #8
10000d58:	5e9b      	ldrsh	r3, [r3, r2]
10000d5a:	4699      	mov	r9, r3
10000d5c:	2b00      	cmp	r3, #0
10000d5e:	db00      	blt.n	10000d62 <alarm_pool_irq_handler+0x276>
10000d60:	e6e5      	b.n	10000b2e <alarm_pool_irq_handler+0x42>
10000d62:	4643      	mov	r3, r8
10000d64:	889b      	ldrh	r3, [r3, #4]
10000d66:	b21b      	sxth	r3, r3
10000d68:	2b00      	cmp	r3, #0
10000d6a:	db00      	blt.n	10000d6e <alarm_pool_irq_handler+0x282>
10000d6c:	e772      	b.n	10000c54 <alarm_pool_irq_handler+0x168>
10000d6e:	4643      	mov	r3, r8
10000d70:	799b      	ldrb	r3, [r3, #6]
10000d72:	2b00      	cmp	r3, #0
10000d74:	d1b4      	bne.n	10000ce0 <alarm_pool_irq_handler+0x1f4>
10000d76:	4643      	mov	r3, r8
10000d78:	2208      	movs	r2, #8
10000d7a:	5e9a      	ldrsh	r2, [r3, r2]
10000d7c:	2a00      	cmp	r2, #0
10000d7e:	db20      	blt.n	10000dc2 <alarm_pool_irq_handler+0x2d6>
10000d80:	0053      	lsls	r3, r2, #1
10000d82:	189b      	adds	r3, r3, r2
10000d84:	00db      	lsls	r3, r3, #3
10000d86:	4642      	mov	r2, r8
10000d88:	6952      	ldr	r2, [r2, #20]
10000d8a:	4694      	mov	ip, r2
10000d8c:	4463      	add	r3, ip
10000d8e:	689c      	ldr	r4, [r3, #8]
10000d90:	68dd      	ldr	r5, [r3, #12]
10000d92:	1c63      	adds	r3, r4, #1
10000d94:	d101      	bne.n	10000d9a <alarm_pool_irq_handler+0x2ae>
10000d96:	1c6b      	adds	r3, r5, #1
10000d98:	d0d1      	beq.n	10000d3e <alarm_pool_irq_handler+0x252>
10000d9a:	4b13      	ldr	r3, [pc, #76]	; (10000de8 <alarm_pool_irq_handler+0x2fc>)
10000d9c:	6a99      	ldr	r1, [r3, #40]	; 0x28
10000d9e:	1a60      	subs	r0, r4, r1
10000da0:	465a      	mov	r2, fp
10000da2:	3204      	adds	r2, #4
10000da4:	0092      	lsls	r2, r2, #2
10000da6:	58d3      	ldr	r3, [r2, r3]
10000da8:	1a5b      	subs	r3, r3, r1
10000daa:	4298      	cmp	r0, r3
10000dac:	d3c2      	bcc.n	10000d34 <alarm_pool_irq_handler+0x248>
10000dae:	4b0e      	ldr	r3, [pc, #56]	; (10000de8 <alarm_pool_irq_handler+0x2fc>)
10000db0:	6a1a      	ldr	r2, [r3, #32]
10000db2:	2301      	movs	r3, #1
10000db4:	4659      	mov	r1, fp
10000db6:	408b      	lsls	r3, r1
10000db8:	4213      	tst	r3, r2
10000dba:	d1c0      	bne.n	10000d3e <alarm_pool_irq_handler+0x252>
10000dbc:	e7ba      	b.n	10000d34 <alarm_pool_irq_handler+0x248>
10000dbe:	2c00      	cmp	r4, #0
10000dc0:	d0c5      	beq.n	10000d4e <alarm_pool_irq_handler+0x262>
10000dc2:	bf40      	sev
10000dc4:	b005      	add	sp, #20
10000dc6:	bcf0      	pop	{r4, r5, r6, r7}
10000dc8:	46bb      	mov	fp, r7
10000dca:	46b2      	mov	sl, r6
10000dcc:	46a9      	mov	r9, r5
10000dce:	46a0      	mov	r8, r4
10000dd0:	bdf0      	pop	{r4, r5, r6, r7, pc}
10000dd2:	46c0      	nop			; (mov r8, r8)
10000dd4:	200004c8 	.word	0x200004c8
10000dd8:	4005703c 	.word	0x4005703c
10000ddc:	100041f4 	.word	0x100041f4
10000de0:	100042a0 	.word	0x100042a0
10000de4:	10004220 	.word	0x10004220
10000de8:	40054000 	.word	0x40054000
10000dec:	10000aed 	.word	0x10000aed

10000df0 <alarm_pool_post_alloc_init>:
10000df0:	b5f8      	push	{r3, r4, r5, r6, r7, lr}
10000df2:	46ce      	mov	lr, r9
10000df4:	4647      	mov	r7, r8
10000df6:	b580      	push	{r7, lr}
10000df8:	0006      	movs	r6, r0
10000dfa:	4688      	mov	r8, r1
10000dfc:	4691      	mov	r9, r2
10000dfe:	001f      	movs	r7, r3
10000e00:	60c1      	str	r1, [r0, #12]
10000e02:	f7ff fbcb 	bl	1000059c <next_striped_spin_lock_num>
10000e06:	4b1b      	ldr	r3, [pc, #108]	; (10000e74 <alarm_pool_post_alloc_init+0x84>)
10000e08:	469c      	mov	ip, r3
10000e0a:	4460      	add	r0, ip
10000e0c:	0080      	lsls	r0, r0, #2
10000e0e:	6130      	str	r0, [r6, #16]
10000e10:	464b      	mov	r3, r9
10000e12:	7033      	strb	r3, [r6, #0]
10000e14:	b2bb      	uxth	r3, r7
10000e16:	8173      	strh	r3, [r6, #10]
10000e18:	22d0      	movs	r2, #208	; 0xd0
10000e1a:	0612      	lsls	r2, r2, #24
10000e1c:	7812      	ldrb	r2, [r2, #0]
10000e1e:	7072      	strb	r2, [r6, #1]
10000e20:	2201      	movs	r2, #1
10000e22:	4252      	negs	r2, r2
10000e24:	8132      	strh	r2, [r6, #8]
10000e26:	80b2      	strh	r2, [r6, #4]
10000e28:	189b      	adds	r3, r3, r2
10000e2a:	8073      	strh	r3, [r6, #2]
10000e2c:	2400      	movs	r4, #0
10000e2e:	e006      	b.n	10000e3e <alarm_pool_post_alloc_init+0x4e>
10000e30:	1e63      	subs	r3, r4, #1
10000e32:	0065      	lsls	r5, r4, #1
10000e34:	192d      	adds	r5, r5, r4
10000e36:	00ed      	lsls	r5, r5, #3
10000e38:	6972      	ldr	r2, [r6, #20]
10000e3a:	5353      	strh	r3, [r2, r5]
10000e3c:	3401      	adds	r4, #1
10000e3e:	42bc      	cmp	r4, r7
10000e40:	d3f6      	bcc.n	10000e30 <alarm_pool_post_alloc_init+0x40>
10000e42:	464b      	mov	r3, r9
10000e44:	009a      	lsls	r2, r3, #2
10000e46:	4b0c      	ldr	r3, [pc, #48]	; (10000e78 <alarm_pool_post_alloc_init+0x88>)
10000e48:	50d6      	str	r6, [r2, r3]
10000e4a:	2401      	movs	r4, #1
10000e4c:	464b      	mov	r3, r9
10000e4e:	409c      	lsls	r4, r3
10000e50:	4643      	mov	r3, r8
10000e52:	621c      	str	r4, [r3, #32]
10000e54:	4909      	ldr	r1, [pc, #36]	; (10000e7c <alarm_pool_post_alloc_init+0x8c>)
10000e56:	4648      	mov	r0, r9
10000e58:	f7ff fc66 	bl	10000728 <irq_set_exclusive_handler>
10000e5c:	2101      	movs	r1, #1
10000e5e:	4648      	mov	r0, r9
10000e60:	f7ff fc40 	bl	100006e4 <irq_set_enabled>
10000e64:	4906      	ldr	r1, [pc, #24]	; (10000e80 <alarm_pool_post_alloc_init+0x90>)
10000e66:	4441      	add	r1, r8
10000e68:	600c      	str	r4, [r1, #0]
10000e6a:	bcc0      	pop	{r6, r7}
10000e6c:	46b9      	mov	r9, r7
10000e6e:	46b0      	mov	r8, r6
10000e70:	bdf8      	pop	{r3, r4, r5, r6, r7, pc}
10000e72:	46c0      	nop			; (mov r8, r8)
10000e74:	34000040 	.word	0x34000040
10000e78:	200004c8 	.word	0x200004c8
10000e7c:	10000aed 	.word	0x10000aed
10000e80:	00002038 	.word	0x00002038

10000e84 <alarm_pool_get_default>:
10000e84:	b510      	push	{r4, lr}
10000e86:	4b06      	ldr	r3, [pc, #24]	; (10000ea0 <alarm_pool_get_default+0x1c>)
10000e88:	691b      	ldr	r3, [r3, #16]
10000e8a:	2b00      	cmp	r3, #0
10000e8c:	d001      	beq.n	10000e92 <alarm_pool_get_default+0xe>
10000e8e:	4804      	ldr	r0, [pc, #16]	; (10000ea0 <alarm_pool_get_default+0x1c>)
10000e90:	bd10      	pop	{r4, pc}
10000e92:	4b04      	ldr	r3, [pc, #16]	; (10000ea4 <alarm_pool_get_default+0x20>)
10000e94:	4a04      	ldr	r2, [pc, #16]	; (10000ea8 <alarm_pool_get_default+0x24>)
10000e96:	2165      	movs	r1, #101	; 0x65
10000e98:	4804      	ldr	r0, [pc, #16]	; (10000eac <alarm_pool_get_default+0x28>)
10000e9a:	f002 fc8b 	bl	100037b4 <__assert_func>
10000e9e:	46c0      	nop			; (mov r8, r8)
10000ea0:	20000298 	.word	0x20000298
10000ea4:	10004264 	.word	0x10004264
10000ea8:	10004288 	.word	0x10004288
10000eac:	10004220 	.word	0x10004220

10000eb0 <alarm_pool_add_alarm_at_force_in_context>:
10000eb0:	b5f0      	push	{r4, r5, r6, r7, lr}
10000eb2:	46c6      	mov	lr, r8
10000eb4:	b500      	push	{lr}
10000eb6:	0004      	movs	r4, r0
10000eb8:	6900      	ldr	r0, [r0, #16]
10000eba:	f3ef 8c10 	mrs	ip, PRIMASK
10000ebe:	b672      	cpsid	i
10000ec0:	6801      	ldr	r1, [r0, #0]
10000ec2:	2900      	cmp	r1, #0
10000ec4:	d0fc      	beq.n	10000ec0 <alarm_pool_add_alarm_at_force_in_context+0x10>
10000ec6:	f3bf 8f5f 	dmb	sy
10000eca:	2102      	movs	r1, #2
10000ecc:	5e66      	ldrsh	r6, [r4, r1]
10000ece:	0075      	lsls	r5, r6, #1
10000ed0:	19ad      	adds	r5, r5, r6
10000ed2:	00ed      	lsls	r5, r5, #3
10000ed4:	6961      	ldr	r1, [r4, #20]
10000ed6:	4688      	mov	r8, r1
10000ed8:	4445      	add	r5, r8
10000eda:	2e00      	cmp	r6, #0
10000edc:	db02      	blt.n	10000ee4 <alarm_pool_add_alarm_at_force_in_context+0x34>
10000ede:	2000      	movs	r0, #0
10000ee0:	5e29      	ldrsh	r1, [r5, r0]
10000ee2:	8061      	strh	r1, [r4, #2]
10000ee4:	6921      	ldr	r1, [r4, #16]
10000ee6:	f3bf 8f5f 	dmb	sy
10000eea:	2000      	movs	r0, #0
10000eec:	6008      	str	r0, [r1, #0]
10000eee:	f38c 8810 	msr	PRIMASK, ip
10000ef2:	2e00      	cmp	r6, #0
10000ef4:	db2e      	blt.n	10000f54 <alarm_pool_add_alarm_at_force_in_context+0xa4>
10000ef6:	9906      	ldr	r1, [sp, #24]
10000ef8:	6129      	str	r1, [r5, #16]
10000efa:	9907      	ldr	r1, [sp, #28]
10000efc:	6169      	str	r1, [r5, #20]
10000efe:	60aa      	str	r2, [r5, #8]
10000f00:	60eb      	str	r3, [r5, #12]
10000f02:	886b      	ldrh	r3, [r5, #2]
10000f04:	3301      	adds	r3, #1
10000f06:	045b      	lsls	r3, r3, #17
10000f08:	0c59      	lsrs	r1, r3, #17
10000f0a:	2b00      	cmp	r3, #0
10000f0c:	d100      	bne.n	10000f10 <alarm_pool_add_alarm_at_force_in_context+0x60>
10000f0e:	2101      	movs	r1, #1
10000f10:	8069      	strh	r1, [r5, #2]
10000f12:	0030      	movs	r0, r6
10000f14:	f7ff fdce 	bl	10000ab4 <make_alarm_id>
10000f18:	6922      	ldr	r2, [r4, #16]
10000f1a:	f3ef 8110 	mrs	r1, PRIMASK
10000f1e:	b672      	cpsid	i
10000f20:	6813      	ldr	r3, [r2, #0]
10000f22:	2b00      	cmp	r3, #0
10000f24:	d0fc      	beq.n	10000f20 <alarm_pool_add_alarm_at_force_in_context+0x70>
10000f26:	f3bf 8f5f 	dmb	sy
10000f2a:	88a3      	ldrh	r3, [r4, #4]
10000f2c:	802b      	strh	r3, [r5, #0]
10000f2e:	80a6      	strh	r6, [r4, #4]
10000f30:	6923      	ldr	r3, [r4, #16]
10000f32:	f3bf 8f5f 	dmb	sy
10000f36:	2200      	movs	r2, #0
10000f38:	601a      	str	r2, [r3, #0]
10000f3a:	f381 8810 	msr	PRIMASK, r1
10000f3e:	68e3      	ldr	r3, [r4, #12]
10000f40:	7821      	ldrb	r1, [r4, #0]
10000f42:	3201      	adds	r2, #1
10000f44:	408a      	lsls	r2, r1
10000f46:	4905      	ldr	r1, [pc, #20]	; (10000f5c <alarm_pool_add_alarm_at_force_in_context+0xac>)
10000f48:	468c      	mov	ip, r1
10000f4a:	4463      	add	r3, ip
10000f4c:	601a      	str	r2, [r3, #0]
10000f4e:	bc80      	pop	{r7}
10000f50:	46b8      	mov	r8, r7
10000f52:	bdf0      	pop	{r4, r5, r6, r7, pc}
10000f54:	2001      	movs	r0, #1
10000f56:	4240      	negs	r0, r0
10000f58:	e7f9      	b.n	10000f4e <alarm_pool_add_alarm_at_force_in_context+0x9e>
10000f5a:	46c0      	nop			; (mov r8, r8)
10000f5c:	0000203c 	.word	0x0000203c

10000f60 <alarm_pool_add_alarm_at>:
10000f60:	b570      	push	{r4, r5, r6, lr}
10000f62:	b082      	sub	sp, #8
10000f64:	0006      	movs	r6, r0
10000f66:	0014      	movs	r4, r2
10000f68:	001d      	movs	r5, r3
10000f6a:	ab08      	add	r3, sp, #32
10000f6c:	781b      	ldrb	r3, [r3, #0]
10000f6e:	2b00      	cmp	r3, #0
10000f70:	d107      	bne.n	10000f82 <alarm_pool_add_alarm_at+0x22>
10000f72:	f000 f949 	bl	10001208 <time_us_64>
10000f76:	0022      	movs	r2, r4
10000f78:	002b      	movs	r3, r5
10000f7a:	1a12      	subs	r2, r2, r0
10000f7c:	418b      	sbcs	r3, r1
10000f7e:	2b00      	cmp	r3, #0
10000f80:	db0a      	blt.n	10000f98 <alarm_pool_add_alarm_at+0x38>
10000f82:	9b07      	ldr	r3, [sp, #28]
10000f84:	9301      	str	r3, [sp, #4]
10000f86:	9b06      	ldr	r3, [sp, #24]
10000f88:	9300      	str	r3, [sp, #0]
10000f8a:	0022      	movs	r2, r4
10000f8c:	002b      	movs	r3, r5
10000f8e:	0030      	movs	r0, r6
10000f90:	f7ff ff8e 	bl	10000eb0 <alarm_pool_add_alarm_at_force_in_context>
10000f94:	b002      	add	sp, #8
10000f96:	bd70      	pop	{r4, r5, r6, pc}
10000f98:	2000      	movs	r0, #0
10000f9a:	e7fb      	b.n	10000f94 <alarm_pool_add_alarm_at+0x34>

10000f9c <alarm_pool_cancel_alarm>:
10000f9c:	b510      	push	{r4, lr}
10000f9e:	0003      	movs	r3, r0
10000fa0:	1408      	asrs	r0, r1, #16
10000fa2:	895a      	ldrh	r2, [r3, #10]
10000fa4:	4290      	cmp	r0, r2
10000fa6:	da2f      	bge.n	10001008 <alarm_pool_cancel_alarm+0x6c>
10000fa8:	0042      	lsls	r2, r0, #1
10000faa:	1812      	adds	r2, r2, r0
10000fac:	00d2      	lsls	r2, r2, #3
10000fae:	6958      	ldr	r0, [r3, #20]
10000fb0:	4684      	mov	ip, r0
10000fb2:	4462      	add	r2, ip
10000fb4:	691c      	ldr	r4, [r3, #16]
10000fb6:	f3ef 8c10 	mrs	ip, PRIMASK
10000fba:	b672      	cpsid	i
10000fbc:	6820      	ldr	r0, [r4, #0]
10000fbe:	2800      	cmp	r0, #0
10000fc0:	d0fc      	beq.n	10000fbc <alarm_pool_cancel_alarm+0x20>
10000fc2:	f3bf 8f5f 	dmb	sy
10000fc6:	8850      	ldrh	r0, [r2, #2]
10000fc8:	b280      	uxth	r0, r0
10000fca:	0409      	lsls	r1, r1, #16
10000fcc:	0c09      	lsrs	r1, r1, #16
10000fce:	4288      	cmp	r0, r1
10000fd0:	d012      	beq.n	10000ff8 <alarm_pool_cancel_alarm+0x5c>
10000fd2:	2000      	movs	r0, #0
10000fd4:	691a      	ldr	r2, [r3, #16]
10000fd6:	f3bf 8f5f 	dmb	sy
10000fda:	2100      	movs	r1, #0
10000fdc:	6011      	str	r1, [r2, #0]
10000fde:	f38c 8810 	msr	PRIMASK, ip
10000fe2:	2800      	cmp	r0, #0
10000fe4:	d011      	beq.n	1000100a <alarm_pool_cancel_alarm+0x6e>
10000fe6:	68da      	ldr	r2, [r3, #12]
10000fe8:	781b      	ldrb	r3, [r3, #0]
10000fea:	3101      	adds	r1, #1
10000fec:	4099      	lsls	r1, r3
10000fee:	4b07      	ldr	r3, [pc, #28]	; (1000100c <alarm_pool_cancel_alarm+0x70>)
10000ff0:	469c      	mov	ip, r3
10000ff2:	4462      	add	r2, ip
10000ff4:	6011      	str	r1, [r2, #0]
10000ff6:	e008      	b.n	1000100a <alarm_pool_cancel_alarm+0x6e>
10000ff8:	4905      	ldr	r1, [pc, #20]	; (10001010 <alarm_pool_cancel_alarm+0x74>)
10000ffa:	4308      	orrs	r0, r1
10000ffc:	b280      	uxth	r0, r0
10000ffe:	8050      	strh	r0, [r2, #2]
10001000:	2201      	movs	r2, #1
10001002:	719a      	strb	r2, [r3, #6]
10001004:	2001      	movs	r0, #1
10001006:	e7e5      	b.n	10000fd4 <alarm_pool_cancel_alarm+0x38>
10001008:	2000      	movs	r0, #0
1000100a:	bd10      	pop	{r4, pc}
1000100c:	0000203c 	.word	0x0000203c
10001010:	ffff8000 	.word	0xffff8000

10001014 <best_effort_wfe_or_timeout>:
10001014:	b5f0      	push	{r4, r5, r6, r7, lr}
10001016:	46ce      	mov	lr, r9
10001018:	4647      	mov	r7, r8
1000101a:	b580      	push	{r7, lr}
1000101c:	b085      	sub	sp, #20
1000101e:	0005      	movs	r5, r0
10001020:	000c      	movs	r4, r1
10001022:	f3ef 8305 	mrs	r3, IPSR
10001026:	2b00      	cmp	r3, #0
10001028:	d015      	beq.n	10001056 <best_effort_wfe_or_timeout+0x42>
1000102a:	4b47      	ldr	r3, [pc, #284]	; (10001148 <best_effort_wfe_or_timeout+0x134>)
1000102c:	6a5b      	ldr	r3, [r3, #36]	; 0x24
1000102e:	428b      	cmp	r3, r1
10001030:	d309      	bcc.n	10001046 <best_effort_wfe_or_timeout+0x32>
10001032:	4a45      	ldr	r2, [pc, #276]	; (10001148 <best_effort_wfe_or_timeout+0x134>)
10001034:	6a92      	ldr	r2, [r2, #40]	; 0x28
10001036:	4282      	cmp	r2, r0
10001038:	d20b      	bcs.n	10001052 <best_effort_wfe_or_timeout+0x3e>
1000103a:	428b      	cmp	r3, r1
1000103c:	d001      	beq.n	10001042 <best_effort_wfe_or_timeout+0x2e>
1000103e:	2001      	movs	r0, #1
10001040:	e002      	b.n	10001048 <best_effort_wfe_or_timeout+0x34>
10001042:	2000      	movs	r0, #0
10001044:	e000      	b.n	10001048 <best_effort_wfe_or_timeout+0x34>
10001046:	2000      	movs	r0, #0
10001048:	b005      	add	sp, #20
1000104a:	bcc0      	pop	{r6, r7}
1000104c:	46b9      	mov	r9, r7
1000104e:	46b0      	mov	r8, r6
10001050:	bdf0      	pop	{r4, r5, r6, r7, pc}
10001052:	2001      	movs	r0, #1
10001054:	e7f8      	b.n	10001048 <best_effort_wfe_or_timeout+0x34>
10001056:	f7ff ff15 	bl	10000e84 <alarm_pool_get_default>
1000105a:	68c3      	ldr	r3, [r0, #12]
1000105c:	4699      	mov	r9, r3
1000105e:	7803      	ldrb	r3, [r0, #0]
10001060:	4698      	mov	r8, r3
10001062:	002e      	movs	r6, r5
10001064:	0027      	movs	r7, r4
10001066:	4648      	mov	r0, r9
10001068:	f000 f89c 	bl	100011a4 <timer_time_us_64>
1000106c:	0002      	movs	r2, r0
1000106e:	000b      	movs	r3, r1
10001070:	1ab6      	subs	r6, r6, r2
10001072:	419f      	sbcs	r7, r3
10001074:	4643      	mov	r3, r8
10001076:	3304      	adds	r3, #4
10001078:	009b      	lsls	r3, r3, #2
1000107a:	464a      	mov	r2, r9
1000107c:	589b      	ldr	r3, [r3, r2]
1000107e:	1a18      	subs	r0, r3, r0
10001080:	2300      	movs	r3, #0
10001082:	42bb      	cmp	r3, r7
10001084:	dc0f      	bgt.n	100010a6 <best_effort_wfe_or_timeout+0x92>
10001086:	d00c      	beq.n	100010a2 <best_effort_wfe_or_timeout+0x8e>
10001088:	bf20      	wfe
1000108a:	4b2f      	ldr	r3, [pc, #188]	; (10001148 <best_effort_wfe_or_timeout+0x134>)
1000108c:	6a5b      	ldr	r3, [r3, #36]	; 0x24
1000108e:	429c      	cmp	r4, r3
10001090:	d824      	bhi.n	100010dc <best_effort_wfe_or_timeout+0xc8>
10001092:	4a2d      	ldr	r2, [pc, #180]	; (10001148 <best_effort_wfe_or_timeout+0x134>)
10001094:	6a92      	ldr	r2, [r2, #40]	; 0x28
10001096:	42aa      	cmp	r2, r5
10001098:	d222      	bcs.n	100010e0 <best_effort_wfe_or_timeout+0xcc>
1000109a:	429c      	cmp	r4, r3
1000109c:	d01c      	beq.n	100010d8 <best_effort_wfe_or_timeout+0xc4>
1000109e:	2001      	movs	r0, #1
100010a0:	e7d2      	b.n	10001048 <best_effort_wfe_or_timeout+0x34>
100010a2:	42b0      	cmp	r0, r6
100010a4:	d9f0      	bls.n	10001088 <best_effort_wfe_or_timeout+0x74>
100010a6:	f7ff feed 	bl	10000e84 <alarm_pool_get_default>
100010aa:	2300      	movs	r3, #0
100010ac:	9302      	str	r3, [sp, #8]
100010ae:	9301      	str	r3, [sp, #4]
100010b0:	4b26      	ldr	r3, [pc, #152]	; (1000114c <best_effort_wfe_or_timeout+0x138>)
100010b2:	9300      	str	r3, [sp, #0]
100010b4:	002a      	movs	r2, r5
100010b6:	0023      	movs	r3, r4
100010b8:	f7ff ff52 	bl	10000f60 <alarm_pool_add_alarm_at>
100010bc:	1e06      	subs	r6, r0, #0
100010be:	dd11      	ble.n	100010e4 <best_effort_wfe_or_timeout+0xd0>
100010c0:	4b21      	ldr	r3, [pc, #132]	; (10001148 <best_effort_wfe_or_timeout+0x134>)
100010c2:	6a5b      	ldr	r3, [r3, #36]	; 0x24
100010c4:	429c      	cmp	r4, r3
100010c6:	d821      	bhi.n	1000110c <best_effort_wfe_or_timeout+0xf8>
100010c8:	4a1f      	ldr	r2, [pc, #124]	; (10001148 <best_effort_wfe_or_timeout+0x134>)
100010ca:	6a92      	ldr	r2, [r2, #40]	; 0x28
100010cc:	42aa      	cmp	r2, r5
100010ce:	d232      	bcs.n	10001136 <best_effort_wfe_or_timeout+0x122>
100010d0:	429c      	cmp	r4, r3
100010d2:	d019      	beq.n	10001108 <best_effort_wfe_or_timeout+0xf4>
100010d4:	2301      	movs	r3, #1
100010d6:	e01a      	b.n	1000110e <best_effort_wfe_or_timeout+0xfa>
100010d8:	2000      	movs	r0, #0
100010da:	e7b5      	b.n	10001048 <best_effort_wfe_or_timeout+0x34>
100010dc:	2000      	movs	r0, #0
100010de:	e7b3      	b.n	10001048 <best_effort_wfe_or_timeout+0x34>
100010e0:	2001      	movs	r0, #1
100010e2:	e7b1      	b.n	10001048 <best_effort_wfe_or_timeout+0x34>
100010e4:	4b18      	ldr	r3, [pc, #96]	; (10001148 <best_effort_wfe_or_timeout+0x134>)
100010e6:	6a5b      	ldr	r3, [r3, #36]	; 0x24
100010e8:	429c      	cmp	r4, r3
100010ea:	d809      	bhi.n	10001100 <best_effort_wfe_or_timeout+0xec>
100010ec:	4a16      	ldr	r2, [pc, #88]	; (10001148 <best_effort_wfe_or_timeout+0x134>)
100010ee:	6a92      	ldr	r2, [r2, #40]	; 0x28
100010f0:	42aa      	cmp	r2, r5
100010f2:	d207      	bcs.n	10001104 <best_effort_wfe_or_timeout+0xf0>
100010f4:	429c      	cmp	r4, r3
100010f6:	d001      	beq.n	100010fc <best_effort_wfe_or_timeout+0xe8>
100010f8:	2001      	movs	r0, #1
100010fa:	e7a5      	b.n	10001048 <best_effort_wfe_or_timeout+0x34>
100010fc:	2000      	movs	r0, #0
100010fe:	e7a3      	b.n	10001048 <best_effort_wfe_or_timeout+0x34>
10001100:	2000      	movs	r0, #0
10001102:	e7a1      	b.n	10001048 <best_effort_wfe_or_timeout+0x34>
10001104:	2001      	movs	r0, #1
10001106:	e79f      	b.n	10001048 <best_effort_wfe_or_timeout+0x34>
10001108:	2300      	movs	r3, #0
1000110a:	e000      	b.n	1000110e <best_effort_wfe_or_timeout+0xfa>
1000110c:	2300      	movs	r3, #0
1000110e:	2b00      	cmp	r3, #0
10001110:	d100      	bne.n	10001114 <best_effort_wfe_or_timeout+0x100>
10001112:	bf20      	wfe
10001114:	f7ff feb6 	bl	10000e84 <alarm_pool_get_default>
10001118:	0031      	movs	r1, r6
1000111a:	f7ff ff3f 	bl	10000f9c <alarm_pool_cancel_alarm>
1000111e:	4b0a      	ldr	r3, [pc, #40]	; (10001148 <best_effort_wfe_or_timeout+0x134>)
10001120:	6a5b      	ldr	r3, [r3, #36]	; 0x24
10001122:	429c      	cmp	r4, r3
10001124:	d80b      	bhi.n	1000113e <best_effort_wfe_or_timeout+0x12a>
10001126:	4a08      	ldr	r2, [pc, #32]	; (10001148 <best_effort_wfe_or_timeout+0x134>)
10001128:	6a92      	ldr	r2, [r2, #40]	; 0x28
1000112a:	42aa      	cmp	r2, r5
1000112c:	d209      	bcs.n	10001142 <best_effort_wfe_or_timeout+0x12e>
1000112e:	429c      	cmp	r4, r3
10001130:	d003      	beq.n	1000113a <best_effort_wfe_or_timeout+0x126>
10001132:	2001      	movs	r0, #1
10001134:	e788      	b.n	10001048 <best_effort_wfe_or_timeout+0x34>
10001136:	2301      	movs	r3, #1
10001138:	e7e9      	b.n	1000110e <best_effort_wfe_or_timeout+0xfa>
1000113a:	2000      	movs	r0, #0
1000113c:	e784      	b.n	10001048 <best_effort_wfe_or_timeout+0x34>
1000113e:	2000      	movs	r0, #0
10001140:	e782      	b.n	10001048 <best_effort_wfe_or_timeout+0x34>
10001142:	2001      	movs	r0, #1
10001144:	e780      	b.n	10001048 <best_effort_wfe_or_timeout+0x34>
10001146:	46c0      	nop			; (mov r8, r8)
10001148:	40054000 	.word	0x40054000
1000114c:	10000abd 	.word	0x10000abd

10001150 <alarm_pool_get_default_timer>:
10001150:	4800      	ldr	r0, [pc, #0]	; (10001154 <alarm_pool_get_default_timer+0x4>)
10001152:	4770      	bx	lr
10001154:	40054000 	.word	0x40054000

10001158 <runtime_init_default_alarm_pool>:
10001158:	b510      	push	{r4, lr}
1000115a:	4b0b      	ldr	r3, [pc, #44]	; (10001188 <runtime_init_default_alarm_pool+0x30>)
1000115c:	691b      	ldr	r3, [r3, #16]
1000115e:	2b00      	cmp	r3, #0
10001160:	d004      	beq.n	1000116c <runtime_init_default_alarm_pool+0x14>
10001162:	210a      	movs	r1, #10
10001164:	4809      	ldr	r0, [pc, #36]	; (1000118c <runtime_init_default_alarm_pool+0x34>)
10001166:	f7ff fc5b 	bl	10000a20 <lock_init>
1000116a:	bd10      	pop	{r4, pc}
1000116c:	f7ff fff0 	bl	10001150 <alarm_pool_get_default_timer>
10001170:	0004      	movs	r4, r0
10001172:	2103      	movs	r1, #3
10001174:	f000 f80c 	bl	10001190 <timer_hardware_alarm_claim>
10001178:	2310      	movs	r3, #16
1000117a:	2203      	movs	r2, #3
1000117c:	0021      	movs	r1, r4
1000117e:	4802      	ldr	r0, [pc, #8]	; (10001188 <runtime_init_default_alarm_pool+0x30>)
10001180:	f7ff fe36 	bl	10000df0 <alarm_pool_post_alloc_init>
10001184:	e7ed      	b.n	10001162 <runtime_init_default_alarm_pool+0xa>
10001186:	46c0      	nop			; (mov r8, r8)
10001188:	20000298 	.word	0x20000298
1000118c:	200006dc 	.word	0x200006dc

10001190 <timer_hardware_alarm_claim>:
10001190:	b510      	push	{r4, lr}
10001192:	4a02      	ldr	r2, [pc, #8]	; (1000119c <timer_hardware_alarm_claim+0xc>)
10001194:	4802      	ldr	r0, [pc, #8]	; (100011a0 <timer_hardware_alarm_claim+0x10>)
10001196:	f7ff f9e7 	bl	10000568 <hw_claim_or_assert>
1000119a:	bd10      	pop	{r4, pc}
1000119c:	100042b8 	.word	0x100042b8
100011a0:	20000494 	.word	0x20000494

100011a4 <timer_time_us_64>:
100011a4:	0002      	movs	r2, r0
100011a6:	6a43      	ldr	r3, [r0, #36]	; 0x24
100011a8:	6a90      	ldr	r0, [r2, #40]	; 0x28
100011aa:	0019      	movs	r1, r3
100011ac:	6a53      	ldr	r3, [r2, #36]	; 0x24
100011ae:	4299      	cmp	r1, r3
100011b0:	d1fa      	bne.n	100011a8 <timer_time_us_64+0x4>
100011b2:	4770      	bx	lr

100011b4 <timer_busy_wait_until>:
100011b4:	6a41      	ldr	r1, [r0, #36]	; 0x24
100011b6:	e000      	b.n	100011ba <timer_busy_wait_until+0x6>
100011b8:	6a41      	ldr	r1, [r0, #36]	; 0x24
100011ba:	4299      	cmp	r1, r3
100011bc:	d3fc      	bcc.n	100011b8 <timer_busy_wait_until+0x4>
100011be:	e000      	b.n	100011c2 <timer_busy_wait_until+0xe>
100011c0:	6a41      	ldr	r1, [r0, #36]	; 0x24
100011c2:	4299      	cmp	r1, r3
100011c4:	d102      	bne.n	100011cc <timer_busy_wait_until+0x18>
100011c6:	6a81      	ldr	r1, [r0, #40]	; 0x28
100011c8:	4291      	cmp	r1, r2
100011ca:	d3f9      	bcc.n	100011c0 <timer_busy_wait_until+0xc>
100011cc:	4770      	bx	lr

100011ce <timer_busy_wait_us>:
100011ce:	b5f0      	push	{r4, r5, r6, r7, lr}
100011d0:	46c6      	mov	lr, r8
100011d2:	b500      	push	{lr}
100011d4:	4680      	mov	r8, r0
100011d6:	0014      	movs	r4, r2
100011d8:	001d      	movs	r5, r3
100011da:	f7ff ffe3 	bl	100011a4 <timer_time_us_64>
100011de:	0006      	movs	r6, r0
100011e0:	000f      	movs	r7, r1
100011e2:	0022      	movs	r2, r4
100011e4:	002b      	movs	r3, r5
100011e6:	1992      	adds	r2, r2, r6
100011e8:	417b      	adcs	r3, r7
100011ea:	4299      	cmp	r1, r3
100011ec:	d802      	bhi.n	100011f4 <timer_busy_wait_us+0x26>
100011ee:	d104      	bne.n	100011fa <timer_busy_wait_us+0x2c>
100011f0:	4290      	cmp	r0, r2
100011f2:	d902      	bls.n	100011fa <timer_busy_wait_us+0x2c>
100011f4:	2201      	movs	r2, #1
100011f6:	4252      	negs	r2, r2
100011f8:	17d3      	asrs	r3, r2, #31
100011fa:	4640      	mov	r0, r8
100011fc:	f7ff ffda 	bl	100011b4 <timer_busy_wait_until>
10001200:	bc80      	pop	{r7}
10001202:	46b8      	mov	r8, r7
10001204:	bdf0      	pop	{r4, r5, r6, r7, pc}
	...

10001208 <time_us_64>:
10001208:	b510      	push	{r4, lr}
1000120a:	4802      	ldr	r0, [pc, #8]	; (10001214 <time_us_64+0xc>)
1000120c:	f7ff ffca 	bl	100011a4 <timer_time_us_64>
10001210:	bd10      	pop	{r4, pc}
10001212:	46c0      	nop			; (mov r8, r8)
10001214:	40054000 	.word	0x40054000

10001218 <busy_wait_us>:
10001218:	b510      	push	{r4, lr}
1000121a:	0002      	movs	r2, r0
1000121c:	000b      	movs	r3, r1
1000121e:	4802      	ldr	r0, [pc, #8]	; (10001228 <busy_wait_us+0x10>)
10001220:	f7ff ffd5 	bl	100011ce <timer_busy_wait_us>
10001224:	bd10      	pop	{r4, pc}
10001226:	46c0      	nop			; (mov r8, r8)
10001228:	40054000 	.word	0x40054000

1000122c <uart_disable_before_lcr_write>:
1000122c:	b570      	push	{r4, r5, r6, lr}
1000122e:	6b04      	ldr	r4, [r0, #48]	; 0x30
10001230:	07e3      	lsls	r3, r4, #31
10001232:	d401      	bmi.n	10001238 <uart_disable_before_lcr_write+0xc>
10001234:	0020      	movs	r0, r4
10001236:	bd70      	pop	{r4, r5, r6, pc}
10001238:	4b0b      	ldr	r3, [pc, #44]	; (10001268 <uart_disable_before_lcr_write+0x3c>)
1000123a:	18c3      	adds	r3, r0, r3
1000123c:	4a0b      	ldr	r2, [pc, #44]	; (1000126c <uart_disable_before_lcr_write+0x40>)
1000123e:	601a      	str	r2, [r3, #0]
10001240:	6a45      	ldr	r5, [r0, #36]	; 0x24
10001242:	6a82      	ldr	r2, [r0, #40]	; 0x28
10001244:	01ad      	lsls	r5, r5, #6
10001246:	18ad      	adds	r5, r5, r2
10001248:	02ad      	lsls	r5, r5, #10
1000124a:	2006      	movs	r0, #6
1000124c:	f000 f926 	bl	1000149c <clock_get_hz>
10001250:	4907      	ldr	r1, [pc, #28]	; (10001270 <uart_disable_before_lcr_write+0x44>)
10001252:	f000 fb29 	bl	100018a8 <__wrap___aeabi_uidiv>
10001256:	0001      	movs	r1, r0
10001258:	0028      	movs	r0, r5
1000125a:	f000 fb25 	bl	100018a8 <__wrap___aeabi_uidiv>
1000125e:	2100      	movs	r1, #0
10001260:	f7ff ffda 	bl	10001218 <busy_wait_us>
10001264:	e7e6      	b.n	10001234 <uart_disable_before_lcr_write+0x8>
10001266:	46c0      	nop			; (mov r8, r8)
10001268:	00003030 	.word	0x00003030
1000126c:	00000301 	.word	0x00000301
10001270:	00000e4e 	.word	0x00000e4e

10001274 <uart_write_lcr_bits_masked>:
10001274:	b570      	push	{r4, r5, r6, lr}
10001276:	0004      	movs	r4, r0
10001278:	000e      	movs	r6, r1
1000127a:	0015      	movs	r5, r2
1000127c:	f7ff ffd6 	bl	1000122c <uart_disable_before_lcr_write>
10001280:	6ae1      	ldr	r1, [r4, #44]	; 0x2c
10001282:	404e      	eors	r6, r1
10001284:	4035      	ands	r5, r6
10001286:	4b02      	ldr	r3, [pc, #8]	; (10001290 <uart_write_lcr_bits_masked+0x1c>)
10001288:	18e3      	adds	r3, r4, r3
1000128a:	601d      	str	r5, [r3, #0]
1000128c:	6320      	str	r0, [r4, #48]	; 0x30
1000128e:	bd70      	pop	{r4, r5, r6, pc}
10001290:	0000102c 	.word	0x0000102c

10001294 <uart_set_baudrate>:
10001294:	b570      	push	{r4, r5, r6, lr}
10001296:	0005      	movs	r5, r0
10001298:	000c      	movs	r4, r1
1000129a:	2006      	movs	r0, #6
1000129c:	f000 f8fe 	bl	1000149c <clock_get_hz>
100012a0:	00c0      	lsls	r0, r0, #3
100012a2:	0021      	movs	r1, r4
100012a4:	f000 fb00 	bl	100018a8 <__wrap___aeabi_uidiv>
100012a8:	3001      	adds	r0, #1
100012aa:	09c6      	lsrs	r6, r0, #7
100012ac:	d007      	beq.n	100012be <uart_set_baudrate+0x2a>
100012ae:	4b0e      	ldr	r3, [pc, #56]	; (100012e8 <uart_set_baudrate+0x54>)
100012b0:	429e      	cmp	r6, r3
100012b2:	d815      	bhi.n	100012e0 <uart_set_baudrate+0x4c>
100012b4:	0840      	lsrs	r0, r0, #1
100012b6:	0034      	movs	r4, r6
100012b8:	263f      	movs	r6, #63	; 0x3f
100012ba:	4006      	ands	r6, r0
100012bc:	e000      	b.n	100012c0 <uart_set_baudrate+0x2c>
100012be:	2401      	movs	r4, #1
100012c0:	626c      	str	r4, [r5, #36]	; 0x24
100012c2:	62ae      	str	r6, [r5, #40]	; 0x28
100012c4:	2200      	movs	r2, #0
100012c6:	2100      	movs	r1, #0
100012c8:	0028      	movs	r0, r5
100012ca:	f7ff ffd3 	bl	10001274 <uart_write_lcr_bits_masked>
100012ce:	2006      	movs	r0, #6
100012d0:	f000 f8e4 	bl	1000149c <clock_get_hz>
100012d4:	0080      	lsls	r0, r0, #2
100012d6:	01a1      	lsls	r1, r4, #6
100012d8:	1989      	adds	r1, r1, r6
100012da:	f000 fae5 	bl	100018a8 <__wrap___aeabi_uidiv>
100012de:	bd70      	pop	{r4, r5, r6, pc}
100012e0:	2600      	movs	r6, #0
100012e2:	4c02      	ldr	r4, [pc, #8]	; (100012ec <uart_set_baudrate+0x58>)
100012e4:	e7ec      	b.n	100012c0 <uart_set_baudrate+0x2c>
100012e6:	46c0      	nop			; (mov r8, r8)
100012e8:	0000fffe 	.word	0x0000fffe
100012ec:	0000ffff 	.word	0x0000ffff

100012f0 <uart_set_translate_crlf>:
100012f0:	2900      	cmp	r1, #0
100012f2:	d009      	beq.n	10001308 <uart_set_translate_crlf+0x18>
100012f4:	220a      	movs	r2, #10
100012f6:	4b06      	ldr	r3, [pc, #24]	; (10001310 <uart_set_translate_crlf+0x20>)
100012f8:	469c      	mov	ip, r3
100012fa:	4460      	add	r0, ip
100012fc:	4243      	negs	r3, r0
100012fe:	4158      	adcs	r0, r3
10001300:	0040      	lsls	r0, r0, #1
10001302:	4b04      	ldr	r3, [pc, #16]	; (10001314 <uart_set_translate_crlf+0x24>)
10001304:	52c2      	strh	r2, [r0, r3]
10001306:	4770      	bx	lr
10001308:	2280      	movs	r2, #128	; 0x80
1000130a:	0052      	lsls	r2, r2, #1
1000130c:	e7f3      	b.n	100012f6 <uart_set_translate_crlf+0x6>
1000130e:	46c0      	nop			; (mov r8, r8)
10001310:	bffc8000 	.word	0xbffc8000
10001314:	200006e0 	.word	0x200006e0

10001318 <uart_init>:
10001318:	b570      	push	{r4, r5, r6, lr}
1000131a:	0005      	movs	r5, r0
1000131c:	000c      	movs	r4, r1
1000131e:	2006      	movs	r0, #6
10001320:	f000 f8bc 	bl	1000149c <clock_get_hz>
10001324:	2800      	cmp	r0, #0
10001326:	d028      	beq.n	1000137a <uart_init+0x62>
10001328:	4b16      	ldr	r3, [pc, #88]	; (10001384 <uart_init+0x6c>)
1000132a:	429d      	cmp	r5, r3
1000132c:	d026      	beq.n	1000137c <uart_init+0x64>
1000132e:	2216      	movs	r2, #22
10001330:	2301      	movs	r3, #1
10001332:	4093      	lsls	r3, r2
10001334:	4a14      	ldr	r2, [pc, #80]	; (10001388 <uart_init+0x70>)
10001336:	6013      	str	r3, [r2, #0]
10001338:	4b12      	ldr	r3, [pc, #72]	; (10001384 <uart_init+0x6c>)
1000133a:	429d      	cmp	r5, r3
1000133c:	d020      	beq.n	10001380 <uart_init+0x68>
1000133e:	2316      	movs	r3, #22
10001340:	2201      	movs	r2, #1
10001342:	409a      	lsls	r2, r3
10001344:	4b11      	ldr	r3, [pc, #68]	; (1000138c <uart_init+0x74>)
10001346:	601a      	str	r2, [r3, #0]
10001348:	4b11      	ldr	r3, [pc, #68]	; (10001390 <uart_init+0x78>)
1000134a:	681b      	ldr	r3, [r3, #0]
1000134c:	0011      	movs	r1, r2
1000134e:	4399      	bics	r1, r3
10001350:	d1fa      	bne.n	10001348 <uart_init+0x30>
10001352:	2100      	movs	r1, #0
10001354:	0028      	movs	r0, r5
10001356:	f7ff ffcb 	bl	100012f0 <uart_set_translate_crlf>
1000135a:	0021      	movs	r1, r4
1000135c:	0028      	movs	r0, r5
1000135e:	f7ff ff99 	bl	10001294 <uart_set_baudrate>
10001362:	6aeb      	ldr	r3, [r5, #44]	; 0x2c
10001364:	2270      	movs	r2, #112	; 0x70
10001366:	405a      	eors	r2, r3
10001368:	237e      	movs	r3, #126	; 0x7e
1000136a:	4013      	ands	r3, r2
1000136c:	4a09      	ldr	r2, [pc, #36]	; (10001394 <uart_init+0x7c>)
1000136e:	18aa      	adds	r2, r5, r2
10001370:	6013      	str	r3, [r2, #0]
10001372:	4b09      	ldr	r3, [pc, #36]	; (10001398 <uart_init+0x80>)
10001374:	632b      	str	r3, [r5, #48]	; 0x30
10001376:	2303      	movs	r3, #3
10001378:	64ab      	str	r3, [r5, #72]	; 0x48
1000137a:	bd70      	pop	{r4, r5, r6, pc}
1000137c:	2217      	movs	r2, #23
1000137e:	e7d7      	b.n	10001330 <uart_init+0x18>
10001380:	2317      	movs	r3, #23
10001382:	e7dd      	b.n	10001340 <uart_init+0x28>
10001384:	40038000 	.word	0x40038000
10001388:	4000e000 	.word	0x4000e000
1000138c:	4000f000 	.word	0x4000f000
10001390:	4000c008 	.word	0x4000c008
10001394:	0000102c 	.word	0x0000102c
10001398:	00000301 	.word	0x00000301

1000139c <clock_configure_internal>:
1000139c:	b5f8      	push	{r3, r4, r5, r6, r7, lr}
1000139e:	46d6      	mov	lr, sl
100013a0:	4647      	mov	r7, r8
100013a2:	b580      	push	{r7, lr}
100013a4:	0006      	movs	r6, r0
100013a6:	000d      	movs	r5, r1
100013a8:	0017      	movs	r7, r2
100013aa:	4698      	mov	r8, r3
100013ac:	0044      	lsls	r4, r0, #1
100013ae:	1824      	adds	r4, r4, r0
100013b0:	00a4      	lsls	r4, r4, #2
100013b2:	4b29      	ldr	r3, [pc, #164]	; (10001458 <clock_configure_internal+0xbc>)
100013b4:	469c      	mov	ip, r3
100013b6:	4464      	add	r4, ip
100013b8:	6863      	ldr	r3, [r4, #4]
100013ba:	9a08      	ldr	r2, [sp, #32]
100013bc:	4293      	cmp	r3, r2
100013be:	d200      	bcs.n	100013c2 <clock_configure_internal+0x26>
100013c0:	6062      	str	r2, [r4, #4]
100013c2:	1f33      	subs	r3, r6, #4
100013c4:	b2db      	uxtb	r3, r3
100013c6:	469a      	mov	sl, r3
100013c8:	2b01      	cmp	r3, #1
100013ca:	d92e      	bls.n	1000142a <clock_configure_internal+0x8e>
100013cc:	2280      	movs	r2, #128	; 0x80
100013ce:	0112      	lsls	r2, r2, #4
100013d0:	23c0      	movs	r3, #192	; 0xc0
100013d2:	019b      	lsls	r3, r3, #6
100013d4:	18e3      	adds	r3, r4, r3
100013d6:	601a      	str	r2, [r3, #0]
100013d8:	00b3      	lsls	r3, r6, #2
100013da:	4a20      	ldr	r2, [pc, #128]	; (1000145c <clock_configure_internal+0xc0>)
100013dc:	5899      	ldr	r1, [r3, r2]
100013de:	2900      	cmp	r1, #0
100013e0:	d007      	beq.n	100013f2 <clock_configure_internal+0x56>
100013e2:	6950      	ldr	r0, [r2, #20]
100013e4:	f000 fa60 	bl	100018a8 <__wrap___aeabi_uidiv>
100013e8:	1c43      	adds	r3, r0, #1
100013ea:	0058      	lsls	r0, r3, #1
100013ec:	18c0      	adds	r0, r0, r3
100013ee:	3803      	subs	r0, #3
100013f0:	d2fd      	bcs.n	100013ee <clock_configure_internal+0x52>
100013f2:	017f      	lsls	r7, r7, #5
100013f4:	6822      	ldr	r2, [r4, #0]
100013f6:	4057      	eors	r7, r2
100013f8:	22e0      	movs	r2, #224	; 0xe0
100013fa:	4017      	ands	r7, r2
100013fc:	2380      	movs	r3, #128	; 0x80
100013fe:	015b      	lsls	r3, r3, #5
10001400:	18e3      	adds	r3, r4, r3
10001402:	601f      	str	r7, [r3, #0]
10001404:	4652      	mov	r2, sl
10001406:	2a01      	cmp	r2, #1
10001408:	d91a      	bls.n	10001440 <clock_configure_internal+0xa4>
1000140a:	2380      	movs	r3, #128	; 0x80
1000140c:	019b      	lsls	r3, r3, #6
1000140e:	18e3      	adds	r3, r4, r3
10001410:	2280      	movs	r2, #128	; 0x80
10001412:	0112      	lsls	r2, r2, #4
10001414:	601a      	str	r2, [r3, #0]
10001416:	9b08      	ldr	r3, [sp, #32]
10001418:	6063      	str	r3, [r4, #4]
1000141a:	00b6      	lsls	r6, r6, #2
1000141c:	4b0f      	ldr	r3, [pc, #60]	; (1000145c <clock_configure_internal+0xc0>)
1000141e:	4642      	mov	r2, r8
10001420:	50f2      	str	r2, [r6, r3]
10001422:	bcc0      	pop	{r6, r7}
10001424:	46ba      	mov	sl, r7
10001426:	46b0      	mov	r8, r6
10001428:	bdf8      	pop	{r3, r4, r5, r6, r7, pc}
1000142a:	2d01      	cmp	r5, #1
1000142c:	d1ce      	bne.n	100013cc <clock_configure_internal+0x30>
1000142e:	2203      	movs	r2, #3
10001430:	23c0      	movs	r3, #192	; 0xc0
10001432:	019b      	lsls	r3, r3, #6
10001434:	18e3      	adds	r3, r4, r3
10001436:	601a      	str	r2, [r3, #0]
10001438:	68a3      	ldr	r3, [r4, #8]
1000143a:	07db      	lsls	r3, r3, #31
1000143c:	d5fc      	bpl.n	10001438 <clock_configure_internal+0x9c>
1000143e:	e7d8      	b.n	100013f2 <clock_configure_internal+0x56>
10001440:	6821      	ldr	r1, [r4, #0]
10001442:	4069      	eors	r1, r5
10001444:	2203      	movs	r2, #3
10001446:	400a      	ands	r2, r1
10001448:	601a      	str	r2, [r3, #0]
1000144a:	68a3      	ldr	r3, [r4, #8]
1000144c:	2201      	movs	r2, #1
1000144e:	40aa      	lsls	r2, r5
10001450:	421a      	tst	r2, r3
10001452:	d0fa      	beq.n	1000144a <clock_configure_internal+0xae>
10001454:	e7d9      	b.n	1000140a <clock_configure_internal+0x6e>
10001456:	46c0      	nop			; (mov r8, r8)
10001458:	40008000 	.word	0x40008000
1000145c:	20000498 	.word	0x20000498

10001460 <clock_configure_int_divider>:
10001460:	b5f0      	push	{r4, r5, r6, r7, lr}
10001462:	b083      	sub	sp, #12
10001464:	0005      	movs	r5, r0
10001466:	000e      	movs	r6, r1
10001468:	0017      	movs	r7, r2
1000146a:	0018      	movs	r0, r3
1000146c:	9908      	ldr	r1, [sp, #32]
1000146e:	f000 fa1b 	bl	100018a8 <__wrap___aeabi_uidiv>
10001472:	0003      	movs	r3, r0
10001474:	9a08      	ldr	r2, [sp, #32]
10001476:	0214      	lsls	r4, r2, #8
10001478:	9400      	str	r4, [sp, #0]
1000147a:	003a      	movs	r2, r7
1000147c:	0031      	movs	r1, r6
1000147e:	0028      	movs	r0, r5
10001480:	f7ff ff8c 	bl	1000139c <clock_configure_internal>
10001484:	b003      	add	sp, #12
10001486:	bdf0      	pop	{r4, r5, r6, r7, pc}

10001488 <clock_configure_undivided>:
10001488:	b510      	push	{r4, lr}
1000148a:	b082      	sub	sp, #8
1000148c:	2480      	movs	r4, #128	; 0x80
1000148e:	0064      	lsls	r4, r4, #1
10001490:	9400      	str	r4, [sp, #0]
10001492:	f7ff ff83 	bl	1000139c <clock_configure_internal>
10001496:	b002      	add	sp, #8
10001498:	bd10      	pop	{r4, pc}
	...

1000149c <clock_get_hz>:
1000149c:	0080      	lsls	r0, r0, #2
1000149e:	4b01      	ldr	r3, [pc, #4]	; (100014a4 <clock_get_hz+0x8>)
100014a0:	58c0      	ldr	r0, [r0, r3]
100014a2:	4770      	bx	lr
100014a4:	20000498 	.word	0x20000498

100014a8 <pll_init>:
100014a8:	b5f0      	push	{r4, r5, r6, r7, lr}
100014aa:	46c6      	mov	lr, r8
100014ac:	b500      	push	{lr}
100014ae:	0004      	movs	r4, r0
100014b0:	000e      	movs	r6, r1
100014b2:	0017      	movs	r7, r2
100014b4:	001d      	movs	r5, r3
100014b6:	4836      	ldr	r0, [pc, #216]	; (10001590 <pll_init+0xe8>)
100014b8:	f000 f9f6 	bl	100018a8 <__wrap___aeabi_uidiv>
100014bc:	4680      	mov	r8, r0
100014be:	4b35      	ldr	r3, [pc, #212]	; (10001594 <pll_init+0xec>)
100014c0:	18fa      	adds	r2, r7, r3
100014c2:	4b35      	ldr	r3, [pc, #212]	; (10001598 <pll_init+0xf0>)
100014c4:	429a      	cmp	r2, r3
100014c6:	d838      	bhi.n	1000153a <pll_init+0x92>
100014c8:	0001      	movs	r1, r0
100014ca:	0038      	movs	r0, r7
100014cc:	f000 f9ec 	bl	100018a8 <__wrap___aeabi_uidiv>
100014d0:	0002      	movs	r2, r0
100014d2:	3a10      	subs	r2, #16
100014d4:	2398      	movs	r3, #152	; 0x98
100014d6:	005b      	lsls	r3, r3, #1
100014d8:	429a      	cmp	r2, r3
100014da:	d834      	bhi.n	10001546 <pll_init+0x9e>
100014dc:	1e6b      	subs	r3, r5, #1
100014de:	2b06      	cmp	r3, #6
100014e0:	d837      	bhi.n	10001552 <pll_init+0xaa>
100014e2:	9b06      	ldr	r3, [sp, #24]
100014e4:	3b01      	subs	r3, #1
100014e6:	2b06      	cmp	r3, #6
100014e8:	d833      	bhi.n	10001552 <pll_init+0xaa>
100014ea:	093f      	lsrs	r7, r7, #4
100014ec:	4547      	cmp	r7, r8
100014ee:	d336      	bcc.n	1000155e <pll_init+0xb6>
100014f0:	042d      	lsls	r5, r5, #16
100014f2:	9b06      	ldr	r3, [sp, #24]
100014f4:	031a      	lsls	r2, r3, #12
100014f6:	4315      	orrs	r5, r2
100014f8:	6823      	ldr	r3, [r4, #0]
100014fa:	2b00      	cmp	r3, #0
100014fc:	db35      	blt.n	1000156a <pll_init+0xc2>
100014fe:	4b27      	ldr	r3, [pc, #156]	; (1000159c <pll_init+0xf4>)
10001500:	429c      	cmp	r4, r3
10001502:	d043      	beq.n	1000158c <pll_init+0xe4>
10001504:	230c      	movs	r3, #12
10001506:	2201      	movs	r2, #1
10001508:	409a      	lsls	r2, r3
1000150a:	4b25      	ldr	r3, [pc, #148]	; (100015a0 <pll_init+0xf8>)
1000150c:	601a      	str	r2, [r3, #0]
1000150e:	4b25      	ldr	r3, [pc, #148]	; (100015a4 <pll_init+0xfc>)
10001510:	601a      	str	r2, [r3, #0]
10001512:	4b25      	ldr	r3, [pc, #148]	; (100015a8 <pll_init+0x100>)
10001514:	681b      	ldr	r3, [r3, #0]
10001516:	0011      	movs	r1, r2
10001518:	4399      	bics	r1, r3
1000151a:	d1fa      	bne.n	10001512 <pll_init+0x6a>
1000151c:	6026      	str	r6, [r4, #0]
1000151e:	60a0      	str	r0, [r4, #8]
10001520:	4b22      	ldr	r3, [pc, #136]	; (100015ac <pll_init+0x104>)
10001522:	18e2      	adds	r2, r4, r3
10001524:	2321      	movs	r3, #33	; 0x21
10001526:	6013      	str	r3, [r2, #0]
10001528:	6823      	ldr	r3, [r4, #0]
1000152a:	2b00      	cmp	r3, #0
1000152c:	dafc      	bge.n	10001528 <pll_init+0x80>
1000152e:	60e5      	str	r5, [r4, #12]
10001530:	2308      	movs	r3, #8
10001532:	6013      	str	r3, [r2, #0]
10001534:	bc80      	pop	{r7}
10001536:	46b8      	mov	r8, r7
10001538:	bdf0      	pop	{r4, r5, r6, r7, pc}
1000153a:	4b1d      	ldr	r3, [pc, #116]	; (100015b0 <pll_init+0x108>)
1000153c:	4a1d      	ldr	r2, [pc, #116]	; (100015b4 <pll_init+0x10c>)
1000153e:	2111      	movs	r1, #17
10001540:	481d      	ldr	r0, [pc, #116]	; (100015b8 <pll_init+0x110>)
10001542:	f002 f937 	bl	100037b4 <__assert_func>
10001546:	4b1d      	ldr	r3, [pc, #116]	; (100015bc <pll_init+0x114>)
10001548:	4a1a      	ldr	r2, [pc, #104]	; (100015b4 <pll_init+0x10c>)
1000154a:	2119      	movs	r1, #25
1000154c:	481a      	ldr	r0, [pc, #104]	; (100015b8 <pll_init+0x110>)
1000154e:	f002 f931 	bl	100037b4 <__assert_func>
10001552:	4b1b      	ldr	r3, [pc, #108]	; (100015c0 <pll_init+0x118>)
10001554:	4a17      	ldr	r2, [pc, #92]	; (100015b4 <pll_init+0x10c>)
10001556:	211c      	movs	r1, #28
10001558:	4817      	ldr	r0, [pc, #92]	; (100015b8 <pll_init+0x110>)
1000155a:	f002 f92b 	bl	100037b4 <__assert_func>
1000155e:	4b19      	ldr	r3, [pc, #100]	; (100015c4 <pll_init+0x11c>)
10001560:	4a14      	ldr	r2, [pc, #80]	; (100015b4 <pll_init+0x10c>)
10001562:	2123      	movs	r1, #35	; 0x23
10001564:	4814      	ldr	r0, [pc, #80]	; (100015b8 <pll_init+0x110>)
10001566:	f002 f925 	bl	100037b4 <__assert_func>
1000156a:	6822      	ldr	r2, [r4, #0]
1000156c:	233f      	movs	r3, #63	; 0x3f
1000156e:	4013      	ands	r3, r2
10001570:	42b3      	cmp	r3, r6
10001572:	d1c4      	bne.n	100014fe <pll_init+0x56>
10001574:	68a3      	ldr	r3, [r4, #8]
10001576:	051b      	lsls	r3, r3, #20
10001578:	0d1b      	lsrs	r3, r3, #20
1000157a:	4283      	cmp	r3, r0
1000157c:	d1bf      	bne.n	100014fe <pll_init+0x56>
1000157e:	68e3      	ldr	r3, [r4, #12]
10001580:	22ee      	movs	r2, #238	; 0xee
10001582:	02d2      	lsls	r2, r2, #11
10001584:	4013      	ands	r3, r2
10001586:	42ab      	cmp	r3, r5
10001588:	d1b9      	bne.n	100014fe <pll_init+0x56>
1000158a:	e7d3      	b.n	10001534 <pll_init+0x8c>
1000158c:	230d      	movs	r3, #13
1000158e:	e7ba      	b.n	10001506 <pll_init+0x5e>
10001590:	00b71b00 	.word	0x00b71b00
10001594:	d34be880 	.word	0xd34be880
10001598:	32a9f880 	.word	0x32a9f880
1000159c:	4002c000 	.word	0x4002c000
100015a0:	4000e000 	.word	0x4000e000
100015a4:	4000f000 	.word	0x4000f000
100015a8:	4000c008 	.word	0x4000c008
100015ac:	00003004 	.word	0x00003004
100015b0:	100042dc 	.word	0x100042dc
100015b4:	100043fc 	.word	0x100043fc
100015b8:	1000432c 	.word	0x1000432c
100015bc:	10004378 	.word	0x10004378
100015c0:	10004394 	.word	0x10004394
100015c4:	100043e0 	.word	0x100043e0

100015c8 <tick_start>:
100015c8:	2380      	movs	r3, #128	; 0x80
100015ca:	009b      	lsls	r3, r3, #2
100015cc:	430b      	orrs	r3, r1
100015ce:	4a01      	ldr	r2, [pc, #4]	; (100015d4 <tick_start+0xc>)
100015d0:	62d3      	str	r3, [r2, #44]	; 0x2c
100015d2:	4770      	bx	lr
100015d4:	40058000 	.word	0x40058000

100015d8 <rom_func_lookup>:
100015d8:	b510      	push	{r4, lr}
100015da:	0001      	movs	r1, r0
100015dc:	2318      	movs	r3, #24
100015de:	881b      	ldrh	r3, [r3, #0]
100015e0:	2214      	movs	r2, #20
100015e2:	8810      	ldrh	r0, [r2, #0]
100015e4:	4798      	blx	r3
100015e6:	bd10      	pop	{r4, pc}

100015e8 <rom_data_lookup>:
100015e8:	b510      	push	{r4, lr}
100015ea:	0001      	movs	r1, r0
100015ec:	2318      	movs	r3, #24
100015ee:	881b      	ldrh	r3, [r3, #0]
100015f0:	2216      	movs	r2, #22
100015f2:	8810      	ldrh	r0, [r2, #0]
100015f4:	4798      	blx	r3
100015f6:	bd10      	pop	{r4, pc}

100015f8 <rom_funcs_lookup>:
100015f8:	b5f0      	push	{r4, r5, r6, r7, lr}
100015fa:	46c6      	mov	lr, r8
100015fc:	b500      	push	{lr}
100015fe:	0007      	movs	r7, r0
10001600:	000e      	movs	r6, r1
10001602:	2500      	movs	r5, #0
10001604:	2301      	movs	r3, #1
10001606:	4698      	mov	r8, r3
10001608:	e000      	b.n	1000160c <rom_funcs_lookup+0x14>
1000160a:	3501      	adds	r5, #1
1000160c:	42b5      	cmp	r5, r6
1000160e:	d20a      	bcs.n	10001626 <rom_funcs_lookup+0x2e>
10001610:	00ac      	lsls	r4, r5, #2
10001612:	193c      	adds	r4, r7, r4
10001614:	6820      	ldr	r0, [r4, #0]
10001616:	f7ff ffdf 	bl	100015d8 <rom_func_lookup>
1000161a:	6020      	str	r0, [r4, #0]
1000161c:	2800      	cmp	r0, #0
1000161e:	d1f4      	bne.n	1000160a <rom_funcs_lookup+0x12>
10001620:	2300      	movs	r3, #0
10001622:	4698      	mov	r8, r3
10001624:	e7f1      	b.n	1000160a <rom_funcs_lookup+0x12>
10001626:	4640      	mov	r0, r8
10001628:	bc80      	pop	{r7}
1000162a:	46b8      	mov	r8, r7
1000162c:	bdf0      	pop	{r4, r5, r6, r7, pc}
	...

10001630 <xosc_init>:
10001630:	4b07      	ldr	r3, [pc, #28]	; (10001650 <xosc_init+0x20>)
10001632:	22aa      	movs	r2, #170	; 0xaa
10001634:	0112      	lsls	r2, r2, #4
10001636:	601a      	str	r2, [r3, #0]
10001638:	228d      	movs	r2, #141	; 0x8d
1000163a:	0052      	lsls	r2, r2, #1
1000163c:	60da      	str	r2, [r3, #12]
1000163e:	4b05      	ldr	r3, [pc, #20]	; (10001654 <xosc_init+0x24>)
10001640:	4a05      	ldr	r2, [pc, #20]	; (10001658 <xosc_init+0x28>)
10001642:	601a      	str	r2, [r3, #0]
10001644:	4b02      	ldr	r3, [pc, #8]	; (10001650 <xosc_init+0x20>)
10001646:	685b      	ldr	r3, [r3, #4]
10001648:	2b00      	cmp	r3, #0
1000164a:	dafb      	bge.n	10001644 <xosc_init+0x14>
1000164c:	4770      	bx	lr
1000164e:	46c0      	nop			; (mov r8, r8)
10001650:	40024000 	.word	0x40024000
10001654:	40026000 	.word	0x40026000
10001658:	00fab000 	.word	0x00fab000

1000165c <runtime_run_initializers_from>:
1000165c:	b510      	push	{r4, lr}
1000165e:	0004      	movs	r4, r0
10001660:	e001      	b.n	10001666 <runtime_run_initializers_from+0xa>
10001662:	cc08      	ldmia	r4!, {r3}
10001664:	4798      	blx	r3
10001666:	4b02      	ldr	r3, [pc, #8]	; (10001670 <runtime_run_initializers_from+0x14>)
10001668:	429c      	cmp	r4, r3
1000166a:	d3fa      	bcc.n	10001662 <runtime_run_initializers_from+0x6>
1000166c:	bd10      	pop	{r4, pc}
1000166e:	46c0      	nop			; (mov r8, r8)
10001670:	10003dbc 	.word	0x10003dbc

10001674 <first_per_core_initializer>:
10001674:	4770      	bx	lr
	...

10001678 <runtime_run_initializers>:
10001678:	b510      	push	{r4, lr}
1000167a:	4802      	ldr	r0, [pc, #8]	; (10001684 <runtime_run_initializers+0xc>)
1000167c:	f7ff ffee 	bl	1000165c <runtime_run_initializers_from>
10001680:	bd10      	pop	{r4, pc}
10001682:	46c0      	nop			; (mov r8, r8)
10001684:	10003d80 	.word	0x10003d80

10001688 <runtime_init_early_resets>:
10001688:	4b05      	ldr	r3, [pc, #20]	; (100016a0 <runtime_init_early_resets+0x18>)
1000168a:	4a06      	ldr	r2, [pc, #24]	; (100016a4 <runtime_init_early_resets+0x1c>)
1000168c:	601a      	str	r2, [r3, #0]
1000168e:	4b06      	ldr	r3, [pc, #24]	; (100016a8 <runtime_init_early_resets+0x20>)
10001690:	4a06      	ldr	r2, [pc, #24]	; (100016ac <runtime_init_early_resets+0x24>)
10001692:	601a      	str	r2, [r3, #0]
10001694:	4b06      	ldr	r3, [pc, #24]	; (100016b0 <runtime_init_early_resets+0x28>)
10001696:	681a      	ldr	r2, [r3, #0]
10001698:	4b04      	ldr	r3, [pc, #16]	; (100016ac <runtime_init_early_resets+0x24>)
1000169a:	4393      	bics	r3, r2
1000169c:	d1fa      	bne.n	10001694 <runtime_init_early_resets+0xc>
1000169e:	4770      	bx	lr
100016a0:	4000e000 	.word	0x4000e000
100016a4:	fefbcdbf 	.word	0xfefbcdbf
100016a8:	4000f000 	.word	0x4000f000
100016ac:	003c7ffe 	.word	0x003c7ffe
100016b0:	4000c008 	.word	0x4000c008

100016b4 <runtime_init_usb_power_down>:
100016b4:	4b04      	ldr	r3, [pc, #16]	; (100016c8 <runtime_init_usb_power_down+0x14>)
100016b6:	6cdb      	ldr	r3, [r3, #76]	; 0x4c
100016b8:	2b00      	cmp	r3, #0
100016ba:	d103      	bne.n	100016c4 <runtime_init_usb_power_down+0x10>
100016bc:	4b03      	ldr	r3, [pc, #12]	; (100016cc <runtime_init_usb_power_down+0x18>)
100016be:	2280      	movs	r2, #128	; 0x80
100016c0:	02d2      	lsls	r2, r2, #11
100016c2:	601a      	str	r2, [r3, #0]
100016c4:	4770      	bx	lr
100016c6:	46c0      	nop			; (mov r8, r8)
100016c8:	50110000 	.word	0x50110000
100016cc:	5011204c 	.word	0x5011204c

100016d0 <runtime_init_post_clock_resets>:
100016d0:	4b04      	ldr	r3, [pc, #16]	; (100016e4 <runtime_init_post_clock_resets+0x14>)
100016d2:	4a05      	ldr	r2, [pc, #20]	; (100016e8 <runtime_init_post_clock_resets+0x18>)
100016d4:	601a      	str	r2, [r3, #0]
100016d6:	4b05      	ldr	r3, [pc, #20]	; (100016ec <runtime_init_post_clock_resets+0x1c>)
100016d8:	681b      	ldr	r3, [r3, #0]
100016da:	43db      	mvns	r3, r3
100016dc:	01db      	lsls	r3, r3, #7
100016de:	d1fa      	bne.n	100016d6 <runtime_init_post_clock_resets+0x6>
100016e0:	4770      	bx	lr
100016e2:	46c0      	nop			; (mov r8, r8)
100016e4:	4000f000 	.word	0x4000f000
100016e8:	01ffffff 	.word	0x01ffffff
100016ec:	4000c008 	.word	0x4000c008

100016f0 <runtime_init_rp2040_gpio_ie_disable>:
100016f0:	4b03      	ldr	r3, [pc, #12]	; (10001700 <runtime_init_rp2040_gpio_ie_disable+0x10>)
100016f2:	2240      	movs	r2, #64	; 0x40
100016f4:	679a      	str	r2, [r3, #120]	; 0x78
100016f6:	675a      	str	r2, [r3, #116]	; 0x74
100016f8:	671a      	str	r2, [r3, #112]	; 0x70
100016fa:	66da      	str	r2, [r3, #108]	; 0x6c
100016fc:	4770      	bx	lr
100016fe:	46c0      	nop			; (mov r8, r8)
10001700:	4001f000 	.word	0x4001f000

10001704 <runtime_init_spin_locks_reset>:
10001704:	b510      	push	{r4, lr}
10001706:	f7fe ff57 	bl	100005b8 <spin_locks_reset>
1000170a:	bd10      	pop	{r4, pc}

1000170c <runtime_init_install_ram_vector_table>:
1000170c:	b510      	push	{r4, lr}
1000170e:	4a0c      	ldr	r2, [pc, #48]	; (10001740 <runtime_init_install_ram_vector_table+0x34>)
10001710:	4b0c      	ldr	r3, [pc, #48]	; (10001744 <runtime_init_install_ram_vector_table+0x38>)
10001712:	1ad2      	subs	r2, r2, r3
10001714:	1092      	asrs	r2, r2, #2
10001716:	0014      	movs	r4, r2
10001718:	2a30      	cmp	r2, #48	; 0x30
1000171a:	d900      	bls.n	1000171e <runtime_init_install_ram_vector_table+0x12>
1000171c:	2230      	movs	r2, #48	; 0x30
1000171e:	0092      	lsls	r2, r2, #2
10001720:	4908      	ldr	r1, [pc, #32]	; (10001744 <runtime_init_install_ram_vector_table+0x38>)
10001722:	4809      	ldr	r0, [pc, #36]	; (10001748 <runtime_init_install_ram_vector_table+0x3c>)
10001724:	f000 ff9a 	bl	1000265c <__wrap___aeabi_memcpy>
10001728:	e004      	b.n	10001734 <runtime_init_install_ram_vector_table+0x28>
1000172a:	00a2      	lsls	r2, r4, #2
1000172c:	4907      	ldr	r1, [pc, #28]	; (1000174c <runtime_init_install_ram_vector_table+0x40>)
1000172e:	4b06      	ldr	r3, [pc, #24]	; (10001748 <runtime_init_install_ram_vector_table+0x3c>)
10001730:	50d1      	str	r1, [r2, r3]
10001732:	3401      	adds	r4, #1
10001734:	2c2f      	cmp	r4, #47	; 0x2f
10001736:	d9f8      	bls.n	1000172a <runtime_init_install_ram_vector_table+0x1e>
10001738:	4a03      	ldr	r2, [pc, #12]	; (10001748 <runtime_init_install_ram_vector_table+0x3c>)
1000173a:	4b05      	ldr	r3, [pc, #20]	; (10001750 <runtime_init_install_ram_vector_table+0x44>)
1000173c:	609a      	str	r2, [r3, #8]
1000173e:	bd10      	pop	{r4, pc}
10001740:	100001c0 	.word	0x100001c0
10001744:	10000100 	.word	0x10000100
10001748:	20000000 	.word	0x20000000
1000174c:	100001c1 	.word	0x100001c1
10001750:	e000ed00 	.word	0xe000ed00

10001754 <start_all_ticks>:
10001754:	b570      	push	{r4, r5, r6, lr}
10001756:	2004      	movs	r0, #4
10001758:	f7ff fea0 	bl	1000149c <clock_get_hz>
1000175c:	4906      	ldr	r1, [pc, #24]	; (10001778 <start_all_ticks+0x24>)
1000175e:	f000 f8a3 	bl	100018a8 <__wrap___aeabi_uidiv>
10001762:	0005      	movs	r5, r0
10001764:	2400      	movs	r4, #0
10001766:	2c00      	cmp	r4, #0
10001768:	dd00      	ble.n	1000176c <start_all_ticks+0x18>
1000176a:	bd70      	pop	{r4, r5, r6, pc}
1000176c:	b2e0      	uxtb	r0, r4
1000176e:	0029      	movs	r1, r5
10001770:	f7ff ff2a 	bl	100015c8 <tick_start>
10001774:	3401      	adds	r4, #1
10001776:	e7f6      	b.n	10001766 <start_all_ticks+0x12>
10001778:	000f4240 	.word	0x000f4240

1000177c <runtime_init_clocks>:
1000177c:	b530      	push	{r4, r5, lr}
1000177e:	b083      	sub	sp, #12
10001780:	4b27      	ldr	r3, [pc, #156]	; (10001820 <runtime_init_clocks+0xa4>)
10001782:	2200      	movs	r2, #0
10001784:	679a      	str	r2, [r3, #120]	; 0x78
10001786:	f7ff ff53 	bl	10001630 <xosc_init>
1000178a:	4b26      	ldr	r3, [pc, #152]	; (10001824 <runtime_init_clocks+0xa8>)
1000178c:	2201      	movs	r2, #1
1000178e:	601a      	str	r2, [r3, #0]
10001790:	4b23      	ldr	r3, [pc, #140]	; (10001820 <runtime_init_clocks+0xa4>)
10001792:	6c5b      	ldr	r3, [r3, #68]	; 0x44
10001794:	2b01      	cmp	r3, #1
10001796:	d1fb      	bne.n	10001790 <runtime_init_clocks+0x14>
10001798:	4b23      	ldr	r3, [pc, #140]	; (10001828 <runtime_init_clocks+0xac>)
1000179a:	2203      	movs	r2, #3
1000179c:	601a      	str	r2, [r3, #0]
1000179e:	4b20      	ldr	r3, [pc, #128]	; (10001820 <runtime_init_clocks+0xa4>)
100017a0:	6b9b      	ldr	r3, [r3, #56]	; 0x38
100017a2:	2b01      	cmp	r3, #1
100017a4:	d1fb      	bne.n	1000179e <runtime_init_clocks+0x22>
100017a6:	3301      	adds	r3, #1
100017a8:	9300      	str	r3, [sp, #0]
100017aa:	3304      	adds	r3, #4
100017ac:	4a1f      	ldr	r2, [pc, #124]	; (1000182c <runtime_init_clocks+0xb0>)
100017ae:	2101      	movs	r1, #1
100017b0:	481f      	ldr	r0, [pc, #124]	; (10001830 <runtime_init_clocks+0xb4>)
100017b2:	f7ff fe79 	bl	100014a8 <pll_init>
100017b6:	2305      	movs	r3, #5
100017b8:	9300      	str	r3, [sp, #0]
100017ba:	4a1e      	ldr	r2, [pc, #120]	; (10001834 <runtime_init_clocks+0xb8>)
100017bc:	2101      	movs	r1, #1
100017be:	481e      	ldr	r0, [pc, #120]	; (10001838 <runtime_init_clocks+0xbc>)
100017c0:	f7ff fe72 	bl	100014a8 <pll_init>
100017c4:	4b1d      	ldr	r3, [pc, #116]	; (1000183c <runtime_init_clocks+0xc0>)
100017c6:	2200      	movs	r2, #0
100017c8:	2102      	movs	r1, #2
100017ca:	2004      	movs	r0, #4
100017cc:	f7ff fe5c 	bl	10001488 <clock_configure_undivided>
100017d0:	4d1b      	ldr	r5, [pc, #108]	; (10001840 <runtime_init_clocks+0xc4>)
100017d2:	002b      	movs	r3, r5
100017d4:	2200      	movs	r2, #0
100017d6:	2101      	movs	r1, #1
100017d8:	2005      	movs	r0, #5
100017da:	f7ff fe55 	bl	10001488 <clock_configure_undivided>
100017de:	4c19      	ldr	r4, [pc, #100]	; (10001844 <runtime_init_clocks+0xc8>)
100017e0:	0023      	movs	r3, r4
100017e2:	2200      	movs	r2, #0
100017e4:	2100      	movs	r1, #0
100017e6:	2007      	movs	r0, #7
100017e8:	f7ff fe4e 	bl	10001488 <clock_configure_undivided>
100017ec:	0023      	movs	r3, r4
100017ee:	2200      	movs	r2, #0
100017f0:	2100      	movs	r1, #0
100017f2:	2008      	movs	r0, #8
100017f4:	f7ff fe48 	bl	10001488 <clock_configure_undivided>
100017f8:	2380      	movs	r3, #128	; 0x80
100017fa:	00db      	lsls	r3, r3, #3
100017fc:	9300      	str	r3, [sp, #0]
100017fe:	0023      	movs	r3, r4
10001800:	2200      	movs	r2, #0
10001802:	2100      	movs	r1, #0
10001804:	2009      	movs	r0, #9
10001806:	f7ff fe2b 	bl	10001460 <clock_configure_int_divider>
1000180a:	002b      	movs	r3, r5
1000180c:	2200      	movs	r2, #0
1000180e:	2100      	movs	r1, #0
10001810:	2006      	movs	r0, #6
10001812:	f7ff fe39 	bl	10001488 <clock_configure_undivided>
10001816:	f7ff ff9d 	bl	10001754 <start_all_ticks>
1000181a:	b003      	add	sp, #12
1000181c:	bd30      	pop	{r4, r5, pc}
1000181e:	46c0      	nop			; (mov r8, r8)
10001820:	40008000 	.word	0x40008000
10001824:	4000b03c 	.word	0x4000b03c
10001828:	4000b030 	.word	0x4000b030
1000182c:	59682f00 	.word	0x59682f00
10001830:	40028000 	.word	0x40028000
10001834:	47868c00 	.word	0x47868c00
10001838:	4002c000 	.word	0x4002c000
1000183c:	00b71b00 	.word	0x00b71b00
10001840:	07735940 	.word	0x07735940
10001844:	02dc6c00 	.word	0x02dc6c00

10001848 <__aeabi_bits_init>:
10001848:	4801      	ldr	r0, [pc, #4]	; (10001850 <__aeabi_bits_init+0x8>)
1000184a:	2104      	movs	r1, #4
1000184c:	4b01      	ldr	r3, [pc, #4]	; (10001854 <__aeabi_bits_init+0xc>)
1000184e:	4718      	bx	r3
10001850:	200002b0 	.word	0x200002b0
10001854:	100015f9 	.word	0x100015f9

10001858 <__wrap___aeabi_idiv>:
10001858:	4a12      	ldr	r2, [pc, #72]	; (100018a4 <divmod_s32s32_savestate+0x18>)
1000185a:	6f93      	ldr	r3, [r2, #120]	; 0x78
1000185c:	089b      	lsrs	r3, r3, #2
1000185e:	d215      	bcs.n	1000188c <divmod_s32s32_savestate>

10001860 <divmod_s32s32_unsafe>:
10001860:	6690      	str	r0, [r2, #104]	; 0x68
10001862:	66d1      	str	r1, [r2, #108]	; 0x6c
10001864:	2900      	cmp	r1, #0
10001866:	d005      	beq.n	10001874 <divmod_s32s32_unsafe+0x14>
10001868:	e7ff      	b.n	1000186a <divmod_s32s32_unsafe+0xa>
1000186a:	e7ff      	b.n	1000186c <divmod_s32s32_unsafe+0xc>
1000186c:	e7ff      	b.n	1000186e <divmod_s32s32_unsafe+0xe>
1000186e:	6f51      	ldr	r1, [r2, #116]	; 0x74
10001870:	6f10      	ldr	r0, [r2, #112]	; 0x70
10001872:	4770      	bx	lr
10001874:	b504      	push	{r2, lr}
10001876:	2180      	movs	r1, #128	; 0x80
10001878:	0609      	lsls	r1, r1, #24
1000187a:	17c2      	asrs	r2, r0, #31
1000187c:	4051      	eors	r1, r2
1000187e:	2800      	cmp	r0, #0
10001880:	d000      	beq.n	10001884 <divmod_s32s32_unsafe+0x24>
10001882:	43c8      	mvns	r0, r1
10001884:	f002 fa6c 	bl	10003d60 <____aeabi_idiv0_veneer>
10001888:	2100      	movs	r1, #0
1000188a:	bd04      	pop	{r2, pc}

1000188c <divmod_s32s32_savestate>:
1000188c:	b5f0      	push	{r4, r5, r6, r7, lr}
1000188e:	6e14      	ldr	r4, [r2, #96]	; 0x60
10001890:	6e55      	ldr	r5, [r2, #100]	; 0x64
10001892:	6f57      	ldr	r7, [r2, #116]	; 0x74
10001894:	6f16      	ldr	r6, [r2, #112]	; 0x70
10001896:	f7ff ffe3 	bl	10001860 <divmod_s32s32_unsafe>
1000189a:	6614      	str	r4, [r2, #96]	; 0x60
1000189c:	6655      	str	r5, [r2, #100]	; 0x64
1000189e:	6757      	str	r7, [r2, #116]	; 0x74
100018a0:	6716      	str	r6, [r2, #112]	; 0x70
100018a2:	bdf0      	pop	{r4, r5, r6, r7, pc}
100018a4:	d0000000 	.word	0xd0000000

100018a8 <__wrap___aeabi_uidiv>:
100018a8:	4a11      	ldr	r2, [pc, #68]	; (100018f0 <divmod_u32u32_savestate+0x18>)
100018aa:	6f93      	ldr	r3, [r2, #120]	; 0x78
100018ac:	089b      	lsrs	r3, r3, #2
100018ae:	d213      	bcs.n	100018d8 <divmod_u32u32_savestate>

100018b0 <divmod_u32u32_unsafe>:
100018b0:	6610      	str	r0, [r2, #96]	; 0x60
100018b2:	6651      	str	r1, [r2, #100]	; 0x64
100018b4:	2900      	cmp	r1, #0
100018b6:	d005      	beq.n	100018c4 <divmod_u32u32_unsafe+0x14>
100018b8:	e7ff      	b.n	100018ba <divmod_u32u32_unsafe+0xa>
100018ba:	e7ff      	b.n	100018bc <divmod_u32u32_unsafe+0xc>
100018bc:	e7ff      	b.n	100018be <divmod_u32u32_unsafe+0xe>
100018be:	6f51      	ldr	r1, [r2, #116]	; 0x74
100018c0:	6f10      	ldr	r0, [r2, #112]	; 0x70
100018c2:	4770      	bx	lr
100018c4:	b504      	push	{r2, lr}
100018c6:	2800      	cmp	r0, #0
100018c8:	d001      	beq.n	100018ce <divmod_u32u32_unsafe+0x1e>
100018ca:	2000      	movs	r0, #0
100018cc:	43c0      	mvns	r0, r0
100018ce:	f002 fa47 	bl	10003d60 <____aeabi_idiv0_veneer>
100018d2:	2100      	movs	r1, #0
100018d4:	bd04      	pop	{r2, pc}
100018d6:	46c0      	nop			; (mov r8, r8)

100018d8 <divmod_u32u32_savestate>:
100018d8:	b5f0      	push	{r4, r5, r6, r7, lr}
100018da:	6e14      	ldr	r4, [r2, #96]	; 0x60
100018dc:	6e55      	ldr	r5, [r2, #100]	; 0x64
100018de:	6f57      	ldr	r7, [r2, #116]	; 0x74
100018e0:	6f16      	ldr	r6, [r2, #112]	; 0x70
100018e2:	f7ff ffe5 	bl	100018b0 <divmod_u32u32_unsafe>
100018e6:	6614      	str	r4, [r2, #96]	; 0x60
100018e8:	6655      	str	r5, [r2, #100]	; 0x64
100018ea:	6757      	str	r7, [r2, #116]	; 0x74
100018ec:	6716      	str	r6, [r2, #112]	; 0x70
100018ee:	bdf0      	pop	{r4, r5, r6, r7, pc}
100018f0:	d0000000 	.word	0xd0000000

100018f4 <__wrap___aeabi_ldivmod>:
100018f4:	4694      	mov	ip, r2
100018f6:	4a4a      	ldr	r2, [pc, #296]	; (10001a20 <udiv0+0x1a>)
100018f8:	6f92      	ldr	r2, [r2, #120]	; 0x78
100018fa:	0892      	lsrs	r2, r2, #2
100018fc:	4662      	mov	r2, ip
100018fe:	d201      	bcs.n	10001904 <divmod_s64s64_savestate>
10001900:	e028      	b.n	10001954 <divmod_s64s64_unsafe>
10001902:	46c0      	nop			; (mov r8, r8)

10001904 <divmod_s64s64_savestate>:
10001904:	b5f0      	push	{r4, r5, r6, r7, lr}
10001906:	4e46      	ldr	r6, [pc, #280]	; (10001a20 <udiv0+0x1a>)
10001908:	6e34      	ldr	r4, [r6, #96]	; 0x60
1000190a:	6e75      	ldr	r5, [r6, #100]	; 0x64
1000190c:	6f77      	ldr	r7, [r6, #116]	; 0x74
1000190e:	6f36      	ldr	r6, [r6, #112]	; 0x70
10001910:	f000 f820 	bl	10001954 <divmod_s64s64_unsafe>
10001914:	4694      	mov	ip, r2
10001916:	4a42      	ldr	r2, [pc, #264]	; (10001a20 <udiv0+0x1a>)
10001918:	6614      	str	r4, [r2, #96]	; 0x60
1000191a:	6655      	str	r5, [r2, #100]	; 0x64
1000191c:	6757      	str	r7, [r2, #116]	; 0x74
1000191e:	6716      	str	r6, [r2, #112]	; 0x70
10001920:	4662      	mov	r2, ip
10001922:	bdf0      	pop	{r4, r5, r6, r7, pc}

10001924 <__wrap___aeabi_uldivmod>:
10001924:	4694      	mov	ip, r2
10001926:	4a3e      	ldr	r2, [pc, #248]	; (10001a20 <udiv0+0x1a>)
10001928:	6f92      	ldr	r2, [r2, #120]	; 0x78
1000192a:	0892      	lsrs	r2, r2, #2
1000192c:	4662      	mov	r2, ip
1000192e:	d201      	bcs.n	10001934 <divmod_u64u64_savestate>
10001930:	e054      	b.n	100019dc <divmod_u64u64_unsafe>
10001932:	46c0      	nop			; (mov r8, r8)

10001934 <divmod_u64u64_savestate>:
10001934:	b5f0      	push	{r4, r5, r6, r7, lr}
10001936:	4e3a      	ldr	r6, [pc, #232]	; (10001a20 <udiv0+0x1a>)
10001938:	6e34      	ldr	r4, [r6, #96]	; 0x60
1000193a:	6e75      	ldr	r5, [r6, #100]	; 0x64
1000193c:	6f77      	ldr	r7, [r6, #116]	; 0x74
1000193e:	6f36      	ldr	r6, [r6, #112]	; 0x70
10001940:	f000 f84c 	bl	100019dc <divmod_u64u64_unsafe>
10001944:	4694      	mov	ip, r2
10001946:	4a36      	ldr	r2, [pc, #216]	; (10001a20 <udiv0+0x1a>)
10001948:	6614      	str	r4, [r2, #96]	; 0x60
1000194a:	6655      	str	r5, [r2, #100]	; 0x64
1000194c:	6757      	str	r7, [r2, #116]	; 0x74
1000194e:	6716      	str	r6, [r2, #112]	; 0x70
10001950:	4662      	mov	r2, ip
10001952:	bdf0      	pop	{r4, r5, r6, r7, pc}

10001954 <divmod_s64s64_unsafe>:
10001954:	2b00      	cmp	r3, #0
10001956:	db24      	blt.n	100019a2 <l42_1+0x26>
10001958:	d011      	beq.n	1000197e <l42_1+0x2>
1000195a:	2900      	cmp	r1, #0
1000195c:	da3e      	bge.n	100019dc <divmod_u64u64_unsafe>
1000195e:	b500      	push	{lr}
10001960:	43c9      	mvns	r1, r1
10001962:	4240      	negs	r0, r0
10001964:	d100      	bne.n	10001968 <l40_1>
10001966:	3101      	adds	r1, #1

10001968 <l40_1>:
10001968:	f000 f838 	bl	100019dc <divmod_u64u64_unsafe>
1000196c:	43c9      	mvns	r1, r1
1000196e:	4240      	negs	r0, r0
10001970:	d100      	bne.n	10001974 <l41_1>
10001972:	3101      	adds	r1, #1

10001974 <l41_1>:
10001974:	43db      	mvns	r3, r3
10001976:	4252      	negs	r2, r2
10001978:	d100      	bne.n	1000197c <l42_1>
1000197a:	3301      	adds	r3, #1

1000197c <l42_1>:
1000197c:	bd00      	pop	{pc}
1000197e:	2a00      	cmp	r2, #0
10001980:	d1eb      	bne.n	1000195a <divmod_s64s64_unsafe+0x6>
10001982:	2800      	cmp	r0, #0
10001984:	d101      	bne.n	1000198a <l42_1+0xe>
10001986:	2900      	cmp	r1, #0
10001988:	d005      	beq.n	10001996 <l42_1+0x1a>
1000198a:	2000      	movs	r0, #0
1000198c:	0fc9      	lsrs	r1, r1, #31
1000198e:	07c9      	lsls	r1, r1, #31
10001990:	d101      	bne.n	10001996 <l42_1+0x1a>
10001992:	43c0      	mvns	r0, r0
10001994:	0841      	lsrs	r1, r0, #1
10001996:	b500      	push	{lr}
10001998:	f002 f9da 	bl	10003d50 <____aeabi_ldiv0_veneer>
1000199c:	2200      	movs	r2, #0
1000199e:	2300      	movs	r3, #0
100019a0:	bd00      	pop	{pc}
100019a2:	b500      	push	{lr}
100019a4:	2900      	cmp	r1, #0
100019a6:	db0a      	blt.n	100019be <l44_1+0x2>
100019a8:	43db      	mvns	r3, r3
100019aa:	4252      	negs	r2, r2
100019ac:	d100      	bne.n	100019b0 <l43_1>
100019ae:	3301      	adds	r3, #1

100019b0 <l43_1>:
100019b0:	f000 f814 	bl	100019dc <divmod_u64u64_unsafe>
100019b4:	43c9      	mvns	r1, r1
100019b6:	4240      	negs	r0, r0
100019b8:	d100      	bne.n	100019bc <l44_1>
100019ba:	3101      	adds	r1, #1

100019bc <l44_1>:
100019bc:	bd00      	pop	{pc}
100019be:	43c9      	mvns	r1, r1
100019c0:	4240      	negs	r0, r0
100019c2:	d100      	bne.n	100019c6 <l45_1>
100019c4:	3101      	adds	r1, #1

100019c6 <l45_1>:
100019c6:	43db      	mvns	r3, r3
100019c8:	4252      	negs	r2, r2
100019ca:	d100      	bne.n	100019ce <l46_1>
100019cc:	3301      	adds	r3, #1

100019ce <l46_1>:
100019ce:	f000 f805 	bl	100019dc <divmod_u64u64_unsafe>
100019d2:	43db      	mvns	r3, r3
100019d4:	4252      	negs	r2, r2
100019d6:	d100      	bne.n	100019da <l47_1>
100019d8:	3301      	adds	r3, #1

100019da <l47_1>:
100019da:	bd00      	pop	{pc}

100019dc <divmod_u64u64_unsafe>:
100019dc:	2900      	cmp	r1, #0
100019de:	d123      	bne.n	10001a28 <y64>
100019e0:	2b00      	cmp	r3, #0
100019e2:	d118      	bne.n	10001a16 <udiv0+0x10>
100019e4:	2a00      	cmp	r2, #0
100019e6:	d00c      	beq.n	10001a02 <divmod_u64u64_unsafe+0x26>
100019e8:	46bc      	mov	ip, r7
100019ea:	4f0d      	ldr	r7, [pc, #52]	; (10001a20 <udiv0+0x1a>)
100019ec:	6638      	str	r0, [r7, #96]	; 0x60
100019ee:	667a      	str	r2, [r7, #100]	; 0x64
100019f0:	2100      	movs	r1, #0
100019f2:	2300      	movs	r3, #0
100019f4:	e7ff      	b.n	100019f6 <divmod_u64u64_unsafe+0x1a>
100019f6:	e7ff      	b.n	100019f8 <divmod_u64u64_unsafe+0x1c>
100019f8:	e7ff      	b.n	100019fa <divmod_u64u64_unsafe+0x1e>
100019fa:	6f7a      	ldr	r2, [r7, #116]	; 0x74
100019fc:	6f38      	ldr	r0, [r7, #112]	; 0x70
100019fe:	4667      	mov	r7, ip
10001a00:	4770      	bx	lr
10001a02:	2800      	cmp	r0, #0
10001a04:	d001      	beq.n	10001a0a <udiv0+0x4>

10001a06 <udiv0>:
10001a06:	4807      	ldr	r0, [pc, #28]	; (10001a24 <udiv0+0x1e>)
10001a08:	0001      	movs	r1, r0
10001a0a:	b500      	push	{lr}
10001a0c:	f002 f9a0 	bl	10003d50 <____aeabi_ldiv0_veneer>
10001a10:	2200      	movs	r2, #0
10001a12:	2300      	movs	r3, #0
10001a14:	bd00      	pop	{pc}
10001a16:	0002      	movs	r2, r0
10001a18:	000b      	movs	r3, r1
10001a1a:	2000      	movs	r0, #0
10001a1c:	2100      	movs	r1, #0
10001a1e:	4770      	bx	lr
10001a20:	d0000000 	.word	0xd0000000
10001a24:	ffffffff 	.word	0xffffffff

10001a28 <y64>:
10001a28:	2b00      	cmp	r3, #0
10001a2a:	d000      	beq.n	10001a2e <y64+0x6>
10001a2c:	e0bf      	b.n	10001bae <y64_x48>
10001a2e:	0c13      	lsrs	r3, r2, #16
10001a30:	d128      	bne.n	10001a84 <y64_x32>
10001a32:	2a00      	cmp	r2, #0
10001a34:	d0e7      	beq.n	10001a06 <udiv0>
10001a36:	b480      	push	{r7}
10001a38:	4f11      	ldr	r7, [pc, #68]	; (10001a80 <y64+0x58>)
10001a3a:	6639      	str	r1, [r7, #96]	; 0x60
10001a3c:	667a      	str	r2, [r7, #100]	; 0x64
10001a3e:	e7ff      	b.n	10001a40 <y64+0x18>
10001a40:	e7ff      	b.n	10001a42 <y64+0x1a>
10001a42:	b430      	push	{r4, r5}
10001a44:	0c04      	lsrs	r4, r0, #16
10001a46:	6f7b      	ldr	r3, [r7, #116]	; 0x74
10001a48:	6f39      	ldr	r1, [r7, #112]	; 0x70
10001a4a:	041b      	lsls	r3, r3, #16
10001a4c:	4323      	orrs	r3, r4
10001a4e:	663b      	str	r3, [r7, #96]	; 0x60
10001a50:	667a      	str	r2, [r7, #100]	; 0x64
10001a52:	e7ff      	b.n	10001a54 <y64+0x2c>
10001a54:	e7ff      	b.n	10001a56 <y64+0x2e>
10001a56:	e7ff      	b.n	10001a58 <y64+0x30>
10001a58:	46c0      	nop			; (mov r8, r8)
10001a5a:	b284      	uxth	r4, r0
10001a5c:	6f7b      	ldr	r3, [r7, #116]	; 0x74
10001a5e:	6f3d      	ldr	r5, [r7, #112]	; 0x70
10001a60:	041b      	lsls	r3, r3, #16
10001a62:	4323      	orrs	r3, r4
10001a64:	663b      	str	r3, [r7, #96]	; 0x60
10001a66:	667a      	str	r2, [r7, #100]	; 0x64
10001a68:	e7ff      	b.n	10001a6a <y64+0x42>
10001a6a:	e7ff      	b.n	10001a6c <y64+0x44>
10001a6c:	46c0      	nop			; (mov r8, r8)
10001a6e:	2300      	movs	r3, #0
10001a70:	042c      	lsls	r4, r5, #16
10001a72:	0c2d      	lsrs	r5, r5, #16
10001a74:	6f7a      	ldr	r2, [r7, #116]	; 0x74
10001a76:	6f38      	ldr	r0, [r7, #112]	; 0x70
10001a78:	1900      	adds	r0, r0, r4
10001a7a:	4169      	adcs	r1, r5
10001a7c:	bcb0      	pop	{r4, r5, r7}
10001a7e:	4770      	bx	lr
10001a80:	d0000000 	.word	0xd0000000

10001a84 <y64_x32>:
10001a84:	b5f0      	push	{r4, r5, r6, r7, lr}
10001a86:	4694      	mov	ip, r2
10001a88:	2500      	movs	r5, #0
10001a8a:	0e14      	lsrs	r4, r2, #24
10001a8c:	d101      	bne.n	10001a92 <y64_x32+0xe>
10001a8e:	0212      	lsls	r2, r2, #8
10001a90:	3508      	adds	r5, #8
10001a92:	0f14      	lsrs	r4, r2, #28
10001a94:	d101      	bne.n	10001a9a <y64_x32+0x16>
10001a96:	0112      	lsls	r2, r2, #4
10001a98:	3504      	adds	r5, #4
10001a9a:	0f94      	lsrs	r4, r2, #30
10001a9c:	d101      	bne.n	10001aa2 <y64_x32+0x1e>
10001a9e:	0092      	lsls	r2, r2, #2
10001aa0:	3502      	adds	r5, #2
10001aa2:	0fd4      	lsrs	r4, r2, #31
10001aa4:	d101      	bne.n	10001aaa <y64_x32+0x26>
10001aa6:	0052      	lsls	r2, r2, #1
10001aa8:	3501      	adds	r5, #1
10001aaa:	0bd4      	lsrs	r4, r2, #15
10001aac:	3401      	adds	r4, #1
10001aae:	4f25      	ldr	r7, [pc, #148]	; (10001b44 <y64_x32+0xc0>)
10001ab0:	667c      	str	r4, [r7, #100]	; 0x64
10001ab2:	4c25      	ldr	r4, [pc, #148]	; (10001b48 <y64_x32+0xc4>)
10001ab4:	663c      	str	r4, [r7, #96]	; 0x60
10001ab6:	0c0e      	lsrs	r6, r1, #16
10001ab8:	b293      	uxth	r3, r2
10001aba:	e7ff      	b.n	10001abc <y64_x32+0x38>
10001abc:	e7ff      	b.n	10001abe <y64_x32+0x3a>
10001abe:	e7ff      	b.n	10001ac0 <y64_x32+0x3c>
10001ac0:	6f3c      	ldr	r4, [r7, #112]	; 0x70
10001ac2:	4366      	muls	r6, r4
10001ac4:	0c36      	lsrs	r6, r6, #16
10001ac6:	0377      	lsls	r7, r6, #13
10001ac8:	46be      	mov	lr, r7
10001aca:	4373      	muls	r3, r6
10001acc:	0bdf      	lsrs	r7, r3, #15
10001ace:	045b      	lsls	r3, r3, #17
10001ad0:	1ac0      	subs	r0, r0, r3
10001ad2:	41b9      	sbcs	r1, r7
10001ad4:	0c13      	lsrs	r3, r2, #16
10001ad6:	4373      	muls	r3, r6
10001ad8:	18db      	adds	r3, r3, r3
10001ada:	1ac9      	subs	r1, r1, r3
10001adc:	08ce      	lsrs	r6, r1, #3
10001ade:	4366      	muls	r6, r4
10001ae0:	0c36      	lsrs	r6, r6, #16
10001ae2:	44b6      	add	lr, r6
10001ae4:	b293      	uxth	r3, r2
10001ae6:	4373      	muls	r3, r6
10001ae8:	0f1f      	lsrs	r7, r3, #28
10001aea:	011b      	lsls	r3, r3, #4
10001aec:	1ac0      	subs	r0, r0, r3
10001aee:	41b9      	sbcs	r1, r7
10001af0:	0c13      	lsrs	r3, r2, #16
10001af2:	4373      	muls	r3, r6
10001af4:	0b1f      	lsrs	r7, r3, #12
10001af6:	051b      	lsls	r3, r3, #20
10001af8:	1ac0      	subs	r0, r0, r3
10001afa:	41b9      	sbcs	r1, r7
10001afc:	0d86      	lsrs	r6, r0, #22
10001afe:	028f      	lsls	r7, r1, #10
10001b00:	433e      	orrs	r6, r7
10001b02:	4366      	muls	r6, r4
10001b04:	0c36      	lsrs	r6, r6, #16
10001b06:	2d09      	cmp	r5, #9
10001b08:	db24      	blt.n	10001b54 <last0>
10001b0a:	0a52      	lsrs	r2, r2, #9
10001b0c:	4372      	muls	r2, r6
10001b0e:	1a80      	subs	r0, r0, r2
10001b10:	0377      	lsls	r7, r6, #13
10001b12:	0a46      	lsrs	r6, r0, #9
10001b14:	4366      	muls	r6, r4
10001b16:	0c36      	lsrs	r6, r6, #16
10001b18:	2316      	movs	r3, #22
10001b1a:	1b5b      	subs	r3, r3, r5
10001b1c:	40de      	lsrs	r6, r3
10001b1e:	40df      	lsrs	r7, r3
10001b20:	19bf      	adds	r7, r7, r6
10001b22:	4664      	mov	r4, ip
10001b24:	4366      	muls	r6, r4
10001b26:	1b82      	subs	r2, r0, r6
10001b28:	4670      	mov	r0, lr
10001b2a:	3504      	adds	r5, #4
10001b2c:	3306      	adds	r3, #6
10001b2e:	0001      	movs	r1, r0
10001b30:	40d9      	lsrs	r1, r3
10001b32:	40a8      	lsls	r0, r5
10001b34:	19c0      	adds	r0, r0, r7
10001b36:	d300      	bcc.n	10001b3a <y64_x32+0xb6>
10001b38:	3101      	adds	r1, #1
10001b3a:	42a2      	cmp	r2, r4
10001b3c:	d206      	bcs.n	10001b4c <y64_x32+0xc8>
10001b3e:	2300      	movs	r3, #0
10001b40:	bdf0      	pop	{r4, r5, r6, r7, pc}
10001b42:	0000      	.short	0x0000
10001b44:	d0000000 	.word	0xd0000000
10001b48:	ffffffff 	.word	0xffffffff
10001b4c:	1b12      	subs	r2, r2, r4
10001b4e:	3001      	adds	r0, #1
10001b50:	d3f3      	bcc.n	10001b3a <y64_x32+0xb6>
10001b52:	e7f1      	b.n	10001b38 <y64_x32+0xb4>

10001b54 <last0>:
10001b54:	2709      	movs	r7, #9
10001b56:	1b7f      	subs	r7, r7, r5
10001b58:	40fe      	lsrs	r6, r7
10001b5a:	4664      	mov	r4, ip
10001b5c:	b2a2      	uxth	r2, r4
10001b5e:	4372      	muls	r2, r6
10001b60:	1a80      	subs	r0, r0, r2
10001b62:	d200      	bcs.n	10001b66 <last0+0x12>
10001b64:	3901      	subs	r1, #1
10001b66:	0c22      	lsrs	r2, r4, #16
10001b68:	4372      	muls	r2, r6
10001b6a:	0c13      	lsrs	r3, r2, #16
10001b6c:	0412      	lsls	r2, r2, #16
10001b6e:	1a82      	subs	r2, r0, r2
10001b70:	4199      	sbcs	r1, r3
10001b72:	000b      	movs	r3, r1
10001b74:	4670      	mov	r0, lr
10001b76:	3504      	adds	r5, #4
10001b78:	3713      	adds	r7, #19
10001b7a:	0001      	movs	r1, r0
10001b7c:	40f9      	lsrs	r1, r7
10001b7e:	40a8      	lsls	r0, r5
10001b80:	1980      	adds	r0, r0, r6
10001b82:	d300      	bcc.n	10001b86 <last0+0x32>
10001b84:	3101      	adds	r1, #1
10001b86:	2b00      	cmp	r3, #0
10001b88:	d102      	bne.n	10001b90 <last0+0x3c>
10001b8a:	42a2      	cmp	r2, r4
10001b8c:	d20a      	bcs.n	10001ba4 <last0+0x50>
10001b8e:	bdf0      	pop	{r4, r5, r6, r7, pc}
10001b90:	3001      	adds	r0, #1
10001b92:	d300      	bcc.n	10001b96 <last0+0x42>
10001b94:	3101      	adds	r1, #1
10001b96:	1b12      	subs	r2, r2, r4
10001b98:	d2fa      	bcs.n	10001b90 <last0+0x3c>
10001b9a:	3b01      	subs	r3, #1
10001b9c:	d1f8      	bne.n	10001b90 <last0+0x3c>
10001b9e:	42a2      	cmp	r2, r4
10001ba0:	d200      	bcs.n	10001ba4 <last0+0x50>
10001ba2:	bdf0      	pop	{r4, r5, r6, r7, pc}
10001ba4:	3001      	adds	r0, #1
10001ba6:	d300      	bcc.n	10001baa <last0+0x56>
10001ba8:	3101      	adds	r1, #1
10001baa:	1b12      	subs	r2, r2, r4
10001bac:	e7f7      	b.n	10001b9e <last0+0x4a>

10001bae <y64_x48>:
10001bae:	b5f0      	push	{r4, r5, r6, r7, lr}
10001bb0:	0c1c      	lsrs	r4, r3, #16
10001bb2:	d000      	beq.n	10001bb6 <y64_x48+0x8>
10001bb4:	e080      	b.n	10001cb8 <y64_x64>
10001bb6:	b40c      	push	{r2, r3}
10001bb8:	2500      	movs	r5, #0
10001bba:	0a1c      	lsrs	r4, r3, #8
10001bbc:	d104      	bne.n	10001bc8 <y64_x48+0x1a>
10001bbe:	021b      	lsls	r3, r3, #8
10001bc0:	0e16      	lsrs	r6, r2, #24
10001bc2:	4333      	orrs	r3, r6
10001bc4:	0212      	lsls	r2, r2, #8
10001bc6:	3508      	adds	r5, #8
10001bc8:	0b1c      	lsrs	r4, r3, #12
10001bca:	d104      	bne.n	10001bd6 <y64_x48+0x28>
10001bcc:	011b      	lsls	r3, r3, #4
10001bce:	0f16      	lsrs	r6, r2, #28
10001bd0:	4333      	orrs	r3, r6
10001bd2:	0112      	lsls	r2, r2, #4
10001bd4:	3504      	adds	r5, #4
10001bd6:	0b9c      	lsrs	r4, r3, #14
10001bd8:	d104      	bne.n	10001be4 <y64_x48+0x36>
10001bda:	009b      	lsls	r3, r3, #2
10001bdc:	0f96      	lsrs	r6, r2, #30
10001bde:	4333      	orrs	r3, r6
10001be0:	0092      	lsls	r2, r2, #2
10001be2:	3502      	adds	r5, #2
10001be4:	0bdc      	lsrs	r4, r3, #15
10001be6:	d102      	bne.n	10001bee <y64_x48+0x40>
10001be8:	1892      	adds	r2, r2, r2
10001bea:	415b      	adcs	r3, r3
10001bec:	3501      	adds	r5, #1
10001bee:	001c      	movs	r4, r3
10001bf0:	1897      	adds	r7, r2, r2
10001bf2:	4164      	adcs	r4, r4
10001bf4:	3401      	adds	r4, #1
10001bf6:	4f46      	ldr	r7, [pc, #280]	; (10001d10 <y64_x64+0x58>)
10001bf8:	667c      	str	r4, [r7, #100]	; 0x64
10001bfa:	4c46      	ldr	r4, [pc, #280]	; (10001d14 <y64_x64+0x5c>)
10001bfc:	663c      	str	r4, [r7, #96]	; 0x60
10001bfe:	0c0e      	lsrs	r6, r1, #16
10001c00:	e7ff      	b.n	10001c02 <y64_x48+0x54>
10001c02:	e7ff      	b.n	10001c04 <y64_x48+0x56>
10001c04:	e7ff      	b.n	10001c06 <y64_x48+0x58>
10001c06:	46c0      	nop			; (mov r8, r8)
10001c08:	6f3c      	ldr	r4, [r7, #112]	; 0x70
10001c0a:	4366      	muls	r6, r4
10001c0c:	0c36      	lsrs	r6, r6, #16
10001c0e:	0377      	lsls	r7, r6, #13
10001c10:	46be      	mov	lr, r7
10001c12:	b297      	uxth	r7, r2
10001c14:	4377      	muls	r7, r6
10001c16:	1bc0      	subs	r0, r0, r7
10001c18:	d200      	bcs.n	10001c1c <y64_x48+0x6e>
10001c1a:	3901      	subs	r1, #1
10001c1c:	1bc0      	subs	r0, r0, r7
10001c1e:	d200      	bcs.n	10001c22 <y64_x48+0x74>
10001c20:	3901      	subs	r1, #1
10001c22:	b29f      	uxth	r7, r3
10001c24:	4377      	muls	r7, r6
10001c26:	1bc9      	subs	r1, r1, r7
10001c28:	1bc9      	subs	r1, r1, r7
10001c2a:	0c17      	lsrs	r7, r2, #16
10001c2c:	4377      	muls	r7, r6
10001c2e:	047e      	lsls	r6, r7, #17
10001c30:	0bff      	lsrs	r7, r7, #15
10001c32:	1b80      	subs	r0, r0, r6
10001c34:	41b9      	sbcs	r1, r7
10001c36:	08ce      	lsrs	r6, r1, #3
10001c38:	4366      	muls	r6, r4
10001c3a:	0c36      	lsrs	r6, r6, #16
10001c3c:	2d0c      	cmp	r5, #12
10001c3e:	db33      	blt.n	10001ca8 <last1>
10001c40:	44b6      	add	lr, r6
10001c42:	0b12      	lsrs	r2, r2, #12
10001c44:	051f      	lsls	r7, r3, #20
10001c46:	433a      	orrs	r2, r7
10001c48:	0b1b      	lsrs	r3, r3, #12
10001c4a:	b297      	uxth	r7, r2
10001c4c:	4377      	muls	r7, r6
10001c4e:	1bc0      	subs	r0, r0, r7
10001c50:	d200      	bcs.n	10001c54 <y64_x48+0xa6>
10001c52:	3901      	subs	r1, #1
10001c54:	b29f      	uxth	r7, r3
10001c56:	4377      	muls	r7, r6
10001c58:	1bc9      	subs	r1, r1, r7
10001c5a:	0c17      	lsrs	r7, r2, #16
10001c5c:	4377      	muls	r7, r6
10001c5e:	043e      	lsls	r6, r7, #16
10001c60:	0c3f      	lsrs	r7, r7, #16
10001c62:	1b80      	subs	r0, r0, r6
10001c64:	41b9      	sbcs	r1, r7
10001c66:	0d86      	lsrs	r6, r0, #22
10001c68:	028f      	lsls	r7, r1, #10
10001c6a:	433e      	orrs	r6, r7
10001c6c:	4366      	muls	r6, r4
10001c6e:	2729      	movs	r7, #41	; 0x29
10001c70:	1b7f      	subs	r7, r7, r5
10001c72:	40fe      	lsrs	r6, r7
10001c74:	3d0c      	subs	r5, #12
10001c76:	4677      	mov	r7, lr
10001c78:	40af      	lsls	r7, r5
10001c7a:	19bf      	adds	r7, r7, r6
10001c7c:	bc30      	pop	{r4, r5}
10001c7e:	b2a2      	uxth	r2, r4
10001c80:	b2ab      	uxth	r3, r5
10001c82:	4372      	muls	r2, r6
10001c84:	4373      	muls	r3, r6
10001c86:	1a80      	subs	r0, r0, r2
10001c88:	4199      	sbcs	r1, r3
10001c8a:	0c22      	lsrs	r2, r4, #16
10001c8c:	4372      	muls	r2, r6
10001c8e:	0c13      	lsrs	r3, r2, #16
10001c90:	0412      	lsls	r2, r2, #16
10001c92:	1a80      	subs	r0, r0, r2
10001c94:	4199      	sbcs	r1, r3
10001c96:	0002      	movs	r2, r0
10001c98:	000b      	movs	r3, r1
10001c9a:	3701      	adds	r7, #1
10001c9c:	1b00      	subs	r0, r0, r4
10001c9e:	41a9      	sbcs	r1, r5
10001ca0:	d2f9      	bcs.n	10001c96 <y64_x48+0xe8>
10001ca2:	1e78      	subs	r0, r7, #1
10001ca4:	2100      	movs	r1, #0
10001ca6:	bdf0      	pop	{r4, r5, r6, r7, pc}

10001ca8 <last1>:
10001ca8:	270c      	movs	r7, #12
10001caa:	1b7f      	subs	r7, r7, r5
10001cac:	40fe      	lsrs	r6, r7
10001cae:	4677      	mov	r7, lr
10001cb0:	0b7f      	lsrs	r7, r7, #13
10001cb2:	40af      	lsls	r7, r5
10001cb4:	19ff      	adds	r7, r7, r7
10001cb6:	e7e0      	b.n	10001c7a <y64_x48+0xcc>

10001cb8 <y64_x64>:
10001cb8:	2400      	movs	r4, #0
10001cba:	1c5d      	adds	r5, r3, #1
10001cbc:	d007      	beq.n	10001cce <y64_x64+0x16>
10001cbe:	4f14      	ldr	r7, [pc, #80]	; (10001d10 <y64_x64+0x58>)
10001cc0:	667d      	str	r5, [r7, #100]	; 0x64
10001cc2:	6639      	str	r1, [r7, #96]	; 0x60
10001cc4:	e7ff      	b.n	10001cc6 <y64_x64+0xe>
10001cc6:	e7ff      	b.n	10001cc8 <y64_x64+0x10>
10001cc8:	e7ff      	b.n	10001cca <y64_x64+0x12>
10001cca:	e7ff      	b.n	10001ccc <y64_x64+0x14>
10001ccc:	6f3c      	ldr	r4, [r7, #112]	; 0x70
10001cce:	b295      	uxth	r5, r2
10001cd0:	b29e      	uxth	r6, r3
10001cd2:	4365      	muls	r5, r4
10001cd4:	4366      	muls	r6, r4
10001cd6:	1b40      	subs	r0, r0, r5
10001cd8:	41b1      	sbcs	r1, r6
10001cda:	0c15      	lsrs	r5, r2, #16
10001cdc:	0c1e      	lsrs	r6, r3, #16
10001cde:	4365      	muls	r5, r4
10001ce0:	4366      	muls	r6, r4
10001ce2:	0436      	lsls	r6, r6, #16
10001ce4:	0c2f      	lsrs	r7, r5, #16
10001ce6:	433e      	orrs	r6, r7
10001ce8:	042d      	lsls	r5, r5, #16
10001cea:	1b40      	subs	r0, r0, r5
10001cec:	41b1      	sbcs	r1, r6
10001cee:	4299      	cmp	r1, r3
10001cf0:	d204      	bcs.n	10001cfc <y64_x64+0x44>
10001cf2:	0002      	movs	r2, r0
10001cf4:	000b      	movs	r3, r1
10001cf6:	0020      	movs	r0, r4
10001cf8:	2100      	movs	r1, #0
10001cfa:	bdf0      	pop	{r4, r5, r6, r7, pc}
10001cfc:	d101      	bne.n	10001d02 <y64_x64+0x4a>
10001cfe:	4290      	cmp	r0, r2
10001d00:	d3f7      	bcc.n	10001cf2 <y64_x64+0x3a>
10001d02:	1a80      	subs	r0, r0, r2
10001d04:	4199      	sbcs	r1, r3
10001d06:	3401      	adds	r4, #1
10001d08:	4299      	cmp	r1, r3
10001d0a:	d3f2      	bcc.n	10001cf2 <y64_x64+0x3a>
10001d0c:	e7f6      	b.n	10001cfc <y64_x64+0x44>
10001d0e:	0000      	.short	0x0000
10001d10:	d0000000 	.word	0xd0000000
10001d14:	ffffffff 	.word	0xffffffff

10001d18 <__wrap___aeabi_drsub>:
10001d18:	4048      	eors	r0, r1
10001d1a:	4041      	eors	r1, r0
10001d1c:	4048      	eors	r0, r1

10001d1e <__wrap___aeabi_dsub>:
10001d1e:	b418      	push	{r3, r4}
10001d20:	4b1b      	ldr	r3, [pc, #108]	; (10001d90 <__wrap___aeabi_dmul+0x12>)
10001d22:	685b      	ldr	r3, [r3, #4]
10001d24:	46fc      	mov	ip, pc
10001d26:	9301      	str	r3, [sp, #4]
10001d28:	bd08      	pop	{r3, pc}
10001d2a:	df04      	.short	0xdf04
10001d2c:	10001fef 	.word	0x10001fef

10001d30 <__wrap___aeabi_dadd>:
10001d30:	b418      	push	{r3, r4}
10001d32:	4b17      	ldr	r3, [pc, #92]	; (10001d90 <__wrap___aeabi_dmul+0x12>)
10001d34:	681b      	ldr	r3, [r3, #0]
10001d36:	46fc      	mov	ip, pc
10001d38:	9301      	str	r3, [sp, #4]
10001d3a:	bd08      	pop	{r3, pc}
10001d3c:	1ff9df00 	.word	0x1ff9df00
10001d40:	1000      	.short	0x1000

10001d42 <__wrap___aeabi_ddiv>:
10001d42:	4694      	mov	ip, r2
10001d44:	4a13      	ldr	r2, [pc, #76]	; (10001d94 <__wrap___aeabi_dmul+0x16>)
10001d46:	6f92      	ldr	r2, [r2, #120]	; 0x78
10001d48:	0892      	lsrs	r2, r2, #2
10001d4a:	d209      	bcs.n	10001d60 <ddiv_save_state>
10001d4c:	4662      	mov	r2, ip

10001d4e <ddiv_shim_call>:
10001d4e:	b418      	push	{r3, r4}
10001d50:	4b0f      	ldr	r3, [pc, #60]	; (10001d90 <__wrap___aeabi_dmul+0x12>)
10001d52:	68db      	ldr	r3, [r3, #12]
10001d54:	46fc      	mov	ip, pc
10001d56:	9301      	str	r3, [sp, #4]
10001d58:	bd08      	pop	{r3, pc}
10001d5a:	df0c      	.short	0xdf0c
10001d5c:	100022b1 	.word	0x100022b1

10001d60 <ddiv_save_state>:
10001d60:	4a0c      	ldr	r2, [pc, #48]	; (10001d94 <__wrap___aeabi_dmul+0x16>)
10001d62:	b5f0      	push	{r4, r5, r6, r7, lr}
10001d64:	6e14      	ldr	r4, [r2, #96]	; 0x60
10001d66:	6e55      	ldr	r5, [r2, #100]	; 0x64
10001d68:	6f57      	ldr	r7, [r2, #116]	; 0x74
10001d6a:	6f16      	ldr	r6, [r2, #112]	; 0x70
10001d6c:	4662      	mov	r2, ip
10001d6e:	f7ff ffee 	bl	10001d4e <ddiv_shim_call>
10001d72:	4a08      	ldr	r2, [pc, #32]	; (10001d94 <__wrap___aeabi_dmul+0x16>)
10001d74:	6614      	str	r4, [r2, #96]	; 0x60
10001d76:	6655      	str	r5, [r2, #100]	; 0x64
10001d78:	6757      	str	r7, [r2, #116]	; 0x74
10001d7a:	6716      	str	r6, [r2, #112]	; 0x70
10001d7c:	bdf0      	pop	{r4, r5, r6, r7, pc}

10001d7e <__wrap___aeabi_dmul>:
10001d7e:	b418      	push	{r3, r4}
10001d80:	4b03      	ldr	r3, [pc, #12]	; (10001d90 <__wrap___aeabi_dmul+0x12>)
10001d82:	689b      	ldr	r3, [r3, #8]
10001d84:	46fc      	mov	ip, pc
10001d86:	9301      	str	r3, [sp, #4]
10001d88:	bd08      	pop	{r3, pc}
10001d8a:	df08      	.short	0xdf08
10001d8c:	10002155 	.word	0x10002155
10001d90:	200004d8 	.word	0x200004d8
10001d94:	d0000000 	.word	0xd0000000

10001d98 <__wrap___aeabi_cdrcmple>:
10001d98:	b5ff      	push	{r0, r1, r2, r3, r4, r5, r6, r7, lr}
10001d9a:	4050      	eors	r0, r2
10001d9c:	4042      	eors	r2, r0
10001d9e:	4050      	eors	r0, r2
10001da0:	4059      	eors	r1, r3
10001da2:	404b      	eors	r3, r1
10001da4:	4059      	eors	r1, r3
10001da6:	e000      	b.n	10001daa <__aeabi_dfcmple_guts>

10001da8 <__wrap___aeabi_cdcmpeq>:
10001da8:	b5ff      	push	{r0, r1, r2, r3, r4, r5, r6, r7, lr}

10001daa <__aeabi_dfcmple_guts>:
10001daa:	4f15      	ldr	r7, [pc, #84]	; (10001e00 <__aeabi_dfcmple_guts+0x56>)
10001dac:	004c      	lsls	r4, r1, #1
10001dae:	0d64      	lsrs	r4, r4, #21
10001db0:	d003      	beq.n	10001dba <__aeabi_dfcmple_guts+0x10>
10001db2:	42bc      	cmp	r4, r7
10001db4:	d104      	bne.n	10001dc0 <__aeabi_dfcmple_guts+0x16>
10001db6:	030c      	lsls	r4, r1, #12
10001db8:	d814      	bhi.n	10001de4 <__aeabi_dfcmple_guts+0x3a>
10001dba:	2000      	movs	r0, #0
10001dbc:	0d09      	lsrs	r1, r1, #20
10001dbe:	0509      	lsls	r1, r1, #20
10001dc0:	005c      	lsls	r4, r3, #1
10001dc2:	0d64      	lsrs	r4, r4, #21
10001dc4:	d003      	beq.n	10001dce <__aeabi_dfcmple_guts+0x24>
10001dc6:	42bc      	cmp	r4, r7
10001dc8:	d104      	bne.n	10001dd4 <__aeabi_dfcmple_guts+0x2a>
10001dca:	031c      	lsls	r4, r3, #12
10001dcc:	d80a      	bhi.n	10001de4 <__aeabi_dfcmple_guts+0x3a>
10001dce:	2200      	movs	r2, #0
10001dd0:	0d1b      	lsrs	r3, r3, #20
10001dd2:	051b      	lsls	r3, r3, #20
10001dd4:	2601      	movs	r6, #1
10001dd6:	404b      	eors	r3, r1
10001dd8:	d409      	bmi.n	10001dee <__aeabi_dfcmple_guts+0x44>
10001dda:	404b      	eors	r3, r1
10001ddc:	d503      	bpl.n	10001de6 <__aeabi_dfcmple_guts+0x3c>
10001dde:	428b      	cmp	r3, r1
10001de0:	d100      	bne.n	10001de4 <__aeabi_dfcmple_guts+0x3a>
10001de2:	4282      	cmp	r2, r0
10001de4:	bdff      	pop	{r0, r1, r2, r3, r4, r5, r6, r7, pc}
10001de6:	4299      	cmp	r1, r3
10001de8:	d1fc      	bne.n	10001de4 <__aeabi_dfcmple_guts+0x3a>
10001dea:	4290      	cmp	r0, r2
10001dec:	bdff      	pop	{r0, r1, r2, r3, r4, r5, r6, r7, pc}
10001dee:	430b      	orrs	r3, r1
10001df0:	18db      	adds	r3, r3, r3
10001df2:	4303      	orrs	r3, r0
10001df4:	4313      	orrs	r3, r2
10001df6:	d0f5      	beq.n	10001de4 <__aeabi_dfcmple_guts+0x3a>
10001df8:	43c9      	mvns	r1, r1
10001dfa:	1849      	adds	r1, r1, r1
10001dfc:	bdff      	pop	{r0, r1, r2, r3, r4, r5, r6, r7, pc}
10001dfe:	0000      	.short	0x0000
10001e00:	000007ff 	.word	0x000007ff

10001e04 <__wrap___aeabi_dcmplt>:
10001e04:	b500      	push	{lr}
10001e06:	f7ff ffcf 	bl	10001da8 <__wrap___aeabi_cdcmpeq>
10001e0a:	4180      	sbcs	r0, r0
10001e0c:	bd00      	pop	{pc}
10001e0e:	46c0      	nop			; (mov r8, r8)

10001e10 <__wrap___aeabi_dcmple>:
10001e10:	b500      	push	{lr}
10001e12:	f7ff ffc9 	bl	10001da8 <__wrap___aeabi_cdcmpeq>
10001e16:	d901      	bls.n	10001e1c <__wrap___aeabi_dcmple+0xc>
10001e18:	2000      	movs	r0, #0
10001e1a:	bd00      	pop	{pc}
10001e1c:	2001      	movs	r0, #1
10001e1e:	bd00      	pop	{pc}

10001e20 <__wrap___aeabi_dcmpge>:
10001e20:	b500      	push	{lr}
10001e22:	f7ff ffb9 	bl	10001d98 <__wrap___aeabi_cdrcmple>
10001e26:	d901      	bls.n	10001e2c <__wrap___aeabi_dcmpge+0xc>
10001e28:	2000      	movs	r0, #0
10001e2a:	bd00      	pop	{pc}
10001e2c:	2001      	movs	r0, #1
10001e2e:	bd00      	pop	{pc}

10001e30 <__wrap___aeabi_dcmpgt>:
10001e30:	b500      	push	{lr}
10001e32:	f7ff ffb1 	bl	10001d98 <__wrap___aeabi_cdrcmple>
10001e36:	4180      	sbcs	r0, r0
10001e38:	bd00      	pop	{pc}

10001e3a <__wrap___aeabi_dcmpun>:
10001e3a:	2001      	movs	r0, #1
10001e3c:	0540      	lsls	r0, r0, #21
10001e3e:	004a      	lsls	r2, r1, #1
10001e40:	1812      	adds	r2, r2, r0
10001e42:	d804      	bhi.n	10001e4e <__wrap___aeabi_dcmpun+0x14>
10001e44:	005a      	lsls	r2, r3, #1
10001e46:	1812      	adds	r2, r2, r0
10001e48:	d801      	bhi.n	10001e4e <__wrap___aeabi_dcmpun+0x14>
10001e4a:	2000      	movs	r0, #0
10001e4c:	4770      	bx	lr
10001e4e:	2001      	movs	r0, #1
10001e50:	4770      	bx	lr
	...

10001e54 <__wrap___aeabi_ui2d>:
10001e54:	2100      	movs	r1, #0
10001e56:	2800      	cmp	r0, #0
10001e58:	d105      	bne.n	10001e66 <__wrap___aeabi_i2d+0xa>
10001e5a:	4770      	bx	lr

10001e5c <__wrap___aeabi_i2d>:
10001e5c:	17c1      	asrs	r1, r0, #31
10001e5e:	4048      	eors	r0, r1
10001e60:	1a40      	subs	r0, r0, r1
10001e62:	d0fa      	beq.n	10001e5a <__wrap___aeabi_ui2d+0x6>
10001e64:	07c9      	lsls	r1, r1, #31
10001e66:	b513      	push	{r0, r1, r4, lr}
10001e68:	4b06      	ldr	r3, [pc, #24]	; (10001e84 <__wrap___aeabi_i2d+0x28>)
10001e6a:	681b      	ldr	r3, [r3, #0]
10001e6c:	4798      	blx	r3
10001e6e:	bc0c      	pop	{r2, r3}
10001e70:	1c44      	adds	r4, r0, #1
10001e72:	40a2      	lsls	r2, r4
10001e74:	0510      	lsls	r0, r2, #20
10001e76:	0b12      	lsrs	r2, r2, #12
10001e78:	4903      	ldr	r1, [pc, #12]	; (10001e88 <__wrap___aeabi_i2d+0x2c>)
10001e7a:	1b09      	subs	r1, r1, r4
10001e7c:	0509      	lsls	r1, r1, #20
10001e7e:	4319      	orrs	r1, r3
10001e80:	4311      	orrs	r1, r2
10001e82:	bd10      	pop	{r4, pc}
10001e84:	200005d8 	.word	0x200005d8
10001e88:	0000041f 	.word	0x0000041f

10001e8c <__wrap___aeabi_d2iz>:
10001e8c:	b510      	push	{r4, lr}
10001e8e:	004c      	lsls	r4, r1, #1
10001e90:	0d62      	lsrs	r2, r4, #21
10001e92:	2380      	movs	r3, #128	; 0x80
10001e94:	18d2      	adds	r2, r2, r3
10001e96:	00db      	lsls	r3, r3, #3
10001e98:	1ad2      	subs	r2, r2, r3
10001e9a:	055b      	lsls	r3, r3, #21
10001e9c:	2a7e      	cmp	r2, #126	; 0x7e
10001e9e:	dd10      	ble.n	10001ec2 <__wrap___aeabi_d2iz+0x36>
10001ea0:	3a9e      	subs	r2, #158	; 0x9e
10001ea2:	da13      	bge.n	10001ecc <__wrap___aeabi_d2iz+0x40>
10001ea4:	17cc      	asrs	r4, r1, #31
10001ea6:	0309      	lsls	r1, r1, #12
10001ea8:	0849      	lsrs	r1, r1, #1
10001eaa:	4319      	orrs	r1, r3
10001eac:	4252      	negs	r2, r2
10001eae:	40d1      	lsrs	r1, r2
10001eb0:	0064      	lsls	r4, r4, #1
10001eb2:	3401      	adds	r4, #1
10001eb4:	3215      	adds	r2, #21
10001eb6:	2a20      	cmp	r2, #32
10001eb8:	da05      	bge.n	10001ec6 <__wrap___aeabi_d2iz+0x3a>
10001eba:	40d0      	lsrs	r0, r2
10001ebc:	4308      	orrs	r0, r1
10001ebe:	4360      	muls	r0, r4
10001ec0:	bd10      	pop	{r4, pc}
10001ec2:	2000      	movs	r0, #0
10001ec4:	bd10      	pop	{r4, pc}
10001ec6:	4608      	mov	r0, r1
10001ec8:	4360      	muls	r0, r4
10001eca:	bd10      	pop	{r4, pc}
10001ecc:	0fc8      	lsrs	r0, r1, #31
10001ece:	18c0      	adds	r0, r0, r3
10001ed0:	3801      	subs	r0, #1
10001ed2:	bd10      	pop	{r4, pc}

10001ed4 <__wrap___aeabi_d2uiz>:
10001ed4:	b418      	push	{r3, r4}
10001ed6:	4b04      	ldr	r3, [pc, #16]	; (10001ee8 <__wrap___aeabi_d2uiz+0x14>)
10001ed8:	6a5b      	ldr	r3, [r3, #36]	; 0x24
10001eda:	46fc      	mov	ip, pc
10001edc:	9301      	str	r3, [sp, #4]
10001ede:	bd08      	pop	{r3, pc}
10001ee0:	2461df24 	.word	0x2461df24
10001ee4:	00001000 	.word	0x00001000
10001ee8:	200004d8 	.word	0x200004d8

10001eec <__aeabi_double_init>:
10001eec:	b570      	push	{r4, r5, r6, lr}
10001eee:	2313      	movs	r3, #19
10001ef0:	781c      	ldrb	r4, [r3, #0]
10001ef2:	2c01      	cmp	r4, #1
10001ef4:	d014      	beq.n	10001f20 <__aeabi_double_init+0x34>
10001ef6:	2c01      	cmp	r4, #1
10001ef8:	dc14      	bgt.n	10001f24 <__aeabi_double_init+0x38>
10001efa:	2c02      	cmp	r4, #2
10001efc:	dc02      	bgt.n	10001f04 <__aeabi_double_init+0x18>
10001efe:	4a1f      	ldr	r2, [pc, #124]	; (10001f7c <__aeabi_double_init+0x90>)
10001f00:	4b1f      	ldr	r3, [pc, #124]	; (10001f80 <__aeabi_double_init+0x94>)
10001f02:	649a      	str	r2, [r3, #72]	; 0x48
10001f04:	481f      	ldr	r0, [pc, #124]	; (10001f84 <__aeabi_double_init+0x98>)
10001f06:	f7ff fb67 	bl	100015d8 <rom_func_lookup>
10001f0a:	4b1f      	ldr	r3, [pc, #124]	; (10001f88 <__aeabi_double_init+0x9c>)
10001f0c:	6018      	str	r0, [r3, #0]
10001f0e:	bd70      	pop	{r4, r5, r6, pc}
10001f10:	0099      	lsls	r1, r3, #2
10001f12:	481a      	ldr	r0, [pc, #104]	; (10001f7c <__aeabi_double_init+0x90>)
10001f14:	4a1a      	ldr	r2, [pc, #104]	; (10001f80 <__aeabi_double_init+0x94>)
10001f16:	5088      	str	r0, [r1, r2]
10001f18:	3301      	adds	r3, #1
10001f1a:	2b1f      	cmp	r3, #31
10001f1c:	d9f8      	bls.n	10001f10 <__aeabi_double_init+0x24>
10001f1e:	e7ea      	b.n	10001ef6 <__aeabi_double_init+0xa>
10001f20:	2300      	movs	r3, #0
10001f22:	e7fa      	b.n	10001f1a <__aeabi_double_init+0x2e>
10001f24:	4819      	ldr	r0, [pc, #100]	; (10001f8c <__aeabi_double_init+0xa0>)
10001f26:	f7ff fb5f 	bl	100015e8 <rom_data_lookup>
10001f2a:	0005      	movs	r5, r0
10001f2c:	4818      	ldr	r0, [pc, #96]	; (10001f90 <__aeabi_double_init+0xa4>)
10001f2e:	f7ff fb5b 	bl	100015e8 <rom_data_lookup>
10001f32:	3802      	subs	r0, #2
10001f34:	7803      	ldrb	r3, [r0, #0]
10001f36:	009b      	lsls	r3, r3, #2
10001f38:	2b7f      	cmp	r3, #127	; 0x7f
10001f3a:	dd19      	ble.n	10001f70 <__aeabi_double_init+0x84>
10001f3c:	2280      	movs	r2, #128	; 0x80
10001f3e:	0029      	movs	r1, r5
10001f40:	480f      	ldr	r0, [pc, #60]	; (10001f80 <__aeabi_double_init+0x94>)
10001f42:	f000 fb8b 	bl	1000265c <__wrap___aeabi_memcpy>
10001f46:	2c02      	cmp	r4, #2
10001f48:	d1d7      	bne.n	10001efa <__aeabi_double_init+0xe>
10001f4a:	4b12      	ldr	r3, [pc, #72]	; (10001f94 <__aeabi_double_init+0xa8>)
10001f4c:	881a      	ldrh	r2, [r3, #0]
10001f4e:	23b5      	movs	r3, #181	; 0xb5
10001f50:	021b      	lsls	r3, r3, #8
10001f52:	429a      	cmp	r2, r3
10001f54:	d109      	bne.n	10001f6a <__aeabi_double_init+0x7e>
10001f56:	4b10      	ldr	r3, [pc, #64]	; (10001f98 <__aeabi_double_init+0xac>)
10001f58:	881a      	ldrh	r2, [r3, #0]
10001f5a:	4b10      	ldr	r3, [pc, #64]	; (10001f9c <__aeabi_double_init+0xb0>)
10001f5c:	429a      	cmp	r2, r3
10001f5e:	d104      	bne.n	10001f6a <__aeabi_double_init+0x7e>
10001f60:	4b0f      	ldr	r3, [pc, #60]	; (10001fa0 <__aeabi_double_init+0xb4>)
10001f62:	881a      	ldrh	r2, [r3, #0]
10001f64:	4b0f      	ldr	r3, [pc, #60]	; (10001fa4 <__aeabi_double_init+0xb8>)
10001f66:	429a      	cmp	r2, r3
10001f68:	d0c7      	beq.n	10001efa <__aeabi_double_init+0xe>
10001f6a:	2000      	movs	r0, #0
10001f6c:	f7fe face 	bl	1000050c <panic>
10001f70:	4b0d      	ldr	r3, [pc, #52]	; (10001fa8 <__aeabi_double_init+0xbc>)
10001f72:	4a0e      	ldr	r2, [pc, #56]	; (10001fac <__aeabi_double_init+0xc0>)
10001f74:	2133      	movs	r1, #51	; 0x33
10001f76:	480e      	ldr	r0, [pc, #56]	; (10001fb0 <__aeabi_double_init+0xc4>)
10001f78:	f001 fc1c 	bl	100037b4 <__assert_func>
10001f7c:	10001fb5 	.word	0x10001fb5
10001f80:	200004d8 	.word	0x200004d8
10001f84:	0000334c 	.word	0x0000334c
10001f88:	200005d8 	.word	0x200005d8
10001f8c:	00004453 	.word	0x00004453
10001f90:	00004653 	.word	0x00004653
10001f94:	00003854 	.word	0x00003854
10001f98:	000038d8 	.word	0x000038d8
10001f9c:	00004649 	.word	0x00004649
10001fa0:	0000389c 	.word	0x0000389c
10001fa4:	00004659 	.word	0x00004659
10001fa8:	10004408 	.word	0x10004408
10001fac:	100044a8 	.word	0x100044a8
10001fb0:	1000444c 	.word	0x1000444c

10001fb4 <double_table_shim_on_use_helper>:
10001fb4:	b507      	push	{r0, r1, r2, lr}
10001fb6:	4660      	mov	r0, ip
10001fb8:	2800      	cmp	r0, #0
10001fba:	d100      	bne.n	10001fbe <double_table_shim_on_use_helper+0xa>
10001fbc:	be00      	bkpt	0x0000
10001fbe:	8801      	ldrh	r1, [r0, #0]
10001fc0:	0a0a      	lsrs	r2, r1, #8
10001fc2:	3002      	adds	r0, #2
10001fc4:	2adf      	cmp	r2, #223	; 0xdf
10001fc6:	d1fa      	bne.n	10001fbe <double_table_shim_on_use_helper+0xa>
10001fc8:	b2c9      	uxtb	r1, r1
10001fca:	0882      	lsrs	r2, r0, #2
10001fcc:	d304      	bcc.n	10001fd8 <double_table_shim_on_use_helper+0x24>
10001fce:	8802      	ldrh	r2, [r0, #0]
10001fd0:	8840      	ldrh	r0, [r0, #2]
10001fd2:	0400      	lsls	r0, r0, #16
10001fd4:	4310      	orrs	r0, r2
10001fd6:	e000      	b.n	10001fda <double_table_shim_on_use_helper+0x26>
10001fd8:	6800      	ldr	r0, [r0, #0]
10001fda:	4a02      	ldr	r2, [pc, #8]	; (10001fe4 <double_table_shim_on_use_helper+0x30>)
10001fdc:	5050      	str	r0, [r2, r1]
10001fde:	9003      	str	r0, [sp, #12]
10001fe0:	bd07      	pop	{r0, r1, r2, pc}
10001fe2:	0000      	.short	0x0000
10001fe4:	200004d8 	.word	0x200004d8

10001fe8 <drsub_shim>:
10001fe8:	b40f      	push	{r0, r1, r2, r3}
10001fea:	bc03      	pop	{r0, r1}
10001fec:	bc0c      	pop	{r2, r3}

10001fee <dsub_shim>:
10001fee:	b5f0      	push	{r4, r5, r6, r7, lr}
10001ff0:	2401      	movs	r4, #1
10001ff2:	07e4      	lsls	r4, r4, #31
10001ff4:	4063      	eors	r3, r4
10001ff6:	e000      	b.n	10001ffa <da_entry>

10001ff8 <dadd_shim>:
10001ff8:	b5f0      	push	{r4, r5, r6, r7, lr}

10001ffa <da_entry>:
10001ffa:	0d0c      	lsrs	r4, r1, #20
10001ffc:	0fcf      	lsrs	r7, r1, #31
10001ffe:	1e66      	subs	r6, r4, #1
10002000:	0536      	lsls	r6, r6, #20
10002002:	1b89      	subs	r1, r1, r6
10002004:	0564      	lsls	r4, r4, #21
10002006:	d303      	bcc.n	10002010 <l8_1>
10002008:	43c9      	mvns	r1, r1
1000200a:	4240      	negs	r0, r0
1000200c:	d300      	bcc.n	10002010 <l8_1>
1000200e:	3101      	adds	r1, #1

10002010 <l8_1>:
10002010:	0d64      	lsrs	r4, r4, #21
10002012:	d003      	beq.n	1000201c <l8_2>
10002014:	1c66      	adds	r6, r4, #1
10002016:	0af6      	lsrs	r6, r6, #11
10002018:	d007      	beq.n	1000202a <l8_3>
1000201a:	1be4      	subs	r4, r4, r7

1000201c <l8_2>:
1000201c:	2000      	movs	r0, #0
1000201e:	007f      	lsls	r7, r7, #1
10002020:	1c79      	adds	r1, r7, #1
10002022:	0789      	lsls	r1, r1, #30
10002024:	1289      	asrs	r1, r1, #10
10002026:	3c80      	subs	r4, #128	; 0x80
10002028:	0324      	lsls	r4, r4, #12

1000202a <l8_3>:
1000202a:	0d1d      	lsrs	r5, r3, #20
1000202c:	0fdf      	lsrs	r7, r3, #31
1000202e:	1e6e      	subs	r6, r5, #1
10002030:	0536      	lsls	r6, r6, #20
10002032:	1b9b      	subs	r3, r3, r6
10002034:	056d      	lsls	r5, r5, #21
10002036:	d303      	bcc.n	10002040 <l9_1>
10002038:	43db      	mvns	r3, r3
1000203a:	4252      	negs	r2, r2
1000203c:	d300      	bcc.n	10002040 <l9_1>
1000203e:	3301      	adds	r3, #1

10002040 <l9_1>:
10002040:	0d6d      	lsrs	r5, r5, #21
10002042:	d003      	beq.n	1000204c <l9_2>
10002044:	1c6e      	adds	r6, r5, #1
10002046:	0af6      	lsrs	r6, r6, #11
10002048:	d007      	beq.n	1000205a <l9_3>
1000204a:	1bed      	subs	r5, r5, r7

1000204c <l9_2>:
1000204c:	2200      	movs	r2, #0
1000204e:	007f      	lsls	r7, r7, #1
10002050:	1c7b      	adds	r3, r7, #1
10002052:	079b      	lsls	r3, r3, #30
10002054:	129b      	asrs	r3, r3, #10
10002056:	3d80      	subs	r5, #128	; 0x80
10002058:	032d      	lsls	r5, r5, #12

1000205a <l9_3>:
1000205a:	1b2f      	subs	r7, r5, r4
1000205c:	1b66      	subs	r6, r4, r5
1000205e:	d458      	bmi.n	10002112 <da_ygtx>
10002060:	46a4      	mov	ip, r4
10002062:	2e20      	cmp	r6, #32
10002064:	da46      	bge.n	100020f4 <da_xrgty>
10002066:	3720      	adds	r7, #32
10002068:	0014      	movs	r4, r2
1000206a:	40bc      	lsls	r4, r7

1000206c <da_xgty0>:
1000206c:	001d      	movs	r5, r3
1000206e:	40bd      	lsls	r5, r7
10002070:	40f2      	lsrs	r2, r6
10002072:	4133      	asrs	r3, r6
10002074:	432a      	orrs	r2, r5

10002076 <da_add>:
10002076:	1880      	adds	r0, r0, r2
10002078:	4159      	adcs	r1, r3

1000207a <da_pack>:
1000207a:	0fcb      	lsrs	r3, r1, #31
1000207c:	d005      	beq.n	1000208a <da_pack+0x10>
1000207e:	43c9      	mvns	r1, r1
10002080:	43c0      	mvns	r0, r0
10002082:	2200      	movs	r2, #0
10002084:	4264      	negs	r4, r4
10002086:	4150      	adcs	r0, r2
10002088:	4151      	adcs	r1, r2
1000208a:	4662      	mov	r2, ip
1000208c:	0d4d      	lsrs	r5, r1, #21
1000208e:	d128      	bne.n	100020e2 <da_0>
10002090:	0d0d      	lsrs	r5, r1, #20
10002092:	d107      	bne.n	100020a4 <da_1>
10002094:	2800      	cmp	r0, #0
10002096:	d01f      	beq.n	100020d8 <da_5>

10002098 <da_2>:
10002098:	1924      	adds	r4, r4, r4
1000209a:	4140      	adcs	r0, r0
1000209c:	4149      	adcs	r1, r1
1000209e:	3a01      	subs	r2, #1
100020a0:	0d0d      	lsrs	r5, r1, #20
100020a2:	d0f9      	beq.n	10002098 <da_2>

100020a4 <da_1>:
100020a4:	0064      	lsls	r4, r4, #1
100020a6:	d306      	bcc.n	100020b6 <da_3>

100020a8 <da_4>:
100020a8:	3001      	adds	r0, #1
100020aa:	d300      	bcc.n	100020ae <da_4+0x6>
100020ac:	3101      	adds	r1, #1
100020ae:	2c00      	cmp	r4, #0
100020b0:	d101      	bne.n	100020b6 <da_3>
100020b2:	0840      	lsrs	r0, r0, #1
100020b4:	0040      	lsls	r0, r0, #1

100020b6 <da_3>:
100020b6:	3a01      	subs	r2, #1
100020b8:	d40b      	bmi.n	100020d2 <da_6>
100020ba:	1c94      	adds	r4, r2, #2
100020bc:	0ae4      	lsrs	r4, r4, #11
100020be:	d104      	bne.n	100020ca <da_7>
100020c0:	0512      	lsls	r2, r2, #20
100020c2:	4411      	add	r1, r2
100020c4:	07db      	lsls	r3, r3, #31
100020c6:	4419      	add	r1, r3
100020c8:	bdf0      	pop	{r4, r5, r6, r7, pc}

100020ca <da_7>:
100020ca:	07d9      	lsls	r1, r3, #31
100020cc:	4b20      	ldr	r3, [pc, #128]	; (10002150 <da_xmgty+0x4>)
100020ce:	4319      	orrs	r1, r3
100020d0:	e000      	b.n	100020d4 <da_6+0x2>

100020d2 <da_6>:
100020d2:	07d9      	lsls	r1, r3, #31
100020d4:	2000      	movs	r0, #0
100020d6:	bdf0      	pop	{r4, r5, r6, r7, pc}

100020d8 <da_5>:
100020d8:	2900      	cmp	r1, #0
100020da:	d1dd      	bne.n	10002098 <da_2>
100020dc:	2c00      	cmp	r4, #0
100020de:	d1db      	bne.n	10002098 <da_2>
100020e0:	bdf0      	pop	{r4, r5, r6, r7, pc}

100020e2 <da_0>:
100020e2:	3201      	adds	r2, #1
100020e4:	07c6      	lsls	r6, r0, #31
100020e6:	0840      	lsrs	r0, r0, #1
100020e8:	07cd      	lsls	r5, r1, #31
100020ea:	4328      	orrs	r0, r5
100020ec:	0849      	lsrs	r1, r1, #1
100020ee:	2e00      	cmp	r6, #0
100020f0:	d0e1      	beq.n	100020b6 <da_3>
100020f2:	e7d9      	b.n	100020a8 <da_4>

100020f4 <da_xrgty>:
100020f4:	2e3c      	cmp	r6, #60	; 0x3c
100020f6:	da29      	bge.n	1000214c <da_xmgty>
100020f8:	3e20      	subs	r6, #32
100020fa:	3740      	adds	r7, #64	; 0x40
100020fc:	0014      	movs	r4, r2
100020fe:	40bc      	lsls	r4, r7
10002100:	d000      	beq.n	10002104 <da_xrgty+0x10>
10002102:	2401      	movs	r4, #1
10002104:	40f2      	lsrs	r2, r6
10002106:	4314      	orrs	r4, r2
10002108:	001a      	movs	r2, r3
1000210a:	40bb      	lsls	r3, r7
1000210c:	431c      	orrs	r4, r3
1000210e:	17d3      	asrs	r3, r2, #31
10002110:	e7ac      	b.n	1000206c <da_xgty0>

10002112 <da_ygtx>:
10002112:	46ac      	mov	ip, r5
10002114:	2f20      	cmp	r7, #32
10002116:	da08      	bge.n	1000212a <da_yrgtx>
10002118:	3620      	adds	r6, #32
1000211a:	0004      	movs	r4, r0
1000211c:	40b4      	lsls	r4, r6

1000211e <da_ygtx0>:
1000211e:	000d      	movs	r5, r1
10002120:	40b5      	lsls	r5, r6
10002122:	40f8      	lsrs	r0, r7
10002124:	4139      	asrs	r1, r7
10002126:	4328      	orrs	r0, r5
10002128:	e7a5      	b.n	10002076 <da_add>

1000212a <da_yrgtx>:
1000212a:	2f3c      	cmp	r7, #60	; 0x3c
1000212c:	da0c      	bge.n	10002148 <da_ymgtx>
1000212e:	3f20      	subs	r7, #32
10002130:	3640      	adds	r6, #64	; 0x40
10002132:	0004      	movs	r4, r0
10002134:	40b4      	lsls	r4, r6
10002136:	d000      	beq.n	1000213a <da_yrgtx+0x10>
10002138:	2401      	movs	r4, #1
1000213a:	40f8      	lsrs	r0, r7
1000213c:	4304      	orrs	r4, r0
1000213e:	0008      	movs	r0, r1
10002140:	40b1      	lsls	r1, r6
10002142:	430c      	orrs	r4, r1
10002144:	17c1      	asrs	r1, r0, #31
10002146:	e7ea      	b.n	1000211e <da_ygtx0>

10002148 <da_ymgtx>:
10002148:	0010      	movs	r0, r2
1000214a:	0019      	movs	r1, r3

1000214c <da_xmgty>:
1000214c:	2400      	movs	r4, #0
1000214e:	e794      	b.n	1000207a <da_pack>
10002150:	7ff00000 	.word	0x7ff00000

10002154 <dmul_shim>:
10002154:	b5f0      	push	{r4, r5, r6, r7, lr}
10002156:	0d0c      	lsrs	r4, r1, #20
10002158:	1e66      	subs	r6, r4, #1
1000215a:	0536      	lsls	r6, r6, #20
1000215c:	1b89      	subs	r1, r1, r6
1000215e:	0ae6      	lsrs	r6, r4, #11
10002160:	0564      	lsls	r4, r4, #21
10002162:	0d64      	lsrs	r4, r4, #21
10002164:	d002      	beq.n	1000216c <l12_1>
10002166:	1c65      	adds	r5, r4, #1
10002168:	0aed      	lsrs	r5, r5, #11
1000216a:	d004      	beq.n	10002176 <l12_2>

1000216c <l12_1>:
1000216c:	2000      	movs	r0, #0
1000216e:	2101      	movs	r1, #1
10002170:	0509      	lsls	r1, r1, #20
10002172:	3c80      	subs	r4, #128	; 0x80
10002174:	0324      	lsls	r4, r4, #12

10002176 <l12_2>:
10002176:	46a4      	mov	ip, r4
10002178:	0d1c      	lsrs	r4, r3, #20
1000217a:	1e67      	subs	r7, r4, #1
1000217c:	053f      	lsls	r7, r7, #20
1000217e:	1bdb      	subs	r3, r3, r7
10002180:	0ae7      	lsrs	r7, r4, #11
10002182:	0564      	lsls	r4, r4, #21
10002184:	0d64      	lsrs	r4, r4, #21
10002186:	d002      	beq.n	1000218e <l13_1>
10002188:	1c65      	adds	r5, r4, #1
1000218a:	0aed      	lsrs	r5, r5, #11
1000218c:	d004      	beq.n	10002198 <l13_2>

1000218e <l13_1>:
1000218e:	2200      	movs	r2, #0
10002190:	2301      	movs	r3, #1
10002192:	051b      	lsls	r3, r3, #20
10002194:	3c80      	subs	r4, #128	; 0x80
10002196:	0324      	lsls	r4, r4, #12

10002198 <l13_2>:
10002198:	4077      	eors	r7, r6
1000219a:	4464      	add	r4, ip
1000219c:	b497      	push	{r0, r1, r2, r4, r7}
1000219e:	b284      	uxth	r4, r0
100021a0:	b296      	uxth	r6, r2
100021a2:	4374      	muls	r4, r6
100021a4:	0c07      	lsrs	r7, r0, #16
100021a6:	437e      	muls	r6, r7
100021a8:	0c15      	lsrs	r5, r2, #16
100021aa:	436f      	muls	r7, r5
100021ac:	b280      	uxth	r0, r0
100021ae:	4368      	muls	r0, r5
100021b0:	1836      	adds	r6, r6, r0
100021b2:	d302      	bcc.n	100021ba <l14_1>
100021b4:	2001      	movs	r0, #1
100021b6:	0400      	lsls	r0, r0, #16
100021b8:	183f      	adds	r7, r7, r0

100021ba <l14_1>:
100021ba:	0430      	lsls	r0, r6, #16
100021bc:	0c35      	lsrs	r5, r6, #16
100021be:	1900      	adds	r0, r0, r4
100021c0:	417d      	adcs	r5, r7
100021c2:	4684      	mov	ip, r0
100021c4:	b288      	uxth	r0, r1
100021c6:	b29a      	uxth	r2, r3
100021c8:	4350      	muls	r0, r2
100021ca:	0c0c      	lsrs	r4, r1, #16
100021cc:	4362      	muls	r2, r4
100021ce:	0c1f      	lsrs	r7, r3, #16
100021d0:	437c      	muls	r4, r7
100021d2:	b28e      	uxth	r6, r1
100021d4:	437e      	muls	r6, r7
100021d6:	1992      	adds	r2, r2, r6
100021d8:	d302      	bcc.n	100021e0 <l15_1>
100021da:	2601      	movs	r6, #1
100021dc:	0436      	lsls	r6, r6, #16
100021de:	19a4      	adds	r4, r4, r6

100021e0 <l15_1>:
100021e0:	0416      	lsls	r6, r2, #16
100021e2:	0c17      	lsrs	r7, r2, #16
100021e4:	1836      	adds	r6, r6, r0
100021e6:	4167      	adcs	r7, r4
100021e8:	bc01      	pop	{r0}
100021ea:	b281      	uxth	r1, r0
100021ec:	b29a      	uxth	r2, r3
100021ee:	4351      	muls	r1, r2
100021f0:	0c04      	lsrs	r4, r0, #16
100021f2:	4362      	muls	r2, r4
100021f4:	0c1b      	lsrs	r3, r3, #16
100021f6:	435c      	muls	r4, r3
100021f8:	b280      	uxth	r0, r0
100021fa:	4358      	muls	r0, r3
100021fc:	1812      	adds	r2, r2, r0
100021fe:	d302      	bcc.n	10002206 <l16_1>
10002200:	2001      	movs	r0, #1
10002202:	0400      	lsls	r0, r0, #16
10002204:	1824      	adds	r4, r4, r0

10002206 <l16_1>:
10002206:	0410      	lsls	r0, r2, #16
10002208:	0c13      	lsrs	r3, r2, #16
1000220a:	1840      	adds	r0, r0, r1
1000220c:	4163      	adcs	r3, r4
1000220e:	182d      	adds	r5, r5, r0
10002210:	415e      	adcs	r6, r3
10002212:	2000      	movs	r0, #0
10002214:	4147      	adcs	r7, r0
10002216:	bc06      	pop	{r1, r2}
10002218:	b288      	uxth	r0, r1
1000221a:	b293      	uxth	r3, r2
1000221c:	4358      	muls	r0, r3
1000221e:	0c0c      	lsrs	r4, r1, #16
10002220:	4363      	muls	r3, r4
10002222:	0c12      	lsrs	r2, r2, #16
10002224:	4354      	muls	r4, r2
10002226:	b289      	uxth	r1, r1
10002228:	4351      	muls	r1, r2
1000222a:	185b      	adds	r3, r3, r1
1000222c:	d302      	bcc.n	10002234 <l17_1>
1000222e:	2101      	movs	r1, #1
10002230:	0409      	lsls	r1, r1, #16
10002232:	1864      	adds	r4, r4, r1

10002234 <l17_1>:
10002234:	0419      	lsls	r1, r3, #16
10002236:	0c1a      	lsrs	r2, r3, #16
10002238:	1809      	adds	r1, r1, r0
1000223a:	4162      	adcs	r2, r4
1000223c:	186d      	adds	r5, r5, r1
1000223e:	4156      	adcs	r6, r2
10002240:	2000      	movs	r0, #0
10002242:	4147      	adcs	r7, r0
10002244:	bc18      	pop	{r3, r4}
10002246:	02f9      	lsls	r1, r7, #11
10002248:	0d72      	lsrs	r2, r6, #21
1000224a:	4311      	orrs	r1, r2
1000224c:	02f0      	lsls	r0, r6, #11
1000224e:	0d6a      	lsrs	r2, r5, #21
10002250:	4310      	orrs	r0, r2
10002252:	02ed      	lsls	r5, r5, #11
10002254:	0d0a      	lsrs	r2, r1, #20
10002256:	d103      	bne.n	10002260 <l17_1+0x2c>
10002258:	196d      	adds	r5, r5, r5
1000225a:	4140      	adcs	r0, r0
1000225c:	4149      	adcs	r1, r1
1000225e:	3b01      	subs	r3, #1
10002260:	4e12      	ldr	r6, [pc, #72]	; (100022ac <dm_1+0xa>)
10002262:	1b9b      	subs	r3, r3, r6
10002264:	0076      	lsls	r6, r6, #1
10002266:	42b3      	cmp	r3, r6
10002268:	d20e      	bcs.n	10002288 <dm_0>
1000226a:	006d      	lsls	r5, r5, #1
1000226c:	d307      	bcc.n	1000227e <l17_1+0x4a>
1000226e:	3001      	adds	r0, #1
10002270:	2600      	movs	r6, #0
10002272:	4171      	adcs	r1, r6
10002274:	4666      	mov	r6, ip
10002276:	4335      	orrs	r5, r6
10002278:	d101      	bne.n	1000227e <l17_1+0x4a>
1000227a:	0840      	lsrs	r0, r0, #1
1000227c:	0040      	lsls	r0, r0, #1
1000227e:	051b      	lsls	r3, r3, #20
10002280:	18c9      	adds	r1, r1, r3

10002282 <dm_2>:
10002282:	07e4      	lsls	r4, r4, #31
10002284:	4421      	add	r1, r4
10002286:	bdf0      	pop	{r4, r5, r6, r7, pc}

10002288 <dm_0>:
10002288:	da0b      	bge.n	100022a2 <dm_1>
1000228a:	3301      	adds	r3, #1
1000228c:	d106      	bne.n	1000229c <dm_0+0x14>
1000228e:	3001      	adds	r0, #1
10002290:	d104      	bne.n	1000229c <dm_0+0x14>
10002292:	3101      	adds	r1, #1
10002294:	0d4f      	lsrs	r7, r1, #21
10002296:	d001      	beq.n	1000229c <dm_0+0x14>
10002298:	0849      	lsrs	r1, r1, #1
1000229a:	e7f2      	b.n	10002282 <dm_2>
1000229c:	07e1      	lsls	r1, r4, #31
1000229e:	2000      	movs	r0, #0
100022a0:	bdf0      	pop	{r4, r5, r6, r7, pc}

100022a2 <dm_1>:
100022a2:	3601      	adds	r6, #1
100022a4:	0531      	lsls	r1, r6, #20
100022a6:	2000      	movs	r0, #0
100022a8:	e7eb      	b.n	10002282 <dm_2>
100022aa:	0000      	.short	0x0000
100022ac:	000003ff 	.word	0x000003ff

100022b0 <ddiv_shim>:
100022b0:	b5f0      	push	{r4, r5, r6, r7, lr}

100022b2 <ddiv0>:
100022b2:	0d1c      	lsrs	r4, r3, #20
100022b4:	1e67      	subs	r7, r4, #1
100022b6:	053f      	lsls	r7, r7, #20
100022b8:	1bdb      	subs	r3, r3, r7
100022ba:	0ae7      	lsrs	r7, r4, #11
100022bc:	0564      	lsls	r4, r4, #21
100022be:	0d64      	lsrs	r4, r4, #21
100022c0:	d002      	beq.n	100022c8 <l20_1>
100022c2:	1c66      	adds	r6, r4, #1
100022c4:	0af6      	lsrs	r6, r6, #11
100022c6:	d004      	beq.n	100022d2 <l20_2>

100022c8 <l20_1>:
100022c8:	2200      	movs	r2, #0
100022ca:	2301      	movs	r3, #1
100022cc:	051b      	lsls	r3, r3, #20
100022ce:	3c80      	subs	r4, #128	; 0x80
100022d0:	0324      	lsls	r4, r4, #12

100022d2 <l20_2>:
100022d2:	25d0      	movs	r5, #208	; 0xd0
100022d4:	062d      	lsls	r5, r5, #24
100022d6:	2600      	movs	r6, #0
100022d8:	43f6      	mvns	r6, r6
100022da:	662e      	str	r6, [r5, #96]	; 0x60
100022dc:	091e      	lsrs	r6, r3, #4
100022de:	666e      	str	r6, [r5, #100]	; 0x64
100022e0:	0fce      	lsrs	r6, r1, #31
100022e2:	19f6      	adds	r6, r6, r7
100022e4:	46b4      	mov	ip, r6
100022e6:	0049      	lsls	r1, r1, #1
100022e8:	0d4f      	lsrs	r7, r1, #21
100022ea:	d002      	beq.n	100022f2 <l20_2+0x20>
100022ec:	1c7e      	adds	r6, r7, #1
100022ee:	0af6      	lsrs	r6, r6, #11
100022f0:	d003      	beq.n	100022fa <l20_2+0x28>
100022f2:	2000      	movs	r0, #0
100022f4:	2100      	movs	r1, #0
100022f6:	3f40      	subs	r7, #64	; 0x40
100022f8:	033f      	lsls	r7, r7, #12
100022fa:	1b3e      	subs	r6, r7, r4
100022fc:	00b6      	lsls	r6, r6, #2
100022fe:	44b4      	add	ip, r6
10002300:	3f01      	subs	r7, #1
10002302:	057f      	lsls	r7, r7, #21
10002304:	1bc9      	subs	r1, r1, r7
10002306:	0849      	lsrs	r1, r1, #1
10002308:	6f2e      	ldr	r6, [r5, #112]	; 0x70
1000230a:	3601      	adds	r6, #1
1000230c:	0876      	lsrs	r6, r6, #1
1000230e:	029c      	lsls	r4, r3, #10
10002310:	0d95      	lsrs	r5, r2, #22
10002312:	4325      	orrs	r5, r4
10002314:	4375      	muls	r5, r6
10002316:	13ed      	asrs	r5, r5, #15
10002318:	4375      	muls	r5, r6
1000231a:	13ad      	asrs	r5, r5, #14
1000231c:	3501      	adds	r5, #1
1000231e:	106d      	asrs	r5, r5, #1
10002320:	03f6      	lsls	r6, r6, #15
10002322:	1b76      	subs	r6, r6, r5
10002324:	b40c      	push	{r2, r3}
10002326:	02cc      	lsls	r4, r1, #11
10002328:	0d45      	lsrs	r5, r0, #21
1000232a:	432c      	orrs	r4, r5
1000232c:	b2a2      	uxth	r2, r4
1000232e:	b2b3      	uxth	r3, r6
10002330:	435a      	muls	r2, r3
10002332:	0c27      	lsrs	r7, r4, #16
10002334:	437b      	muls	r3, r7
10002336:	0c35      	lsrs	r5, r6, #16
10002338:	436f      	muls	r7, r5
1000233a:	b2a4      	uxth	r4, r4
1000233c:	436c      	muls	r4, r5
1000233e:	191b      	adds	r3, r3, r4
10002340:	d302      	bcc.n	10002348 <l21_1>
10002342:	2401      	movs	r4, #1
10002344:	0424      	lsls	r4, r4, #16
10002346:	193f      	adds	r7, r7, r4

10002348 <l21_1>:
10002348:	041c      	lsls	r4, r3, #16
1000234a:	0c1d      	lsrs	r5, r3, #16
1000234c:	18a4      	adds	r4, r4, r2
1000234e:	417d      	adcs	r5, r7
10002350:	1924      	adds	r4, r4, r4
10002352:	416d      	adcs	r5, r5
10002354:	9a00      	ldr	r2, [sp, #0]
10002356:	b291      	uxth	r1, r2
10002358:	b2ac      	uxth	r4, r5
1000235a:	4361      	muls	r1, r4
1000235c:	0c17      	lsrs	r7, r2, #16
1000235e:	437c      	muls	r4, r7
10002360:	0c2b      	lsrs	r3, r5, #16
10002362:	435f      	muls	r7, r3
10002364:	b292      	uxth	r2, r2
10002366:	435a      	muls	r2, r3
10002368:	18a4      	adds	r4, r4, r2
1000236a:	d302      	bcc.n	10002372 <l22_1>
1000236c:	2201      	movs	r2, #1
1000236e:	0412      	lsls	r2, r2, #16
10002370:	18bf      	adds	r7, r7, r2

10002372 <l22_1>:
10002372:	0422      	lsls	r2, r4, #16
10002374:	0c23      	lsrs	r3, r4, #16
10002376:	1852      	adds	r2, r2, r1
10002378:	417b      	adcs	r3, r7
1000237a:	9c01      	ldr	r4, [sp, #4]
1000237c:	436c      	muls	r4, r5
1000237e:	191b      	adds	r3, r3, r4
10002380:	0e52      	lsrs	r2, r2, #25
10002382:	01d9      	lsls	r1, r3, #7
10002384:	430a      	orrs	r2, r1
10002386:	0144      	lsls	r4, r0, #5
10002388:	1aa0      	subs	r0, r4, r2
1000238a:	b281      	uxth	r1, r0
1000238c:	b2b2      	uxth	r2, r6
1000238e:	4351      	muls	r1, r2
10002390:	1403      	asrs	r3, r0, #16
10002392:	435a      	muls	r2, r3
10002394:	0c36      	lsrs	r6, r6, #16
10002396:	4373      	muls	r3, r6
10002398:	b287      	uxth	r7, r0
1000239a:	4377      	muls	r7, r6
1000239c:	17d6      	asrs	r6, r2, #31
1000239e:	19d2      	adds	r2, r2, r7
100023a0:	2700      	movs	r7, #0
100023a2:	417e      	adcs	r6, r7
100023a4:	0436      	lsls	r6, r6, #16
100023a6:	199b      	adds	r3, r3, r6
100023a8:	0417      	lsls	r7, r2, #16
100023aa:	0c16      	lsrs	r6, r2, #16
100023ac:	187f      	adds	r7, r7, r1
100023ae:	415e      	adcs	r6, r3
100023b0:	1673      	asrs	r3, r6, #25
100023b2:	18ed      	adds	r5, r5, r3
100023b4:	01f3      	lsls	r3, r6, #7
100023b6:	2600      	movs	r6, #0
100023b8:	3380      	adds	r3, #128	; 0x80
100023ba:	4175      	adcs	r5, r6
100023bc:	0fa9      	lsrs	r1, r5, #30
100023be:	d106      	bne.n	100023ce <dd_0>
100023c0:	0064      	lsls	r4, r4, #1
100023c2:	0a69      	lsrs	r1, r5, #9
100023c4:	05e8      	lsls	r0, r5, #23
100023c6:	0a5b      	lsrs	r3, r3, #9
100023c8:	4318      	orrs	r0, r3
100023ca:	d209      	bcs.n	100023e0 <dd_1>
100023cc:	e02f      	b.n	1000242e <dd_2>

100023ce <dd_0>:
100023ce:	2204      	movs	r2, #4
100023d0:	4494      	add	ip, r2
100023d2:	3380      	adds	r3, #128	; 0x80
100023d4:	4175      	adcs	r5, r6
100023d6:	0aa9      	lsrs	r1, r5, #10
100023d8:	05a8      	lsls	r0, r5, #22
100023da:	0a9b      	lsrs	r3, r3, #10
100023dc:	4318      	orrs	r0, r3
100023de:	d326      	bcc.n	1000242e <dd_2>

100023e0 <dd_1>:
100023e0:	4140      	adcs	r0, r0
100023e2:	4149      	adcs	r1, r1
100023e4:	0424      	lsls	r4, r4, #16
100023e6:	9a00      	ldr	r2, [sp, #0]
100023e8:	9b01      	ldr	r3, [sp, #4]
100023ea:	000d      	movs	r5, r1
100023ec:	4355      	muls	r5, r2
100023ee:	1b64      	subs	r4, r4, r5
100023f0:	4343      	muls	r3, r0
100023f2:	1ae4      	subs	r4, r4, r3
100023f4:	b295      	uxth	r5, r2
100023f6:	b286      	uxth	r6, r0
100023f8:	4375      	muls	r5, r6
100023fa:	0c17      	lsrs	r7, r2, #16
100023fc:	437e      	muls	r6, r7
100023fe:	0c03      	lsrs	r3, r0, #16
10002400:	435f      	muls	r7, r3
10002402:	b292      	uxth	r2, r2
10002404:	435a      	muls	r2, r3
10002406:	18b6      	adds	r6, r6, r2
10002408:	d302      	bcc.n	10002410 <l24_1>
1000240a:	2201      	movs	r2, #1
1000240c:	0412      	lsls	r2, r2, #16
1000240e:	18bf      	adds	r7, r7, r2

10002410 <l24_1>:
10002410:	0432      	lsls	r2, r6, #16
10002412:	0c33      	lsrs	r3, r6, #16
10002414:	1952      	adds	r2, r2, r5
10002416:	417b      	adcs	r3, r7
10002418:	4252      	negs	r2, r2
1000241a:	419c      	sbcs	r4, r3
1000241c:	2c00      	cmp	r4, #0
1000241e:	d402      	bmi.n	10002426 <l24_1+0x16>
10002420:	2200      	movs	r2, #0
10002422:	3001      	adds	r0, #1
10002424:	4151      	adcs	r1, r2
10002426:	0840      	lsrs	r0, r0, #1
10002428:	07ca      	lsls	r2, r1, #31
1000242a:	4310      	orrs	r0, r2
1000242c:	0849      	lsrs	r1, r1, #1

1000242e <dd_2>:
1000242e:	b002      	add	sp, #8
10002430:	4662      	mov	r2, ip
10002432:	07d7      	lsls	r7, r2, #31
10002434:	1092      	asrs	r2, r2, #2
10002436:	4b08      	ldr	r3, [pc, #32]	; (10002458 <dd_4+0x6>)
10002438:	18d2      	adds	r2, r2, r3
1000243a:	4b08      	ldr	r3, [pc, #32]	; (1000245c <dd_4+0xa>)
1000243c:	429a      	cmp	r2, r3
1000243e:	d203      	bcs.n	10002448 <dd_3>
10002440:	0512      	lsls	r2, r2, #20
10002442:	1889      	adds	r1, r1, r2

10002444 <dd_5>:
10002444:	19c9      	adds	r1, r1, r7
10002446:	bdf0      	pop	{r4, r5, r6, r7, pc}

10002448 <dd_3>:
10002448:	2000      	movs	r0, #0
1000244a:	2a00      	cmp	r2, #0
1000244c:	dc01      	bgt.n	10002452 <dd_4>
1000244e:	0039      	movs	r1, r7
10002450:	bdf0      	pop	{r4, r5, r6, r7, pc}

10002452 <dd_4>:
10002452:	3301      	adds	r3, #1
10002454:	0519      	lsls	r1, r3, #20
10002456:	e7f5      	b.n	10002444 <dd_5>
10002458:	000003fd 	.word	0x000003fd
1000245c:	000007fe 	.word	0x000007fe

10002460 <double2uint_shim>:
10002460:	2200      	movs	r2, #0

10002462 <double2ufix_shim>:
10002462:	b500      	push	{lr}
10002464:	3220      	adds	r2, #32
10002466:	f000 f804 	bl	10002472 <double2ufix64_shim>
1000246a:	0008      	movs	r0, r1
1000246c:	bd00      	pop	{pc}
	...

10002470 <double2uint64_shim>:
10002470:	2200      	movs	r2, #0

10002472 <double2ufix64_shim>:
10002472:	150b      	asrs	r3, r1, #20
10002474:	d40a      	bmi.n	1000248c <ret_dzero>

10002476 <d2fix>:
10002476:	b510      	push	{r4, lr}
10002478:	4694      	mov	ip, r2
1000247a:	f000 f831 	bl	100024e0 <dunpacks>
1000247e:	1414      	asrs	r4, r2, #16
10002480:	3401      	adds	r4, #1
10002482:	da00      	bge.n	10002486 <d2fix+0x10>
10002484:	2100      	movs	r1, #0
10002486:	17cb      	asrs	r3, r1, #31
10002488:	4c14      	ldr	r4, [pc, #80]	; (100024dc <d2fix_a+0x4a>)
1000248a:	4720      	bx	r4

1000248c <ret_dzero>:
1000248c:	2000      	movs	r0, #0
1000248e:	2100      	movs	r1, #0
10002490:	4770      	bx	lr

10002492 <d2fix_a>:
10002492:	4462      	add	r2, ip
10002494:	3a34      	subs	r2, #52	; 0x34
10002496:	d40c      	bmi.n	100024b2 <d2fix_a+0x20>
10002498:	2a0c      	cmp	r2, #12
1000249a:	da07      	bge.n	100024ac <d2fix_a+0x1a>
1000249c:	0004      	movs	r4, r0
1000249e:	4091      	lsls	r1, r2
100024a0:	4090      	lsls	r0, r2
100024a2:	4252      	negs	r2, r2
100024a4:	3220      	adds	r2, #32
100024a6:	40d4      	lsrs	r4, r2
100024a8:	4321      	orrs	r1, r4
100024aa:	bd10      	pop	{r4, pc}
100024ac:	43d8      	mvns	r0, r3
100024ae:	43d9      	mvns	r1, r3
100024b0:	bd10      	pop	{r4, pc}
100024b2:	3220      	adds	r2, #32
100024b4:	d407      	bmi.n	100024c6 <d2fix_a+0x34>
100024b6:	460c      	mov	r4, r1
100024b8:	4094      	lsls	r4, r2
100024ba:	4252      	negs	r2, r2
100024bc:	3220      	adds	r2, #32
100024be:	4111      	asrs	r1, r2
100024c0:	40d0      	lsrs	r0, r2
100024c2:	4320      	orrs	r0, r4
100024c4:	bd10      	pop	{r4, pc}
100024c6:	0008      	movs	r0, r1
100024c8:	17c9      	asrs	r1, r1, #31
100024ca:	3220      	adds	r2, #32
100024cc:	d403      	bmi.n	100024d6 <d2fix_a+0x44>
100024ce:	4252      	negs	r2, r2
100024d0:	3220      	adds	r2, #32
100024d2:	4110      	asrs	r0, r2
100024d4:	bd10      	pop	{r4, pc}
100024d6:	0018      	movs	r0, r3
100024d8:	0019      	movs	r1, r3
100024da:	bd10      	pop	{r4, pc}
100024dc:	10002493 	.word	0x10002493

100024e0 <dunpacks>:
100024e0:	0d0a      	lsrs	r2, r1, #20
100024e2:	0fcc      	lsrs	r4, r1, #31
100024e4:	1e53      	subs	r3, r2, #1
100024e6:	051b      	lsls	r3, r3, #20
100024e8:	1ac9      	subs	r1, r1, r3
100024ea:	0552      	lsls	r2, r2, #21
100024ec:	d303      	bcc.n	100024f6 <l60_1>
100024ee:	43c9      	mvns	r1, r1
100024f0:	4240      	negs	r0, r0
100024f2:	d300      	bcc.n	100024f6 <l60_1>
100024f4:	3101      	adds	r1, #1

100024f6 <l60_1>:
100024f6:	0d52      	lsrs	r2, r2, #21
100024f8:	d003      	beq.n	10002502 <l60_2>
100024fa:	1c53      	adds	r3, r2, #1
100024fc:	0adb      	lsrs	r3, r3, #11
100024fe:	d007      	beq.n	10002510 <l60_3>
10002500:	1b12      	subs	r2, r2, r4

10002502 <l60_2>:
10002502:	2000      	movs	r0, #0
10002504:	0064      	lsls	r4, r4, #1
10002506:	1c61      	adds	r1, r4, #1
10002508:	0789      	lsls	r1, r1, #30
1000250a:	1289      	asrs	r1, r1, #10
1000250c:	3a80      	subs	r2, #128	; 0x80
1000250e:	0312      	lsls	r2, r2, #12

10002510 <l60_3>:
10002510:	4b01      	ldr	r3, [pc, #4]	; (10002518 <l60_3+0x8>)
10002512:	1ad2      	subs	r2, r2, r3
10002514:	4770      	bx	lr
10002516:	0000      	.short	0x0000
10002518:	000003ff 	.word	0x000003ff

1000251c <__aeabi_float_init>:
1000251c:	b570      	push	{r4, r5, r6, lr}
1000251e:	2313      	movs	r3, #19
10002520:	781d      	ldrb	r5, [r3, #0]
10002522:	482a      	ldr	r0, [pc, #168]	; (100025cc <__aeabi_float_init+0xb0>)
10002524:	f7ff f860 	bl	100015e8 <rom_data_lookup>
10002528:	0004      	movs	r4, r0
1000252a:	2d01      	cmp	r5, #1
1000252c:	d011      	beq.n	10002552 <__aeabi_float_init+0x36>
1000252e:	2d01      	cmp	r5, #1
10002530:	dd09      	ble.n	10002546 <__aeabi_float_init+0x2a>
10002532:	1ea3      	subs	r3, r4, #2
10002534:	781b      	ldrb	r3, [r3, #0]
10002536:	009b      	lsls	r3, r3, #2
10002538:	2b7f      	cmp	r3, #127	; 0x7f
1000253a:	dd40      	ble.n	100025be <__aeabi_float_init+0xa2>
1000253c:	2280      	movs	r2, #128	; 0x80
1000253e:	0021      	movs	r1, r4
10002540:	4823      	ldr	r0, [pc, #140]	; (100025d0 <__aeabi_float_init+0xb4>)
10002542:	f000 f88b 	bl	1000265c <__wrap___aeabi_memcpy>
10002546:	4823      	ldr	r0, [pc, #140]	; (100025d4 <__aeabi_float_init+0xb8>)
10002548:	f7ff f846 	bl	100015d8 <rom_func_lookup>
1000254c:	4b22      	ldr	r3, [pc, #136]	; (100025d8 <__aeabi_float_init+0xbc>)
1000254e:	6018      	str	r0, [r3, #0]
10002550:	bd70      	pop	{r4, r5, r6, pc}
10002552:	2254      	movs	r2, #84	; 0x54
10002554:	0001      	movs	r1, r0
10002556:	481e      	ldr	r0, [pc, #120]	; (100025d0 <__aeabi_float_init+0xb4>)
10002558:	f000 f880 	bl	1000265c <__wrap___aeabi_memcpy>
1000255c:	4b1f      	ldr	r3, [pc, #124]	; (100025dc <__aeabi_float_init+0xc0>)
1000255e:	881a      	ldrh	r2, [r3, #0]
10002560:	4b1f      	ldr	r3, [pc, #124]	; (100025e0 <__aeabi_float_init+0xc4>)
10002562:	429a      	cmp	r2, r3
10002564:	d11c      	bne.n	100025a0 <__aeabi_float_init+0x84>
10002566:	23a7      	movs	r3, #167	; 0xa7
10002568:	019b      	lsls	r3, r3, #6
1000256a:	881a      	ldrh	r2, [r3, #0]
1000256c:	4b1d      	ldr	r3, [pc, #116]	; (100025e4 <__aeabi_float_init+0xc8>)
1000256e:	429a      	cmp	r2, r3
10002570:	d116      	bne.n	100025a0 <__aeabi_float_init+0x84>
10002572:	4b1d      	ldr	r3, [pc, #116]	; (100025e8 <__aeabi_float_init+0xcc>)
10002574:	881a      	ldrh	r2, [r3, #0]
10002576:	4b1d      	ldr	r3, [pc, #116]	; (100025ec <__aeabi_float_init+0xd0>)
10002578:	429a      	cmp	r2, r3
1000257a:	d111      	bne.n	100025a0 <__aeabi_float_init+0x84>
1000257c:	4b1c      	ldr	r3, [pc, #112]	; (100025f0 <__aeabi_float_init+0xd4>)
1000257e:	881a      	ldrh	r2, [r3, #0]
10002580:	2394      	movs	r3, #148	; 0x94
10002582:	019b      	lsls	r3, r3, #6
10002584:	429a      	cmp	r2, r3
10002586:	d10b      	bne.n	100025a0 <__aeabi_float_init+0x84>
10002588:	4b1a      	ldr	r3, [pc, #104]	; (100025f4 <__aeabi_float_init+0xd8>)
1000258a:	881a      	ldrh	r2, [r3, #0]
1000258c:	4b1a      	ldr	r3, [pc, #104]	; (100025f8 <__aeabi_float_init+0xdc>)
1000258e:	429a      	cmp	r2, r3
10002590:	d106      	bne.n	100025a0 <__aeabi_float_init+0x84>
10002592:	4b1a      	ldr	r3, [pc, #104]	; (100025fc <__aeabi_float_init+0xe0>)
10002594:	681a      	ldr	r2, [r3, #0]
10002596:	4b1a      	ldr	r3, [pc, #104]	; (10002600 <__aeabi_float_init+0xe4>)
10002598:	429a      	cmp	r2, r3
1000259a:	d101      	bne.n	100025a0 <__aeabi_float_init+0x84>
1000259c:	2315      	movs	r3, #21
1000259e:	e007      	b.n	100025b0 <__aeabi_float_init+0x94>
100025a0:	4818      	ldr	r0, [pc, #96]	; (10002604 <__aeabi_float_init+0xe8>)
100025a2:	f7fd ffb3 	bl	1000050c <panic>
100025a6:	0099      	lsls	r1, r3, #2
100025a8:	4817      	ldr	r0, [pc, #92]	; (10002608 <__aeabi_float_init+0xec>)
100025aa:	4a09      	ldr	r2, [pc, #36]	; (100025d0 <__aeabi_float_init+0xb4>)
100025ac:	5088      	str	r0, [r1, r2]
100025ae:	3301      	adds	r3, #1
100025b0:	2b1f      	cmp	r3, #31
100025b2:	d9f8      	bls.n	100025a6 <__aeabi_float_init+0x8a>
100025b4:	4a14      	ldr	r2, [pc, #80]	; (10002608 <__aeabi_float_init+0xec>)
100025b6:	4b06      	ldr	r3, [pc, #24]	; (100025d0 <__aeabi_float_init+0xb4>)
100025b8:	621a      	str	r2, [r3, #32]
100025ba:	61da      	str	r2, [r3, #28]
100025bc:	e7b7      	b.n	1000252e <__aeabi_float_init+0x12>
100025be:	4b13      	ldr	r3, [pc, #76]	; (1000260c <__aeabi_float_init+0xf0>)
100025c0:	4a13      	ldr	r2, [pc, #76]	; (10002610 <__aeabi_float_init+0xf4>)
100025c2:	2142      	movs	r1, #66	; 0x42
100025c4:	4813      	ldr	r0, [pc, #76]	; (10002614 <__aeabi_float_init+0xf8>)
100025c6:	f001 f8f5 	bl	100037b4 <__assert_func>
100025ca:	46c0      	nop			; (mov r8, r8)
100025cc:	00004653 	.word	0x00004653
100025d0:	200005dc 	.word	0x200005dc
100025d4:	0000334c 	.word	0x0000334c
100025d8:	200005d8 	.word	0x200005d8
100025dc:	000029ee 	.word	0x000029ee
100025e0:	00000fc4 	.word	0x00000fc4
100025e4:	00000dc2 	.word	0x00000dc2
100025e8:	00002b96 	.word	0x00002b96
100025ec:	0000b5c0 	.word	0x0000b5c0
100025f0:	00002b18 	.word	0x00002b18
100025f4:	00002acc 	.word	0x00002acc
100025f8:	0000b510 	.word	0x0000b510
100025fc:	00002cfc 	.word	0x00002cfc
10002600:	6487ed51 	.word	0x6487ed51
10002604:	10004894 	.word	0x10004894
10002608:	10002619 	.word	0x10002619
1000260c:	100044bc 	.word	0x100044bc
10002610:	1000454c 	.word	0x1000454c
10002614:	100044f0 	.word	0x100044f0

10002618 <float_table_shim_on_use_helper>:
10002618:	b507      	push	{r0, r1, r2, lr}
1000261a:	4660      	mov	r0, ip
1000261c:	2800      	cmp	r0, #0
1000261e:	d100      	bne.n	10002622 <float_table_shim_on_use_helper+0xa>
10002620:	be00      	bkpt	0x0000
10002622:	8801      	ldrh	r1, [r0, #0]
10002624:	0a0a      	lsrs	r2, r1, #8
10002626:	3002      	adds	r0, #2
10002628:	2adf      	cmp	r2, #223	; 0xdf
1000262a:	d1fa      	bne.n	10002622 <float_table_shim_on_use_helper+0xa>
1000262c:	b2c9      	uxtb	r1, r1
1000262e:	0882      	lsrs	r2, r0, #2
10002630:	d304      	bcc.n	1000263c <float_table_shim_on_use_helper+0x24>
10002632:	8802      	ldrh	r2, [r0, #0]
10002634:	8840      	ldrh	r0, [r0, #2]
10002636:	0400      	lsls	r0, r0, #16
10002638:	4310      	orrs	r0, r2
1000263a:	e000      	b.n	1000263e <float_table_shim_on_use_helper+0x26>
1000263c:	6800      	ldr	r0, [r0, #0]
1000263e:	4a02      	ldr	r2, [pc, #8]	; (10002648 <float_table_shim_on_use_helper+0x30>)
10002640:	5050      	str	r0, [r2, r1]
10002642:	9003      	str	r0, [sp, #12]
10002644:	bd07      	pop	{r0, r1, r2, pc}
10002646:	0000      	.short	0x0000
10002648:	200005dc 	.word	0x200005dc

1000264c <__aeabi_mem_init>:
1000264c:	4801      	ldr	r0, [pc, #4]	; (10002654 <__aeabi_mem_init+0x8>)
1000264e:	2104      	movs	r1, #4
10002650:	4b01      	ldr	r3, [pc, #4]	; (10002658 <__aeabi_mem_init+0xc>)
10002652:	4718      	bx	r3
10002654:	200002c0 	.word	0x200002c0
10002658:	100015f9 	.word	0x100015f9

1000265c <__wrap___aeabi_memcpy>:
1000265c:	4b01      	ldr	r3, [pc, #4]	; (10002664 <__wrap___aeabi_memcpy+0x8>)
1000265e:	685b      	ldr	r3, [r3, #4]
10002660:	4718      	bx	r3
10002662:	0000      	.short	0x0000
10002664:	200002c0 	.word	0x200002c0

10002668 <_out_null>:
10002668:	4770      	bx	lr

1000266a <_out_fct>:
1000266a:	b510      	push	{r4, lr}
1000266c:	2800      	cmp	r0, #0
1000266e:	d002      	beq.n	10002676 <_out_fct+0xc>
10002670:	680b      	ldr	r3, [r1, #0]
10002672:	6849      	ldr	r1, [r1, #4]
10002674:	4798      	blx	r3
10002676:	bd10      	pop	{r4, pc}

10002678 <_atoi>:
10002678:	0001      	movs	r1, r0
1000267a:	2000      	movs	r0, #0
1000267c:	e007      	b.n	1000268e <_atoi+0x16>
1000267e:	0083      	lsls	r3, r0, #2
10002680:	181b      	adds	r3, r3, r0
10002682:	005b      	lsls	r3, r3, #1
10002684:	1c50      	adds	r0, r2, #1
10002686:	6008      	str	r0, [r1, #0]
10002688:	7810      	ldrb	r0, [r2, #0]
1000268a:	18c0      	adds	r0, r0, r3
1000268c:	3830      	subs	r0, #48	; 0x30
1000268e:	680a      	ldr	r2, [r1, #0]
10002690:	7813      	ldrb	r3, [r2, #0]
10002692:	3b30      	subs	r3, #48	; 0x30
10002694:	b2db      	uxtb	r3, r3
10002696:	2b09      	cmp	r3, #9
10002698:	d9f1      	bls.n	1000267e <_atoi+0x6>
1000269a:	4770      	bx	lr

1000269c <_out_rev>:
1000269c:	b5f0      	push	{r4, r5, r6, r7, lr}
1000269e:	46de      	mov	lr, fp
100026a0:	4657      	mov	r7, sl
100026a2:	464e      	mov	r6, r9
100026a4:	4645      	mov	r5, r8
100026a6:	b5e0      	push	{r5, r6, r7, lr}
100026a8:	b083      	sub	sp, #12
100026aa:	4693      	mov	fp, r2
100026ac:	001f      	movs	r7, r3
100026ae:	9b0c      	ldr	r3, [sp, #48]	; 0x30
100026b0:	469a      	mov	sl, r3
100026b2:	9c0d      	ldr	r4, [sp, #52]	; 0x34
100026b4:	9b0e      	ldr	r3, [sp, #56]	; 0x38
100026b6:	4699      	mov	r9, r3
100026b8:	9b0f      	ldr	r3, [sp, #60]	; 0x3c
100026ba:	079b      	lsls	r3, r3, #30
100026bc:	d003      	beq.n	100026c6 <_out_rev+0x2a>
100026be:	46b8      	mov	r8, r7
100026c0:	000f      	movs	r7, r1
100026c2:	0006      	movs	r6, r0
100026c4:	e022      	b.n	1000270c <_out_rev+0x70>
100026c6:	9201      	str	r2, [sp, #4]
100026c8:	46a3      	mov	fp, r4
100026ca:	4688      	mov	r8, r1
100026cc:	464e      	mov	r6, r9
100026ce:	46b9      	mov	r9, r7
100026d0:	0007      	movs	r7, r0
100026d2:	42b4      	cmp	r4, r6
100026d4:	d207      	bcs.n	100026e6 <_out_rev+0x4a>
100026d6:	1c55      	adds	r5, r2, #1
100026d8:	464b      	mov	r3, r9
100026da:	4641      	mov	r1, r8
100026dc:	2020      	movs	r0, #32
100026de:	47b8      	blx	r7
100026e0:	3401      	adds	r4, #1
100026e2:	002a      	movs	r2, r5
100026e4:	e7f5      	b.n	100026d2 <_out_rev+0x36>
100026e6:	003d      	movs	r5, r7
100026e8:	464f      	mov	r7, r9
100026ea:	465c      	mov	r4, fp
100026ec:	9b01      	ldr	r3, [sp, #4]
100026ee:	469b      	mov	fp, r3
100026f0:	46b1      	mov	r9, r6
100026f2:	4646      	mov	r6, r8
100026f4:	46b8      	mov	r8, r7
100026f6:	0037      	movs	r7, r6
100026f8:	002e      	movs	r6, r5
100026fa:	e007      	b.n	1000270c <_out_rev+0x70>
100026fc:	3c01      	subs	r4, #1
100026fe:	1c55      	adds	r5, r2, #1
10002700:	4653      	mov	r3, sl
10002702:	5d18      	ldrb	r0, [r3, r4]
10002704:	4643      	mov	r3, r8
10002706:	0039      	movs	r1, r7
10002708:	47b0      	blx	r6
1000270a:	002a      	movs	r2, r5
1000270c:	2c00      	cmp	r4, #0
1000270e:	d1f5      	bne.n	100026fc <_out_rev+0x60>
10002710:	0035      	movs	r5, r6
10002712:	003e      	movs	r6, r7
10002714:	4647      	mov	r7, r8
10002716:	9b0f      	ldr	r3, [sp, #60]	; 0x3c
10002718:	079b      	lsls	r3, r3, #30
1000271a:	d407      	bmi.n	1000272c <_out_rev+0x90>
1000271c:	0010      	movs	r0, r2
1000271e:	b003      	add	sp, #12
10002720:	bcf0      	pop	{r4, r5, r6, r7}
10002722:	46bb      	mov	fp, r7
10002724:	46b2      	mov	sl, r6
10002726:	46a9      	mov	r9, r5
10002728:	46a0      	mov	r8, r4
1000272a:	bdf0      	pop	{r4, r5, r6, r7, pc}
1000272c:	46b0      	mov	r8, r6
1000272e:	464e      	mov	r6, r9
10002730:	46b9      	mov	r9, r7
10002732:	002f      	movs	r7, r5
10002734:	465d      	mov	r5, fp
10002736:	1b53      	subs	r3, r2, r5
10002738:	42b3      	cmp	r3, r6
1000273a:	d2ef      	bcs.n	1000271c <_out_rev+0x80>
1000273c:	1c54      	adds	r4, r2, #1
1000273e:	464b      	mov	r3, r9
10002740:	4641      	mov	r1, r8
10002742:	2020      	movs	r0, #32
10002744:	47b8      	blx	r7
10002746:	0022      	movs	r2, r4
10002748:	e7f5      	b.n	10002736 <_out_rev+0x9a>

1000274a <_ntoa_format>:
1000274a:	b5f0      	push	{r4, r5, r6, r7, lr}
1000274c:	46ce      	mov	lr, r9
1000274e:	4647      	mov	r7, r8
10002750:	b580      	push	{r7, lr}
10002752:	b085      	sub	sp, #20
10002754:	4694      	mov	ip, r2
10002756:	4698      	mov	r8, r3
10002758:	9d0c      	ldr	r5, [sp, #48]	; 0x30
1000275a:	9c0d      	ldr	r4, [sp, #52]	; 0x34
1000275c:	ab0e      	add	r3, sp, #56	; 0x38
1000275e:	781b      	ldrb	r3, [r3, #0]
10002760:	4699      	mov	r9, r3
10002762:	9a10      	ldr	r2, [sp, #64]	; 0x40
10002764:	9b11      	ldr	r3, [sp, #68]	; 0x44
10002766:	9e12      	ldr	r6, [sp, #72]	; 0x48
10002768:	07b7      	lsls	r7, r6, #30
1000276a:	d41c      	bmi.n	100027a6 <_ntoa_format+0x5c>
1000276c:	2b00      	cmp	r3, #0
1000276e:	d00c      	beq.n	1000278a <_ntoa_format+0x40>
10002770:	07f7      	lsls	r7, r6, #31
10002772:	d50a      	bpl.n	1000278a <_ntoa_format+0x40>
10002774:	464f      	mov	r7, r9
10002776:	2f00      	cmp	r7, #0
10002778:	d102      	bne.n	10002780 <_ntoa_format+0x36>
1000277a:	370c      	adds	r7, #12
1000277c:	4237      	tst	r7, r6
1000277e:	d004      	beq.n	1000278a <_ntoa_format+0x40>
10002780:	3b01      	subs	r3, #1
10002782:	e002      	b.n	1000278a <_ntoa_format+0x40>
10002784:	2730      	movs	r7, #48	; 0x30
10002786:	552f      	strb	r7, [r5, r4]
10002788:	3401      	adds	r4, #1
1000278a:	4294      	cmp	r4, r2
1000278c:	d201      	bcs.n	10002792 <_ntoa_format+0x48>
1000278e:	2c1f      	cmp	r4, #31
10002790:	d9f8      	bls.n	10002784 <_ntoa_format+0x3a>
10002792:	07f7      	lsls	r7, r6, #31
10002794:	d507      	bpl.n	100027a6 <_ntoa_format+0x5c>
10002796:	429c      	cmp	r4, r3
10002798:	d205      	bcs.n	100027a6 <_ntoa_format+0x5c>
1000279a:	2c1f      	cmp	r4, #31
1000279c:	d803      	bhi.n	100027a6 <_ntoa_format+0x5c>
1000279e:	2730      	movs	r7, #48	; 0x30
100027a0:	552f      	strb	r7, [r5, r4]
100027a2:	3401      	adds	r4, #1
100027a4:	e7f5      	b.n	10002792 <_ntoa_format+0x48>
100027a6:	06f7      	lsls	r7, r6, #27
100027a8:	d515      	bpl.n	100027d6 <_ntoa_format+0x8c>
100027aa:	0577      	lsls	r7, r6, #21
100027ac:	d405      	bmi.n	100027ba <_ntoa_format+0x70>
100027ae:	2c00      	cmp	r4, #0
100027b0:	d003      	beq.n	100027ba <_ntoa_format+0x70>
100027b2:	4294      	cmp	r4, r2
100027b4:	d024      	beq.n	10002800 <_ntoa_format+0xb6>
100027b6:	429c      	cmp	r4, r3
100027b8:	d022      	beq.n	10002800 <_ntoa_format+0xb6>
100027ba:	9a0f      	ldr	r2, [sp, #60]	; 0x3c
100027bc:	2a10      	cmp	r2, #16
100027be:	d02b      	beq.n	10002818 <_ntoa_format+0xce>
100027c0:	9a0f      	ldr	r2, [sp, #60]	; 0x3c
100027c2:	2a10      	cmp	r2, #16
100027c4:	d030      	beq.n	10002828 <_ntoa_format+0xde>
100027c6:	9a0f      	ldr	r2, [sp, #60]	; 0x3c
100027c8:	2a02      	cmp	r2, #2
100027ca:	d035      	beq.n	10002838 <_ntoa_format+0xee>
100027cc:	2c1f      	cmp	r4, #31
100027ce:	d802      	bhi.n	100027d6 <_ntoa_format+0x8c>
100027d0:	2230      	movs	r2, #48	; 0x30
100027d2:	552a      	strb	r2, [r5, r4]
100027d4:	3401      	adds	r4, #1
100027d6:	2c1f      	cmp	r4, #31
100027d8:	d805      	bhi.n	100027e6 <_ntoa_format+0x9c>
100027da:	464a      	mov	r2, r9
100027dc:	2a00      	cmp	r2, #0
100027de:	d031      	beq.n	10002844 <_ntoa_format+0xfa>
100027e0:	222d      	movs	r2, #45	; 0x2d
100027e2:	552a      	strb	r2, [r5, r4]
100027e4:	3401      	adds	r4, #1
100027e6:	9603      	str	r6, [sp, #12]
100027e8:	9302      	str	r3, [sp, #8]
100027ea:	9401      	str	r4, [sp, #4]
100027ec:	9500      	str	r5, [sp, #0]
100027ee:	4643      	mov	r3, r8
100027f0:	4662      	mov	r2, ip
100027f2:	f7ff ff53 	bl	1000269c <_out_rev>
100027f6:	b005      	add	sp, #20
100027f8:	bcc0      	pop	{r6, r7}
100027fa:	46b9      	mov	r9, r7
100027fc:	46b0      	mov	r8, r6
100027fe:	bdf0      	pop	{r4, r5, r6, r7, pc}
10002800:	1e62      	subs	r2, r4, #1
10002802:	2c01      	cmp	r4, #1
10002804:	d006      	beq.n	10002814 <_ntoa_format+0xca>
10002806:	9f0f      	ldr	r7, [sp, #60]	; 0x3c
10002808:	2f10      	cmp	r7, #16
1000280a:	d001      	beq.n	10002810 <_ntoa_format+0xc6>
1000280c:	0014      	movs	r4, r2
1000280e:	e7d4      	b.n	100027ba <_ntoa_format+0x70>
10002810:	3c02      	subs	r4, #2
10002812:	e7d2      	b.n	100027ba <_ntoa_format+0x70>
10002814:	0014      	movs	r4, r2
10002816:	e7d0      	b.n	100027ba <_ntoa_format+0x70>
10002818:	06b2      	lsls	r2, r6, #26
1000281a:	d4d1      	bmi.n	100027c0 <_ntoa_format+0x76>
1000281c:	2c1f      	cmp	r4, #31
1000281e:	d8cf      	bhi.n	100027c0 <_ntoa_format+0x76>
10002820:	2278      	movs	r2, #120	; 0x78
10002822:	552a      	strb	r2, [r5, r4]
10002824:	3401      	adds	r4, #1
10002826:	e7d1      	b.n	100027cc <_ntoa_format+0x82>
10002828:	06b2      	lsls	r2, r6, #26
1000282a:	d5cc      	bpl.n	100027c6 <_ntoa_format+0x7c>
1000282c:	2c1f      	cmp	r4, #31
1000282e:	d8ca      	bhi.n	100027c6 <_ntoa_format+0x7c>
10002830:	2258      	movs	r2, #88	; 0x58
10002832:	552a      	strb	r2, [r5, r4]
10002834:	3401      	adds	r4, #1
10002836:	e7c9      	b.n	100027cc <_ntoa_format+0x82>
10002838:	2c1f      	cmp	r4, #31
1000283a:	d8c7      	bhi.n	100027cc <_ntoa_format+0x82>
1000283c:	3260      	adds	r2, #96	; 0x60
1000283e:	552a      	strb	r2, [r5, r4]
10002840:	3401      	adds	r4, #1
10002842:	e7c3      	b.n	100027cc <_ntoa_format+0x82>
10002844:	0772      	lsls	r2, r6, #29
10002846:	d503      	bpl.n	10002850 <_ntoa_format+0x106>
10002848:	222b      	movs	r2, #43	; 0x2b
1000284a:	552a      	strb	r2, [r5, r4]
1000284c:	3401      	adds	r4, #1
1000284e:	e7ca      	b.n	100027e6 <_ntoa_format+0x9c>
10002850:	0732      	lsls	r2, r6, #28
10002852:	d5c8      	bpl.n	100027e6 <_ntoa_format+0x9c>
10002854:	2220      	movs	r2, #32
10002856:	552a      	strb	r2, [r5, r4]
10002858:	3401      	adds	r4, #1
1000285a:	e7c4      	b.n	100027e6 <_ntoa_format+0x9c>

1000285c <_ntoa_long>:
1000285c:	b5f0      	push	{r4, r5, r6, r7, lr}
1000285e:	46de      	mov	lr, fp
10002860:	4657      	mov	r7, sl
10002862:	464e      	mov	r6, r9
10002864:	4645      	mov	r5, r8
10002866:	b5e0      	push	{r5, r6, r7, lr}
10002868:	b093      	sub	sp, #76	; 0x4c
1000286a:	4681      	mov	r9, r0
1000286c:	468a      	mov	sl, r1
1000286e:	9208      	str	r2, [sp, #32]
10002870:	9309      	str	r3, [sp, #36]	; 0x24
10002872:	ab1c      	add	r3, sp, #112	; 0x70
10002874:	cb10      	ldmia	r3!, {r4}
10002876:	781b      	ldrb	r3, [r3, #0]
10002878:	469b      	mov	fp, r3
1000287a:	9d1e      	ldr	r5, [sp, #120]	; 0x78
1000287c:	9b21      	ldr	r3, [sp, #132]	; 0x84
1000287e:	4698      	mov	r8, r3
10002880:	2c00      	cmp	r4, #0
10002882:	d103      	bne.n	1000288c <_ntoa_long+0x30>
10002884:	2310      	movs	r3, #16
10002886:	4642      	mov	r2, r8
10002888:	439a      	bics	r2, r3
1000288a:	4690      	mov	r8, r2
1000288c:	2380      	movs	r3, #128	; 0x80
1000288e:	00db      	lsls	r3, r3, #3
10002890:	4646      	mov	r6, r8
10002892:	401e      	ands	r6, r3
10002894:	4642      	mov	r2, r8
10002896:	421a      	tst	r2, r3
10002898:	d012      	beq.n	100028c0 <_ntoa_long+0x64>
1000289a:	2c00      	cmp	r4, #0
1000289c:	d022      	beq.n	100028e4 <_ntoa_long+0x88>
1000289e:	2600      	movs	r6, #0
100028a0:	e00e      	b.n	100028c0 <_ntoa_long+0x64>
100028a2:	3330      	adds	r3, #48	; 0x30
100028a4:	b2d9      	uxtb	r1, r3
100028a6:	1c77      	adds	r7, r6, #1
100028a8:	ab0a      	add	r3, sp, #40	; 0x28
100028aa:	5599      	strb	r1, [r3, r6]
100028ac:	0029      	movs	r1, r5
100028ae:	0020      	movs	r0, r4
100028b0:	f7fe fffa 	bl	100018a8 <__wrap___aeabi_uidiv>
100028b4:	42ac      	cmp	r4, r5
100028b6:	d316      	bcc.n	100028e6 <_ntoa_long+0x8a>
100028b8:	2f1f      	cmp	r7, #31
100028ba:	d814      	bhi.n	100028e6 <_ntoa_long+0x8a>
100028bc:	003e      	movs	r6, r7
100028be:	0004      	movs	r4, r0
100028c0:	0029      	movs	r1, r5
100028c2:	0020      	movs	r0, r4
100028c4:	f7fe fff0 	bl	100018a8 <__wrap___aeabi_uidiv>
100028c8:	b2cb      	uxtb	r3, r1
100028ca:	2b09      	cmp	r3, #9
100028cc:	d9e9      	bls.n	100028a2 <_ntoa_long+0x46>
100028ce:	4642      	mov	r2, r8
100028d0:	0692      	lsls	r2, r2, #26
100028d2:	d505      	bpl.n	100028e0 <_ntoa_long+0x84>
100028d4:	2141      	movs	r1, #65	; 0x41
100028d6:	18c9      	adds	r1, r1, r3
100028d8:	b2c9      	uxtb	r1, r1
100028da:	390a      	subs	r1, #10
100028dc:	b2c9      	uxtb	r1, r1
100028de:	e7e2      	b.n	100028a6 <_ntoa_long+0x4a>
100028e0:	2161      	movs	r1, #97	; 0x61
100028e2:	e7f8      	b.n	100028d6 <_ntoa_long+0x7a>
100028e4:	0027      	movs	r7, r4
100028e6:	4643      	mov	r3, r8
100028e8:	9306      	str	r3, [sp, #24]
100028ea:	9b20      	ldr	r3, [sp, #128]	; 0x80
100028ec:	9305      	str	r3, [sp, #20]
100028ee:	9b1f      	ldr	r3, [sp, #124]	; 0x7c
100028f0:	9304      	str	r3, [sp, #16]
100028f2:	9503      	str	r5, [sp, #12]
100028f4:	465b      	mov	r3, fp
100028f6:	9302      	str	r3, [sp, #8]
100028f8:	9701      	str	r7, [sp, #4]
100028fa:	ab0a      	add	r3, sp, #40	; 0x28
100028fc:	9300      	str	r3, [sp, #0]
100028fe:	9b09      	ldr	r3, [sp, #36]	; 0x24
10002900:	9a08      	ldr	r2, [sp, #32]
10002902:	4651      	mov	r1, sl
10002904:	4648      	mov	r0, r9
10002906:	f7ff ff20 	bl	1000274a <_ntoa_format>
1000290a:	b013      	add	sp, #76	; 0x4c
1000290c:	bcf0      	pop	{r4, r5, r6, r7}
1000290e:	46bb      	mov	fp, r7
10002910:	46b2      	mov	sl, r6
10002912:	46a9      	mov	r9, r5
10002914:	46a0      	mov	r8, r4
10002916:	bdf0      	pop	{r4, r5, r6, r7, pc}

10002918 <_ntoa_long_long>:
10002918:	b5f0      	push	{r4, r5, r6, r7, lr}
1000291a:	46de      	mov	lr, fp
1000291c:	4657      	mov	r7, sl
1000291e:	464e      	mov	r6, r9
10002920:	4645      	mov	r5, r8
10002922:	b5e0      	push	{r5, r6, r7, lr}
10002924:	b095      	sub	sp, #84	; 0x54
10002926:	9008      	str	r0, [sp, #32]
10002928:	9109      	str	r1, [sp, #36]	; 0x24
1000292a:	920a      	str	r2, [sp, #40]	; 0x28
1000292c:	930b      	str	r3, [sp, #44]	; 0x2c
1000292e:	9e1e      	ldr	r6, [sp, #120]	; 0x78
10002930:	9c1f      	ldr	r4, [sp, #124]	; 0x7c
10002932:	ab20      	add	r3, sp, #128	; 0x80
10002934:	781b      	ldrb	r3, [r3, #0]
10002936:	469b      	mov	fp, r3
10002938:	9b22      	ldr	r3, [sp, #136]	; 0x88
1000293a:	4699      	mov	r9, r3
1000293c:	9d23      	ldr	r5, [sp, #140]	; 0x8c
1000293e:	9b26      	ldr	r3, [sp, #152]	; 0x98
10002940:	469a      	mov	sl, r3
10002942:	0033      	movs	r3, r6
10002944:	4323      	orrs	r3, r4
10002946:	d103      	bne.n	10002950 <_ntoa_long_long+0x38>
10002948:	3310      	adds	r3, #16
1000294a:	4652      	mov	r2, sl
1000294c:	439a      	bics	r2, r3
1000294e:	4692      	mov	sl, r2
10002950:	2380      	movs	r3, #128	; 0x80
10002952:	00db      	lsls	r3, r3, #3
10002954:	4657      	mov	r7, sl
10002956:	401f      	ands	r7, r3
10002958:	4652      	mov	r2, sl
1000295a:	421a      	tst	r2, r3
1000295c:	d019      	beq.n	10002992 <_ntoa_long_long+0x7a>
1000295e:	0033      	movs	r3, r6
10002960:	4323      	orrs	r3, r4
10002962:	d02d      	beq.n	100029c0 <_ntoa_long_long+0xa8>
10002964:	2700      	movs	r7, #0
10002966:	e014      	b.n	10002992 <_ntoa_long_long+0x7a>
10002968:	3330      	adds	r3, #48	; 0x30
1000296a:	b2da      	uxtb	r2, r3
1000296c:	1c7b      	adds	r3, r7, #1
1000296e:	4698      	mov	r8, r3
10002970:	ab0c      	add	r3, sp, #48	; 0x30
10002972:	55da      	strb	r2, [r3, r7]
10002974:	464a      	mov	r2, r9
10002976:	002b      	movs	r3, r5
10002978:	0030      	movs	r0, r6
1000297a:	0021      	movs	r1, r4
1000297c:	f7fe ffd2 	bl	10001924 <__wrap___aeabi_uldivmod>
10002980:	42a5      	cmp	r5, r4
10002982:	d81f      	bhi.n	100029c4 <_ntoa_long_long+0xac>
10002984:	d019      	beq.n	100029ba <_ntoa_long_long+0xa2>
10002986:	4643      	mov	r3, r8
10002988:	2b1f      	cmp	r3, #31
1000298a:	d81b      	bhi.n	100029c4 <_ntoa_long_long+0xac>
1000298c:	4647      	mov	r7, r8
1000298e:	0006      	movs	r6, r0
10002990:	000c      	movs	r4, r1
10002992:	464a      	mov	r2, r9
10002994:	002b      	movs	r3, r5
10002996:	0030      	movs	r0, r6
10002998:	0021      	movs	r1, r4
1000299a:	f7fe ffc3 	bl	10001924 <__wrap___aeabi_uldivmod>
1000299e:	b2d3      	uxtb	r3, r2
100029a0:	2b09      	cmp	r3, #9
100029a2:	d9e1      	bls.n	10002968 <_ntoa_long_long+0x50>
100029a4:	4652      	mov	r2, sl
100029a6:	0692      	lsls	r2, r2, #26
100029a8:	d505      	bpl.n	100029b6 <_ntoa_long_long+0x9e>
100029aa:	2241      	movs	r2, #65	; 0x41
100029ac:	18d2      	adds	r2, r2, r3
100029ae:	b2d2      	uxtb	r2, r2
100029b0:	3a0a      	subs	r2, #10
100029b2:	b2d2      	uxtb	r2, r2
100029b4:	e7da      	b.n	1000296c <_ntoa_long_long+0x54>
100029b6:	2261      	movs	r2, #97	; 0x61
100029b8:	e7f8      	b.n	100029ac <_ntoa_long_long+0x94>
100029ba:	45b1      	cmp	r9, r6
100029bc:	d9e3      	bls.n	10002986 <_ntoa_long_long+0x6e>
100029be:	e001      	b.n	100029c4 <_ntoa_long_long+0xac>
100029c0:	2300      	movs	r3, #0
100029c2:	4698      	mov	r8, r3
100029c4:	4653      	mov	r3, sl
100029c6:	9306      	str	r3, [sp, #24]
100029c8:	9b25      	ldr	r3, [sp, #148]	; 0x94
100029ca:	9305      	str	r3, [sp, #20]
100029cc:	9b24      	ldr	r3, [sp, #144]	; 0x90
100029ce:	9304      	str	r3, [sp, #16]
100029d0:	464b      	mov	r3, r9
100029d2:	9303      	str	r3, [sp, #12]
100029d4:	465b      	mov	r3, fp
100029d6:	9302      	str	r3, [sp, #8]
100029d8:	4643      	mov	r3, r8
100029da:	9301      	str	r3, [sp, #4]
100029dc:	ab0c      	add	r3, sp, #48	; 0x30
100029de:	9300      	str	r3, [sp, #0]
100029e0:	9b0b      	ldr	r3, [sp, #44]	; 0x2c
100029e2:	9a0a      	ldr	r2, [sp, #40]	; 0x28
100029e4:	9909      	ldr	r1, [sp, #36]	; 0x24
100029e6:	9808      	ldr	r0, [sp, #32]
100029e8:	f7ff feaf 	bl	1000274a <_ntoa_format>
100029ec:	b015      	add	sp, #84	; 0x54
100029ee:	bcf0      	pop	{r4, r5, r6, r7}
100029f0:	46bb      	mov	fp, r7
100029f2:	46b2      	mov	sl, r6
100029f4:	46a9      	mov	r9, r5
100029f6:	46a0      	mov	r8, r4
100029f8:	bdf0      	pop	{r4, r5, r6, r7, pc}
	...

100029fc <_etoa>:
100029fc:	b5f0      	push	{r4, r5, r6, r7, lr}
100029fe:	46de      	mov	lr, fp
10002a00:	4657      	mov	r7, sl
10002a02:	464e      	mov	r6, r9
10002a04:	4645      	mov	r5, r8
10002a06:	b5e0      	push	{r5, r6, r7, lr}
10002a08:	b091      	sub	sp, #68	; 0x44
10002a0a:	4683      	mov	fp, r0
10002a0c:	468a      	mov	sl, r1
10002a0e:	920c      	str	r2, [sp, #48]	; 0x30
10002a10:	4698      	mov	r8, r3
10002a12:	9c1a      	ldr	r4, [sp, #104]	; 0x68
10002a14:	9408      	str	r4, [sp, #32]
10002a16:	9d1b      	ldr	r5, [sp, #108]	; 0x6c
10002a18:	9509      	str	r5, [sp, #36]	; 0x24
10002a1a:	0022      	movs	r2, r4
10002a1c:	002b      	movs	r3, r5
10002a1e:	0020      	movs	r0, r4
10002a20:	0029      	movs	r1, r5
10002a22:	f7ff fa0a 	bl	10001e3a <__wrap___aeabi_dcmpun>
10002a26:	2800      	cmp	r0, #0
10002a28:	d000      	beq.n	10002a2c <_etoa+0x30>
10002a2a:	e0e5      	b.n	10002bf8 <_etoa+0x1fc>
10002a2c:	2201      	movs	r2, #1
10002a2e:	4252      	negs	r2, r2
10002a30:	4bd7      	ldr	r3, [pc, #860]	; (10002d90 <_etoa+0x394>)
10002a32:	0020      	movs	r0, r4
10002a34:	0029      	movs	r1, r5
10002a36:	f7ff f9fb 	bl	10001e30 <__wrap___aeabi_dcmpgt>
10002a3a:	2800      	cmp	r0, #0
10002a3c:	d000      	beq.n	10002a40 <_etoa+0x44>
10002a3e:	e0db      	b.n	10002bf8 <_etoa+0x1fc>
10002a40:	2201      	movs	r2, #1
10002a42:	4252      	negs	r2, r2
10002a44:	4bd3      	ldr	r3, [pc, #844]	; (10002d94 <_etoa+0x398>)
10002a46:	0020      	movs	r0, r4
10002a48:	0029      	movs	r1, r5
10002a4a:	f7ff f9db 	bl	10001e04 <__wrap___aeabi_dcmplt>
10002a4e:	2800      	cmp	r0, #0
10002a50:	d000      	beq.n	10002a54 <_etoa+0x58>
10002a52:	e0d1      	b.n	10002bf8 <_etoa+0x1fc>
10002a54:	2200      	movs	r2, #0
10002a56:	2300      	movs	r3, #0
10002a58:	9e08      	ldr	r6, [sp, #32]
10002a5a:	0030      	movs	r0, r6
10002a5c:	9d09      	ldr	r5, [sp, #36]	; 0x24
10002a5e:	0029      	movs	r1, r5
10002a60:	f7ff f9d0 	bl	10001e04 <__wrap___aeabi_dcmplt>
10002a64:	2800      	cmp	r0, #0
10002a66:	d000      	beq.n	10002a6a <_etoa+0x6e>
10002a68:	e0dd      	b.n	10002c26 <_etoa+0x22a>
10002a6a:	9808      	ldr	r0, [sp, #32]
10002a6c:	9909      	ldr	r1, [sp, #36]	; 0x24
10002a6e:	9006      	str	r0, [sp, #24]
10002a70:	9107      	str	r1, [sp, #28]
10002a72:	2380      	movs	r3, #128	; 0x80
10002a74:	00db      	lsls	r3, r3, #3
10002a76:	9a1e      	ldr	r2, [sp, #120]	; 0x78
10002a78:	401a      	ands	r2, r3
10002a7a:	920d      	str	r2, [sp, #52]	; 0x34
10002a7c:	9a1e      	ldr	r2, [sp, #120]	; 0x78
10002a7e:	421a      	tst	r2, r3
10002a80:	d101      	bne.n	10002a86 <_etoa+0x8a>
10002a82:	2306      	movs	r3, #6
10002a84:	931c      	str	r3, [sp, #112]	; 0x70
10002a86:	9806      	ldr	r0, [sp, #24]
10002a88:	9907      	ldr	r1, [sp, #28]
10002a8a:	0004      	movs	r4, r0
10002a8c:	000d      	movs	r5, r1
10002a8e:	000a      	movs	r2, r1
10002a90:	0006      	movs	r6, r0
10002a92:	4302      	orrs	r2, r0
10002a94:	d100      	bne.n	10002a98 <_etoa+0x9c>
10002a96:	e0d1      	b.n	10002c3c <_etoa+0x240>
10002a98:	0d08      	lsrs	r0, r1, #20
10002a9a:	0540      	lsls	r0, r0, #21
10002a9c:	0d40      	lsrs	r0, r0, #21
10002a9e:	4cbe      	ldr	r4, [pc, #760]	; (10002d98 <_etoa+0x39c>)
10002aa0:	46a4      	mov	ip, r4
10002aa2:	4460      	add	r0, ip
10002aa4:	030a      	lsls	r2, r1, #12
10002aa6:	0b12      	lsrs	r2, r2, #12
10002aa8:	4bbc      	ldr	r3, [pc, #752]	; (10002d9c <_etoa+0x3a0>)
10002aaa:	4313      	orrs	r3, r2
10002aac:	001f      	movs	r7, r3
10002aae:	f7ff f9d5 	bl	10001e5c <__wrap___aeabi_i2d>
10002ab2:	4abb      	ldr	r2, [pc, #748]	; (10002da0 <_etoa+0x3a4>)
10002ab4:	4bbb      	ldr	r3, [pc, #748]	; (10002da4 <_etoa+0x3a8>)
10002ab6:	f7ff f962 	bl	10001d7e <__wrap___aeabi_dmul>
10002aba:	4abb      	ldr	r2, [pc, #748]	; (10002da8 <_etoa+0x3ac>)
10002abc:	4bbb      	ldr	r3, [pc, #748]	; (10002dac <_etoa+0x3b0>)
10002abe:	f7ff f937 	bl	10001d30 <__wrap___aeabi_dadd>
10002ac2:	0004      	movs	r4, r0
10002ac4:	000d      	movs	r5, r1
10002ac6:	2200      	movs	r2, #0
10002ac8:	4bb9      	ldr	r3, [pc, #740]	; (10002db0 <_etoa+0x3b4>)
10002aca:	0030      	movs	r0, r6
10002acc:	0039      	movs	r1, r7
10002ace:	f7ff f926 	bl	10001d1e <__wrap___aeabi_dsub>
10002ad2:	4ab8      	ldr	r2, [pc, #736]	; (10002db4 <_etoa+0x3b8>)
10002ad4:	4bb8      	ldr	r3, [pc, #736]	; (10002db8 <_etoa+0x3bc>)
10002ad6:	f7ff f952 	bl	10001d7e <__wrap___aeabi_dmul>
10002ada:	0002      	movs	r2, r0
10002adc:	000b      	movs	r3, r1
10002ade:	0020      	movs	r0, r4
10002ae0:	0029      	movs	r1, r5
10002ae2:	f7ff f925 	bl	10001d30 <__wrap___aeabi_dadd>
10002ae6:	f7ff f9d1 	bl	10001e8c <__wrap___aeabi_d2iz>
10002aea:	4681      	mov	r9, r0
10002aec:	f7ff f9b6 	bl	10001e5c <__wrap___aeabi_i2d>
10002af0:	0004      	movs	r4, r0
10002af2:	000d      	movs	r5, r1
10002af4:	4ab1      	ldr	r2, [pc, #708]	; (10002dbc <_etoa+0x3c0>)
10002af6:	4bb2      	ldr	r3, [pc, #712]	; (10002dc0 <_etoa+0x3c4>)
10002af8:	f7ff f941 	bl	10001d7e <__wrap___aeabi_dmul>
10002afc:	2200      	movs	r2, #0
10002afe:	4bb1      	ldr	r3, [pc, #708]	; (10002dc4 <_etoa+0x3c8>)
10002b00:	f7ff f916 	bl	10001d30 <__wrap___aeabi_dadd>
10002b04:	f7ff f9c2 	bl	10001e8c <__wrap___aeabi_d2iz>
10002b08:	0006      	movs	r6, r0
10002b0a:	4aaf      	ldr	r2, [pc, #700]	; (10002dc8 <_etoa+0x3cc>)
10002b0c:	4baf      	ldr	r3, [pc, #700]	; (10002dcc <_etoa+0x3d0>)
10002b0e:	0020      	movs	r0, r4
10002b10:	0029      	movs	r1, r5
10002b12:	f7ff f934 	bl	10001d7e <__wrap___aeabi_dmul>
10002b16:	0004      	movs	r4, r0
10002b18:	000d      	movs	r5, r1
10002b1a:	0030      	movs	r0, r6
10002b1c:	f7ff f99e 	bl	10001e5c <__wrap___aeabi_i2d>
10002b20:	4aab      	ldr	r2, [pc, #684]	; (10002dd0 <_etoa+0x3d4>)
10002b22:	4bac      	ldr	r3, [pc, #688]	; (10002dd4 <_etoa+0x3d8>)
10002b24:	f7ff f92b 	bl	10001d7e <__wrap___aeabi_dmul>
10002b28:	0002      	movs	r2, r0
10002b2a:	000b      	movs	r3, r1
10002b2c:	0020      	movs	r0, r4
10002b2e:	0029      	movs	r1, r5
10002b30:	f7ff f8f5 	bl	10001d1e <__wrap___aeabi_dsub>
10002b34:	0004      	movs	r4, r0
10002b36:	000d      	movs	r5, r1
10002b38:	0002      	movs	r2, r0
10002b3a:	000b      	movs	r3, r1
10002b3c:	f7ff f91f 	bl	10001d7e <__wrap___aeabi_dmul>
10002b40:	900a      	str	r0, [sp, #40]	; 0x28
10002b42:	910b      	str	r1, [sp, #44]	; 0x2c
10002b44:	4ba4      	ldr	r3, [pc, #656]	; (10002dd8 <_etoa+0x3dc>)
10002b46:	18f3      	adds	r3, r6, r3
10002b48:	2600      	movs	r6, #0
10002b4a:	051f      	lsls	r7, r3, #20
10002b4c:	0022      	movs	r2, r4
10002b4e:	002b      	movs	r3, r5
10002b50:	0020      	movs	r0, r4
10002b52:	0029      	movs	r1, r5
10002b54:	f7ff f8ec 	bl	10001d30 <__wrap___aeabi_dadd>
10002b58:	900e      	str	r0, [sp, #56]	; 0x38
10002b5a:	910f      	str	r1, [sp, #60]	; 0x3c
10002b5c:	0022      	movs	r2, r4
10002b5e:	002b      	movs	r3, r5
10002b60:	2000      	movs	r0, #0
10002b62:	2180      	movs	r1, #128	; 0x80
10002b64:	05c9      	lsls	r1, r1, #23
10002b66:	f7ff f8da 	bl	10001d1e <__wrap___aeabi_dsub>
10002b6a:	0004      	movs	r4, r0
10002b6c:	000d      	movs	r5, r1
10002b6e:	2200      	movs	r2, #0
10002b70:	4b9a      	ldr	r3, [pc, #616]	; (10002ddc <_etoa+0x3e0>)
10002b72:	980a      	ldr	r0, [sp, #40]	; 0x28
10002b74:	990b      	ldr	r1, [sp, #44]	; 0x2c
10002b76:	f7ff f8e4 	bl	10001d42 <__wrap___aeabi_ddiv>
10002b7a:	2200      	movs	r2, #0
10002b7c:	4b98      	ldr	r3, [pc, #608]	; (10002de0 <_etoa+0x3e4>)
10002b7e:	f7ff f8d7 	bl	10001d30 <__wrap___aeabi_dadd>
10002b82:	0002      	movs	r2, r0
10002b84:	000b      	movs	r3, r1
10002b86:	980a      	ldr	r0, [sp, #40]	; 0x28
10002b88:	990b      	ldr	r1, [sp, #44]	; 0x2c
10002b8a:	f7ff f8da 	bl	10001d42 <__wrap___aeabi_ddiv>
10002b8e:	2200      	movs	r2, #0
10002b90:	4b94      	ldr	r3, [pc, #592]	; (10002de4 <_etoa+0x3e8>)
10002b92:	f7ff f8cd 	bl	10001d30 <__wrap___aeabi_dadd>
10002b96:	0002      	movs	r2, r0
10002b98:	000b      	movs	r3, r1
10002b9a:	980a      	ldr	r0, [sp, #40]	; 0x28
10002b9c:	990b      	ldr	r1, [sp, #44]	; 0x2c
10002b9e:	f7ff f8d0 	bl	10001d42 <__wrap___aeabi_ddiv>
10002ba2:	0002      	movs	r2, r0
10002ba4:	000b      	movs	r3, r1
10002ba6:	0020      	movs	r0, r4
10002ba8:	0029      	movs	r1, r5
10002baa:	f7ff f8c1 	bl	10001d30 <__wrap___aeabi_dadd>
10002bae:	0002      	movs	r2, r0
10002bb0:	000b      	movs	r3, r1
10002bb2:	980e      	ldr	r0, [sp, #56]	; 0x38
10002bb4:	990f      	ldr	r1, [sp, #60]	; 0x3c
10002bb6:	f7ff f8c4 	bl	10001d42 <__wrap___aeabi_ddiv>
10002bba:	2200      	movs	r2, #0
10002bbc:	4b77      	ldr	r3, [pc, #476]	; (10002d9c <_etoa+0x3a0>)
10002bbe:	f7ff f8b7 	bl	10001d30 <__wrap___aeabi_dadd>
10002bc2:	0032      	movs	r2, r6
10002bc4:	003b      	movs	r3, r7
10002bc6:	f7ff f8da 	bl	10001d7e <__wrap___aeabi_dmul>
10002bca:	0006      	movs	r6, r0
10002bcc:	000f      	movs	r7, r1
10002bce:	0004      	movs	r4, r0
10002bd0:	000d      	movs	r5, r1
10002bd2:	9a06      	ldr	r2, [sp, #24]
10002bd4:	9b07      	ldr	r3, [sp, #28]
10002bd6:	f7ff f92b 	bl	10001e30 <__wrap___aeabi_dcmpgt>
10002bda:	2800      	cmp	r0, #0
10002bdc:	d030      	beq.n	10002c40 <_etoa+0x244>
10002bde:	2301      	movs	r3, #1
10002be0:	425b      	negs	r3, r3
10002be2:	469c      	mov	ip, r3
10002be4:	44e1      	add	r9, ip
10002be6:	2200      	movs	r2, #0
10002be8:	4b7d      	ldr	r3, [pc, #500]	; (10002de0 <_etoa+0x3e4>)
10002bea:	0030      	movs	r0, r6
10002bec:	0039      	movs	r1, r7
10002bee:	f7ff f8a8 	bl	10001d42 <__wrap___aeabi_ddiv>
10002bf2:	0004      	movs	r4, r0
10002bf4:	000d      	movs	r5, r1
10002bf6:	e023      	b.n	10002c40 <_etoa+0x244>
10002bf8:	9b1e      	ldr	r3, [sp, #120]	; 0x78
10002bfa:	9304      	str	r3, [sp, #16]
10002bfc:	9b1d      	ldr	r3, [sp, #116]	; 0x74
10002bfe:	9303      	str	r3, [sp, #12]
10002c00:	9b1c      	ldr	r3, [sp, #112]	; 0x70
10002c02:	9302      	str	r3, [sp, #8]
10002c04:	9a08      	ldr	r2, [sp, #32]
10002c06:	9b09      	ldr	r3, [sp, #36]	; 0x24
10002c08:	9200      	str	r2, [sp, #0]
10002c0a:	9301      	str	r3, [sp, #4]
10002c0c:	4643      	mov	r3, r8
10002c0e:	9a0c      	ldr	r2, [sp, #48]	; 0x30
10002c10:	4651      	mov	r1, sl
10002c12:	4658      	mov	r0, fp
10002c14:	f000 f8fc 	bl	10002e10 <_ftoa>
10002c18:	b011      	add	sp, #68	; 0x44
10002c1a:	bcf0      	pop	{r4, r5, r6, r7}
10002c1c:	46bb      	mov	fp, r7
10002c1e:	46b2      	mov	sl, r6
10002c20:	46a9      	mov	r9, r5
10002c22:	46a0      	mov	r8, r4
10002c24:	bdf0      	pop	{r4, r5, r6, r7, pc}
10002c26:	2300      	movs	r3, #0
10002c28:	2400      	movs	r4, #0
10002c2a:	9306      	str	r3, [sp, #24]
10002c2c:	9407      	str	r4, [sp, #28]
10002c2e:	9606      	str	r6, [sp, #24]
10002c30:	2380      	movs	r3, #128	; 0x80
10002c32:	061b      	lsls	r3, r3, #24
10002c34:	469c      	mov	ip, r3
10002c36:	4465      	add	r5, ip
10002c38:	9507      	str	r5, [sp, #28]
10002c3a:	e71a      	b.n	10002a72 <_etoa+0x76>
10002c3c:	2300      	movs	r3, #0
10002c3e:	4699      	mov	r9, r3
10002c40:	464b      	mov	r3, r9
10002c42:	3363      	adds	r3, #99	; 0x63
10002c44:	2bc6      	cmp	r3, #198	; 0xc6
10002c46:	d81e      	bhi.n	10002c86 <_etoa+0x28a>
10002c48:	2604      	movs	r6, #4
10002c4a:	9b1e      	ldr	r3, [sp, #120]	; 0x78
10002c4c:	051b      	lsls	r3, r3, #20
10002c4e:	d526      	bpl.n	10002c9e <_etoa+0x2a2>
10002c50:	002b      	movs	r3, r5
10002c52:	4323      	orrs	r3, r4
10002c54:	d00f      	beq.n	10002c76 <_etoa+0x27a>
10002c56:	4a64      	ldr	r2, [pc, #400]	; (10002de8 <_etoa+0x3ec>)
10002c58:	4b64      	ldr	r3, [pc, #400]	; (10002dec <_etoa+0x3f0>)
10002c5a:	9806      	ldr	r0, [sp, #24]
10002c5c:	9907      	ldr	r1, [sp, #28]
10002c5e:	f7ff f8df 	bl	10001e20 <__wrap___aeabi_dcmpge>
10002c62:	2800      	cmp	r0, #0
10002c64:	d079      	beq.n	10002d5a <_etoa+0x35e>
10002c66:	2200      	movs	r2, #0
10002c68:	4b61      	ldr	r3, [pc, #388]	; (10002df0 <_etoa+0x3f4>)
10002c6a:	9806      	ldr	r0, [sp, #24]
10002c6c:	9907      	ldr	r1, [sp, #28]
10002c6e:	f7ff f8c9 	bl	10001e04 <__wrap___aeabi_dcmplt>
10002c72:	2800      	cmp	r0, #0
10002c74:	d071      	beq.n	10002d5a <_etoa+0x35e>
10002c76:	9b1c      	ldr	r3, [sp, #112]	; 0x70
10002c78:	454b      	cmp	r3, r9
10002c7a:	dd06      	ble.n	10002c8a <_etoa+0x28e>
10002c7c:	464a      	mov	r2, r9
10002c7e:	1a98      	subs	r0, r3, r2
10002c80:	1e43      	subs	r3, r0, #1
10002c82:	931c      	str	r3, [sp, #112]	; 0x70
10002c84:	e003      	b.n	10002c8e <_etoa+0x292>
10002c86:	2605      	movs	r6, #5
10002c88:	e7df      	b.n	10002c4a <_etoa+0x24e>
10002c8a:	2300      	movs	r3, #0
10002c8c:	931c      	str	r3, [sp, #112]	; 0x70
10002c8e:	2380      	movs	r3, #128	; 0x80
10002c90:	00db      	lsls	r3, r3, #3
10002c92:	9a1e      	ldr	r2, [sp, #120]	; 0x78
10002c94:	431a      	orrs	r2, r3
10002c96:	921e      	str	r2, [sp, #120]	; 0x78
10002c98:	2600      	movs	r6, #0
10002c9a:	2300      	movs	r3, #0
10002c9c:	4699      	mov	r9, r3
10002c9e:	9b1d      	ldr	r3, [sp, #116]	; 0x74
10002ca0:	429e      	cmp	r6, r3
10002ca2:	d264      	bcs.n	10002d6e <_etoa+0x372>
10002ca4:	1b9f      	subs	r7, r3, r6
10002ca6:	2302      	movs	r3, #2
10002ca8:	9a1e      	ldr	r2, [sp, #120]	; 0x78
10002caa:	401a      	ands	r2, r3
10002cac:	920a      	str	r2, [sp, #40]	; 0x28
10002cae:	9a1e      	ldr	r2, [sp, #120]	; 0x78
10002cb0:	4213      	tst	r3, r2
10002cb2:	d002      	beq.n	10002cba <_etoa+0x2be>
10002cb4:	2e00      	cmp	r6, #0
10002cb6:	d000      	beq.n	10002cba <_etoa+0x2be>
10002cb8:	2700      	movs	r7, #0
10002cba:	464b      	mov	r3, r9
10002cbc:	2b00      	cmp	r3, #0
10002cbe:	d007      	beq.n	10002cd0 <_etoa+0x2d4>
10002cc0:	0022      	movs	r2, r4
10002cc2:	002b      	movs	r3, r5
10002cc4:	9806      	ldr	r0, [sp, #24]
10002cc6:	9907      	ldr	r1, [sp, #28]
10002cc8:	f7ff f83b 	bl	10001d42 <__wrap___aeabi_ddiv>
10002ccc:	9006      	str	r0, [sp, #24]
10002cce:	9107      	str	r1, [sp, #28]
10002cd0:	2200      	movs	r2, #0
10002cd2:	2300      	movs	r3, #0
10002cd4:	9808      	ldr	r0, [sp, #32]
10002cd6:	9909      	ldr	r1, [sp, #36]	; 0x24
10002cd8:	f7ff f894 	bl	10001e04 <__wrap___aeabi_dcmplt>
10002cdc:	2800      	cmp	r0, #0
10002cde:	d148      	bne.n	10002d72 <_etoa+0x376>
10002ce0:	4b44      	ldr	r3, [pc, #272]	; (10002df4 <_etoa+0x3f8>)
10002ce2:	9a1e      	ldr	r2, [sp, #120]	; 0x78
10002ce4:	4013      	ands	r3, r2
10002ce6:	9304      	str	r3, [sp, #16]
10002ce8:	9703      	str	r7, [sp, #12]
10002cea:	9b1c      	ldr	r3, [sp, #112]	; 0x70
10002cec:	9302      	str	r3, [sp, #8]
10002cee:	9b06      	ldr	r3, [sp, #24]
10002cf0:	9c07      	ldr	r4, [sp, #28]
10002cf2:	9300      	str	r3, [sp, #0]
10002cf4:	9401      	str	r4, [sp, #4]
10002cf6:	4643      	mov	r3, r8
10002cf8:	9a0c      	ldr	r2, [sp, #48]	; 0x30
10002cfa:	4651      	mov	r1, sl
10002cfc:	4658      	mov	r0, fp
10002cfe:	f000 f887 	bl	10002e10 <_ftoa>
10002d02:	2e00      	cmp	r6, #0
10002d04:	d100      	bne.n	10002d08 <_etoa+0x30c>
10002d06:	e787      	b.n	10002c18 <_etoa+0x21c>
10002d08:	9b1e      	ldr	r3, [sp, #120]	; 0x78
10002d0a:	069b      	lsls	r3, r3, #26
10002d0c:	d53d      	bpl.n	10002d8a <_etoa+0x38e>
10002d0e:	2545      	movs	r5, #69	; 0x45
10002d10:	1c44      	adds	r4, r0, #1
10002d12:	4643      	mov	r3, r8
10002d14:	0002      	movs	r2, r0
10002d16:	4651      	mov	r1, sl
10002d18:	0028      	movs	r0, r5
10002d1a:	47d8      	blx	fp
10002d1c:	464b      	mov	r3, r9
10002d1e:	17da      	asrs	r2, r3, #31
10002d20:	189b      	adds	r3, r3, r2
10002d22:	4053      	eors	r3, r2
10002d24:	2205      	movs	r2, #5
10002d26:	9205      	str	r2, [sp, #20]
10002d28:	3e01      	subs	r6, #1
10002d2a:	9604      	str	r6, [sp, #16]
10002d2c:	2200      	movs	r2, #0
10002d2e:	9203      	str	r2, [sp, #12]
10002d30:	320a      	adds	r2, #10
10002d32:	9202      	str	r2, [sp, #8]
10002d34:	464a      	mov	r2, r9
10002d36:	0fd0      	lsrs	r0, r2, #31
10002d38:	9001      	str	r0, [sp, #4]
10002d3a:	9300      	str	r3, [sp, #0]
10002d3c:	4643      	mov	r3, r8
10002d3e:	0022      	movs	r2, r4
10002d40:	4651      	mov	r1, sl
10002d42:	4658      	mov	r0, fp
10002d44:	f7ff fd8a 	bl	1000285c <_ntoa_long>
10002d48:	9b0a      	ldr	r3, [sp, #40]	; 0x28
10002d4a:	2b00      	cmp	r3, #0
10002d4c:	d100      	bne.n	10002d50 <_etoa+0x354>
10002d4e:	e763      	b.n	10002c18 <_etoa+0x21c>
10002d50:	0002      	movs	r2, r0
10002d52:	465f      	mov	r7, fp
10002d54:	9e0c      	ldr	r6, [sp, #48]	; 0x30
10002d56:	9d1d      	ldr	r5, [sp, #116]	; 0x74
10002d58:	e054      	b.n	10002e04 <_etoa+0x408>
10002d5a:	9b1c      	ldr	r3, [sp, #112]	; 0x70
10002d5c:	2b00      	cmp	r3, #0
10002d5e:	d09e      	beq.n	10002c9e <_etoa+0x2a2>
10002d60:	9b0d      	ldr	r3, [sp, #52]	; 0x34
10002d62:	2b00      	cmp	r3, #0
10002d64:	d09b      	beq.n	10002c9e <_etoa+0x2a2>
10002d66:	9b1c      	ldr	r3, [sp, #112]	; 0x70
10002d68:	3b01      	subs	r3, #1
10002d6a:	931c      	str	r3, [sp, #112]	; 0x70
10002d6c:	e797      	b.n	10002c9e <_etoa+0x2a2>
10002d6e:	2700      	movs	r7, #0
10002d70:	e799      	b.n	10002ca6 <_etoa+0x2aa>
10002d72:	9c06      	ldr	r4, [sp, #24]
10002d74:	9d07      	ldr	r5, [sp, #28]
10002d76:	0022      	movs	r2, r4
10002d78:	0029      	movs	r1, r5
10002d7a:	2080      	movs	r0, #128	; 0x80
10002d7c:	0600      	lsls	r0, r0, #24
10002d7e:	4684      	mov	ip, r0
10002d80:	4461      	add	r1, ip
10002d82:	000b      	movs	r3, r1
10002d84:	9206      	str	r2, [sp, #24]
10002d86:	9307      	str	r3, [sp, #28]
10002d88:	e7aa      	b.n	10002ce0 <_etoa+0x2e4>
10002d8a:	2565      	movs	r5, #101	; 0x65
10002d8c:	e7c0      	b.n	10002d10 <_etoa+0x314>
10002d8e:	46c0      	nop			; (mov r8, r8)
10002d90:	7fefffff 	.word	0x7fefffff
10002d94:	ffefffff 	.word	0xffefffff
10002d98:	fffffc01 	.word	0xfffffc01
10002d9c:	3ff00000 	.word	0x3ff00000
10002da0:	509f79fb 	.word	0x509f79fb
10002da4:	3fd34413 	.word	0x3fd34413
10002da8:	8b60c8b3 	.word	0x8b60c8b3
10002dac:	3fc68a28 	.word	0x3fc68a28
10002db0:	3ff80000 	.word	0x3ff80000
10002db4:	636f4361 	.word	0x636f4361
10002db8:	3fd287a7 	.word	0x3fd287a7
10002dbc:	0979a371 	.word	0x0979a371
10002dc0:	400a934f 	.word	0x400a934f
10002dc4:	3fe00000 	.word	0x3fe00000
10002dc8:	bbb55516 	.word	0xbbb55516
10002dcc:	40026bb1 	.word	0x40026bb1
10002dd0:	fefa39ef 	.word	0xfefa39ef
10002dd4:	3fe62e42 	.word	0x3fe62e42
10002dd8:	000003ff 	.word	0x000003ff
10002ddc:	402c0000 	.word	0x402c0000
10002de0:	40240000 	.word	0x40240000
10002de4:	40180000 	.word	0x40180000
10002de8:	eb1c432d 	.word	0xeb1c432d
10002dec:	3f1a36e2 	.word	0x3f1a36e2
10002df0:	412e8480 	.word	0x412e8480
10002df4:	fffff7ff 	.word	0xfffff7ff
10002df8:	1c54      	adds	r4, r2, #1
10002dfa:	4643      	mov	r3, r8
10002dfc:	4651      	mov	r1, sl
10002dfe:	2020      	movs	r0, #32
10002e00:	47b8      	blx	r7
10002e02:	0022      	movs	r2, r4
10002e04:	1b93      	subs	r3, r2, r6
10002e06:	42ab      	cmp	r3, r5
10002e08:	d3f6      	bcc.n	10002df8 <_etoa+0x3fc>
10002e0a:	0010      	movs	r0, r2
10002e0c:	e704      	b.n	10002c18 <_etoa+0x21c>
10002e0e:	46c0      	nop			; (mov r8, r8)

10002e10 <_ftoa>:
10002e10:	b5f0      	push	{r4, r5, r6, r7, lr}
10002e12:	46de      	mov	lr, fp
10002e14:	4657      	mov	r7, sl
10002e16:	464e      	mov	r6, r9
10002e18:	4645      	mov	r5, r8
10002e1a:	b5e0      	push	{r5, r6, r7, lr}
10002e1c:	b095      	sub	sp, #84	; 0x54
10002e1e:	9006      	str	r0, [sp, #24]
10002e20:	9107      	str	r1, [sp, #28]
10002e22:	4693      	mov	fp, r2
10002e24:	4699      	mov	r9, r3
10002e26:	9f20      	ldr	r7, [sp, #128]	; 0x80
10002e28:	9a1e      	ldr	r2, [sp, #120]	; 0x78
10002e2a:	9b1f      	ldr	r3, [sp, #124]	; 0x7c
10002e2c:	0010      	movs	r0, r2
10002e2e:	0019      	movs	r1, r3
10002e30:	f7ff f803 	bl	10001e3a <__wrap___aeabi_dcmpun>
10002e34:	2800      	cmp	r0, #0
10002e36:	d131      	bne.n	10002e9c <_ftoa+0x8c>
10002e38:	2201      	movs	r2, #1
10002e3a:	4252      	negs	r2, r2
10002e3c:	4bbf      	ldr	r3, [pc, #764]	; (1000313c <_ftoa+0x32c>)
10002e3e:	981e      	ldr	r0, [sp, #120]	; 0x78
10002e40:	991f      	ldr	r1, [sp, #124]	; 0x7c
10002e42:	f7fe ffdf 	bl	10001e04 <__wrap___aeabi_dcmplt>
10002e46:	2800      	cmp	r0, #0
10002e48:	d137      	bne.n	10002eba <_ftoa+0xaa>
10002e4a:	2201      	movs	r2, #1
10002e4c:	4252      	negs	r2, r2
10002e4e:	4bbc      	ldr	r3, [pc, #752]	; (10003140 <_ftoa+0x330>)
10002e50:	981e      	ldr	r0, [sp, #120]	; 0x78
10002e52:	991f      	ldr	r1, [sp, #124]	; 0x7c
10002e54:	f7fe ffec 	bl	10001e30 <__wrap___aeabi_dcmpgt>
10002e58:	2800      	cmp	r0, #0
10002e5a:	d13d      	bne.n	10002ed8 <_ftoa+0xc8>
10002e5c:	2200      	movs	r2, #0
10002e5e:	4bb9      	ldr	r3, [pc, #740]	; (10003144 <_ftoa+0x334>)
10002e60:	981e      	ldr	r0, [sp, #120]	; 0x78
10002e62:	991f      	ldr	r1, [sp, #124]	; 0x7c
10002e64:	f7fe ffe4 	bl	10001e30 <__wrap___aeabi_dcmpgt>
10002e68:	2800      	cmp	r0, #0
10002e6a:	d150      	bne.n	10002f0e <_ftoa+0xfe>
10002e6c:	2200      	movs	r2, #0
10002e6e:	4bb6      	ldr	r3, [pc, #728]	; (10003148 <_ftoa+0x338>)
10002e70:	981e      	ldr	r0, [sp, #120]	; 0x78
10002e72:	991f      	ldr	r1, [sp, #124]	; 0x7c
10002e74:	f7fe ffc6 	bl	10001e04 <__wrap___aeabi_dcmplt>
10002e78:	2800      	cmp	r0, #0
10002e7a:	d148      	bne.n	10002f0e <_ftoa+0xfe>
10002e7c:	2200      	movs	r2, #0
10002e7e:	2300      	movs	r3, #0
10002e80:	981e      	ldr	r0, [sp, #120]	; 0x78
10002e82:	991f      	ldr	r1, [sp, #124]	; 0x7c
10002e84:	f7fe ffbe 	bl	10001e04 <__wrap___aeabi_dcmplt>
10002e88:	2800      	cmp	r0, #0
10002e8a:	d150      	bne.n	10002f2e <_ftoa+0x11e>
10002e8c:	2300      	movs	r3, #0
10002e8e:	4698      	mov	r8, r3
10002e90:	9b22      	ldr	r3, [sp, #136]	; 0x88
10002e92:	055b      	lsls	r3, r3, #21
10002e94:	d400      	bmi.n	10002e98 <_ftoa+0x88>
10002e96:	e0b6      	b.n	10003006 <_ftoa+0x1f6>
10002e98:	2400      	movs	r4, #0
10002e9a:	e058      	b.n	10002f4e <_ftoa+0x13e>
10002e9c:	9b22      	ldr	r3, [sp, #136]	; 0x88
10002e9e:	9303      	str	r3, [sp, #12]
10002ea0:	9b21      	ldr	r3, [sp, #132]	; 0x84
10002ea2:	9302      	str	r3, [sp, #8]
10002ea4:	2303      	movs	r3, #3
10002ea6:	9301      	str	r3, [sp, #4]
10002ea8:	4ba8      	ldr	r3, [pc, #672]	; (1000314c <_ftoa+0x33c>)
10002eaa:	9300      	str	r3, [sp, #0]
10002eac:	464b      	mov	r3, r9
10002eae:	465a      	mov	r2, fp
10002eb0:	9907      	ldr	r1, [sp, #28]
10002eb2:	9806      	ldr	r0, [sp, #24]
10002eb4:	f7ff fbf2 	bl	1000269c <_out_rev>
10002eb8:	e10e      	b.n	100030d8 <_ftoa+0x2c8>
10002eba:	9b22      	ldr	r3, [sp, #136]	; 0x88
10002ebc:	9303      	str	r3, [sp, #12]
10002ebe:	9b21      	ldr	r3, [sp, #132]	; 0x84
10002ec0:	9302      	str	r3, [sp, #8]
10002ec2:	2304      	movs	r3, #4
10002ec4:	9301      	str	r3, [sp, #4]
10002ec6:	4ba2      	ldr	r3, [pc, #648]	; (10003150 <_ftoa+0x340>)
10002ec8:	9300      	str	r3, [sp, #0]
10002eca:	464b      	mov	r3, r9
10002ecc:	465a      	mov	r2, fp
10002ece:	9907      	ldr	r1, [sp, #28]
10002ed0:	9806      	ldr	r0, [sp, #24]
10002ed2:	f7ff fbe3 	bl	1000269c <_out_rev>
10002ed6:	e0ff      	b.n	100030d8 <_ftoa+0x2c8>
10002ed8:	2304      	movs	r3, #4
10002eda:	9a22      	ldr	r2, [sp, #136]	; 0x88
10002edc:	401a      	ands	r2, r3
10002ede:	9922      	ldr	r1, [sp, #136]	; 0x88
10002ee0:	420b      	tst	r3, r1
10002ee2:	d010      	beq.n	10002f06 <_ftoa+0xf6>
10002ee4:	4b9b      	ldr	r3, [pc, #620]	; (10003154 <_ftoa+0x344>)
10002ee6:	2a00      	cmp	r2, #0
10002ee8:	d00f      	beq.n	10002f0a <_ftoa+0xfa>
10002eea:	2204      	movs	r2, #4
10002eec:	9922      	ldr	r1, [sp, #136]	; 0x88
10002eee:	9103      	str	r1, [sp, #12]
10002ef0:	9921      	ldr	r1, [sp, #132]	; 0x84
10002ef2:	9102      	str	r1, [sp, #8]
10002ef4:	9201      	str	r2, [sp, #4]
10002ef6:	9300      	str	r3, [sp, #0]
10002ef8:	464b      	mov	r3, r9
10002efa:	465a      	mov	r2, fp
10002efc:	9907      	ldr	r1, [sp, #28]
10002efe:	9806      	ldr	r0, [sp, #24]
10002f00:	f7ff fbcc 	bl	1000269c <_out_rev>
10002f04:	e0e8      	b.n	100030d8 <_ftoa+0x2c8>
10002f06:	4b94      	ldr	r3, [pc, #592]	; (10003158 <_ftoa+0x348>)
10002f08:	e7ed      	b.n	10002ee6 <_ftoa+0xd6>
10002f0a:	2203      	movs	r2, #3
10002f0c:	e7ee      	b.n	10002eec <_ftoa+0xdc>
10002f0e:	9b22      	ldr	r3, [sp, #136]	; 0x88
10002f10:	9304      	str	r3, [sp, #16]
10002f12:	9b21      	ldr	r3, [sp, #132]	; 0x84
10002f14:	9303      	str	r3, [sp, #12]
10002f16:	9702      	str	r7, [sp, #8]
10002f18:	9b1e      	ldr	r3, [sp, #120]	; 0x78
10002f1a:	9c1f      	ldr	r4, [sp, #124]	; 0x7c
10002f1c:	9300      	str	r3, [sp, #0]
10002f1e:	9401      	str	r4, [sp, #4]
10002f20:	464b      	mov	r3, r9
10002f22:	465a      	mov	r2, fp
10002f24:	9907      	ldr	r1, [sp, #28]
10002f26:	9806      	ldr	r0, [sp, #24]
10002f28:	f7ff fd68 	bl	100029fc <_etoa>
10002f2c:	e0d4      	b.n	100030d8 <_ftoa+0x2c8>
10002f2e:	9a1e      	ldr	r2, [sp, #120]	; 0x78
10002f30:	9b1f      	ldr	r3, [sp, #124]	; 0x7c
10002f32:	2000      	movs	r0, #0
10002f34:	2100      	movs	r1, #0
10002f36:	f7fe fef2 	bl	10001d1e <__wrap___aeabi_dsub>
10002f3a:	901e      	str	r0, [sp, #120]	; 0x78
10002f3c:	911f      	str	r1, [sp, #124]	; 0x7c
10002f3e:	2301      	movs	r3, #1
10002f40:	4698      	mov	r8, r3
10002f42:	e7a5      	b.n	10002e90 <_ftoa+0x80>
10002f44:	ab0c      	add	r3, sp, #48	; 0x30
10002f46:	2230      	movs	r2, #48	; 0x30
10002f48:	551a      	strb	r2, [r3, r4]
10002f4a:	3f01      	subs	r7, #1
10002f4c:	3401      	adds	r4, #1
10002f4e:	2c1f      	cmp	r4, #31
10002f50:	d801      	bhi.n	10002f56 <_ftoa+0x146>
10002f52:	2f09      	cmp	r7, #9
10002f54:	d8f6      	bhi.n	10002f44 <_ftoa+0x134>
10002f56:	981e      	ldr	r0, [sp, #120]	; 0x78
10002f58:	991f      	ldr	r1, [sp, #124]	; 0x7c
10002f5a:	f7fe ff97 	bl	10001e8c <__wrap___aeabi_d2iz>
10002f5e:	0005      	movs	r5, r0
10002f60:	f7fe ff7c 	bl	10001e5c <__wrap___aeabi_i2d>
10002f64:	0002      	movs	r2, r0
10002f66:	000b      	movs	r3, r1
10002f68:	981e      	ldr	r0, [sp, #120]	; 0x78
10002f6a:	991f      	ldr	r1, [sp, #124]	; 0x7c
10002f6c:	f7fe fed7 	bl	10001d1e <__wrap___aeabi_dsub>
10002f70:	00fa      	lsls	r2, r7, #3
10002f72:	4b7a      	ldr	r3, [pc, #488]	; (1000315c <_ftoa+0x34c>)
10002f74:	189b      	adds	r3, r3, r2
10002f76:	681a      	ldr	r2, [r3, #0]
10002f78:	685b      	ldr	r3, [r3, #4]
10002f7a:	920a      	str	r2, [sp, #40]	; 0x28
10002f7c:	930b      	str	r3, [sp, #44]	; 0x2c
10002f7e:	f7fe fefe 	bl	10001d7e <__wrap___aeabi_dmul>
10002f82:	9008      	str	r0, [sp, #32]
10002f84:	9109      	str	r1, [sp, #36]	; 0x24
10002f86:	f7fe ffa5 	bl	10001ed4 <__wrap___aeabi_d2uiz>
10002f8a:	0006      	movs	r6, r0
10002f8c:	f7fe ff62 	bl	10001e54 <__wrap___aeabi_ui2d>
10002f90:	0002      	movs	r2, r0
10002f92:	000b      	movs	r3, r1
10002f94:	9808      	ldr	r0, [sp, #32]
10002f96:	9909      	ldr	r1, [sp, #36]	; 0x24
10002f98:	f7fe fec1 	bl	10001d1e <__wrap___aeabi_dsub>
10002f9c:	9008      	str	r0, [sp, #32]
10002f9e:	9109      	str	r1, [sp, #36]	; 0x24
10002fa0:	2200      	movs	r2, #0
10002fa2:	4b6f      	ldr	r3, [pc, #444]	; (10003160 <_ftoa+0x350>)
10002fa4:	f7fe ff44 	bl	10001e30 <__wrap___aeabi_dcmpgt>
10002fa8:	2800      	cmp	r0, #0
10002faa:	d02e      	beq.n	1000300a <_ftoa+0x1fa>
10002fac:	3601      	adds	r6, #1
10002fae:	0030      	movs	r0, r6
10002fb0:	f7fe ff50 	bl	10001e54 <__wrap___aeabi_ui2d>
10002fb4:	0002      	movs	r2, r0
10002fb6:	000b      	movs	r3, r1
10002fb8:	980a      	ldr	r0, [sp, #40]	; 0x28
10002fba:	990b      	ldr	r1, [sp, #44]	; 0x2c
10002fbc:	f7fe ff28 	bl	10001e10 <__wrap___aeabi_dcmple>
10002fc0:	2800      	cmp	r0, #0
10002fc2:	d001      	beq.n	10002fc8 <_ftoa+0x1b8>
10002fc4:	3501      	adds	r5, #1
10002fc6:	2600      	movs	r6, #0
10002fc8:	2f00      	cmp	r7, #0
10002fca:	d12c      	bne.n	10003026 <_ftoa+0x216>
10002fcc:	0028      	movs	r0, r5
10002fce:	f7fe ff45 	bl	10001e5c <__wrap___aeabi_i2d>
10002fd2:	0002      	movs	r2, r0
10002fd4:	000b      	movs	r3, r1
10002fd6:	981e      	ldr	r0, [sp, #120]	; 0x78
10002fd8:	991f      	ldr	r1, [sp, #124]	; 0x7c
10002fda:	f7fe fea0 	bl	10001d1e <__wrap___aeabi_dsub>
10002fde:	0006      	movs	r6, r0
10002fe0:	000f      	movs	r7, r1
10002fe2:	2200      	movs	r2, #0
10002fe4:	4b5e      	ldr	r3, [pc, #376]	; (10003160 <_ftoa+0x350>)
10002fe6:	f7fe ff0d 	bl	10001e04 <__wrap___aeabi_dcmplt>
10002fea:	2800      	cmp	r0, #0
10002fec:	d146      	bne.n	1000307c <_ftoa+0x26c>
10002fee:	2200      	movs	r2, #0
10002ff0:	4b5b      	ldr	r3, [pc, #364]	; (10003160 <_ftoa+0x350>)
10002ff2:	0030      	movs	r0, r6
10002ff4:	0039      	movs	r1, r7
10002ff6:	f7fe ff1b 	bl	10001e30 <__wrap___aeabi_dcmpgt>
10002ffa:	2800      	cmp	r0, #0
10002ffc:	d13e      	bne.n	1000307c <_ftoa+0x26c>
10002ffe:	07eb      	lsls	r3, r5, #31
10003000:	d53c      	bpl.n	1000307c <_ftoa+0x26c>
10003002:	3501      	adds	r5, #1
10003004:	e03a      	b.n	1000307c <_ftoa+0x26c>
10003006:	2706      	movs	r7, #6
10003008:	e746      	b.n	10002e98 <_ftoa+0x88>
1000300a:	2200      	movs	r2, #0
1000300c:	4b54      	ldr	r3, [pc, #336]	; (10003160 <_ftoa+0x350>)
1000300e:	9808      	ldr	r0, [sp, #32]
10003010:	9909      	ldr	r1, [sp, #36]	; 0x24
10003012:	f7fe fef7 	bl	10001e04 <__wrap___aeabi_dcmplt>
10003016:	2800      	cmp	r0, #0
10003018:	d1d6      	bne.n	10002fc8 <_ftoa+0x1b8>
1000301a:	2e00      	cmp	r6, #0
1000301c:	d001      	beq.n	10003022 <_ftoa+0x212>
1000301e:	07f3      	lsls	r3, r6, #31
10003020:	d5d2      	bpl.n	10002fc8 <_ftoa+0x1b8>
10003022:	3601      	adds	r6, #1
10003024:	e7d0      	b.n	10002fc8 <_ftoa+0x1b8>
10003026:	46aa      	mov	sl, r5
10003028:	2c1f      	cmp	r4, #31
1000302a:	d811      	bhi.n	10003050 <_ftoa+0x240>
1000302c:	3f01      	subs	r7, #1
1000302e:	210a      	movs	r1, #10
10003030:	0030      	movs	r0, r6
10003032:	f7fe fc39 	bl	100018a8 <__wrap___aeabi_uidiv>
10003036:	1c65      	adds	r5, r4, #1
10003038:	3130      	adds	r1, #48	; 0x30
1000303a:	ab0c      	add	r3, sp, #48	; 0x30
1000303c:	5519      	strb	r1, [r3, r4]
1000303e:	210a      	movs	r1, #10
10003040:	0030      	movs	r0, r6
10003042:	f7fe fc31 	bl	100018a8 <__wrap___aeabi_uidiv>
10003046:	2e09      	cmp	r6, #9
10003048:	d90e      	bls.n	10003068 <_ftoa+0x258>
1000304a:	0006      	movs	r6, r0
1000304c:	002c      	movs	r4, r5
1000304e:	e7eb      	b.n	10003028 <_ftoa+0x218>
10003050:	4655      	mov	r5, sl
10003052:	2c1f      	cmp	r4, #31
10003054:	d80c      	bhi.n	10003070 <_ftoa+0x260>
10003056:	1e7b      	subs	r3, r7, #1
10003058:	2f00      	cmp	r7, #0
1000305a:	d009      	beq.n	10003070 <_ftoa+0x260>
1000305c:	aa0c      	add	r2, sp, #48	; 0x30
1000305e:	2130      	movs	r1, #48	; 0x30
10003060:	5511      	strb	r1, [r2, r4]
10003062:	001f      	movs	r7, r3
10003064:	3401      	adds	r4, #1
10003066:	e7f4      	b.n	10003052 <_ftoa+0x242>
10003068:	002b      	movs	r3, r5
1000306a:	4655      	mov	r5, sl
1000306c:	001c      	movs	r4, r3
1000306e:	e7f0      	b.n	10003052 <_ftoa+0x242>
10003070:	2c1f      	cmp	r4, #31
10003072:	d803      	bhi.n	1000307c <_ftoa+0x26c>
10003074:	ab0c      	add	r3, sp, #48	; 0x30
10003076:	222e      	movs	r2, #46	; 0x2e
10003078:	551a      	strb	r2, [r3, r4]
1000307a:	3401      	adds	r4, #1
1000307c:	2c1f      	cmp	r4, #31
1000307e:	d810      	bhi.n	100030a2 <_ftoa+0x292>
10003080:	210a      	movs	r1, #10
10003082:	0028      	movs	r0, r5
10003084:	f7fe fbe8 	bl	10001858 <__wrap___aeabi_idiv>
10003088:	1c66      	adds	r6, r4, #1
1000308a:	3130      	adds	r1, #48	; 0x30
1000308c:	ab0c      	add	r3, sp, #48	; 0x30
1000308e:	5519      	strb	r1, [r3, r4]
10003090:	210a      	movs	r1, #10
10003092:	0028      	movs	r0, r5
10003094:	f7fe fbe0 	bl	10001858 <__wrap___aeabi_idiv>
10003098:	1e05      	subs	r5, r0, #0
1000309a:	d001      	beq.n	100030a0 <_ftoa+0x290>
1000309c:	0034      	movs	r4, r6
1000309e:	e7ed      	b.n	1000307c <_ftoa+0x26c>
100030a0:	0034      	movs	r4, r6
100030a2:	2303      	movs	r3, #3
100030a4:	9a22      	ldr	r2, [sp, #136]	; 0x88
100030a6:	4013      	ands	r3, r2
100030a8:	2b01      	cmp	r3, #1
100030aa:	d01c      	beq.n	100030e6 <_ftoa+0x2d6>
100030ac:	2c1f      	cmp	r4, #31
100030ae:	d806      	bhi.n	100030be <_ftoa+0x2ae>
100030b0:	4643      	mov	r3, r8
100030b2:	2b00      	cmp	r3, #0
100030b4:	d032      	beq.n	1000311c <_ftoa+0x30c>
100030b6:	ab0c      	add	r3, sp, #48	; 0x30
100030b8:	222d      	movs	r2, #45	; 0x2d
100030ba:	551a      	strb	r2, [r3, r4]
100030bc:	3401      	adds	r4, #1
100030be:	9b22      	ldr	r3, [sp, #136]	; 0x88
100030c0:	9303      	str	r3, [sp, #12]
100030c2:	9b21      	ldr	r3, [sp, #132]	; 0x84
100030c4:	9302      	str	r3, [sp, #8]
100030c6:	9401      	str	r4, [sp, #4]
100030c8:	ab0c      	add	r3, sp, #48	; 0x30
100030ca:	9300      	str	r3, [sp, #0]
100030cc:	464b      	mov	r3, r9
100030ce:	465a      	mov	r2, fp
100030d0:	9907      	ldr	r1, [sp, #28]
100030d2:	9806      	ldr	r0, [sp, #24]
100030d4:	f7ff fae2 	bl	1000269c <_out_rev>
100030d8:	b015      	add	sp, #84	; 0x54
100030da:	bcf0      	pop	{r4, r5, r6, r7}
100030dc:	46bb      	mov	fp, r7
100030de:	46b2      	mov	sl, r6
100030e0:	46a9      	mov	r9, r5
100030e2:	46a0      	mov	r8, r4
100030e4:	bdf0      	pop	{r4, r5, r6, r7, pc}
100030e6:	9b21      	ldr	r3, [sp, #132]	; 0x84
100030e8:	2b00      	cmp	r3, #0
100030ea:	d013      	beq.n	10003114 <_ftoa+0x304>
100030ec:	4643      	mov	r3, r8
100030ee:	2b00      	cmp	r3, #0
100030f0:	d102      	bne.n	100030f8 <_ftoa+0x2e8>
100030f2:	330c      	adds	r3, #12
100030f4:	4213      	tst	r3, r2
100030f6:	d00f      	beq.n	10003118 <_ftoa+0x308>
100030f8:	9b21      	ldr	r3, [sp, #132]	; 0x84
100030fa:	3b01      	subs	r3, #1
100030fc:	9321      	str	r3, [sp, #132]	; 0x84
100030fe:	0019      	movs	r1, r3
10003100:	e003      	b.n	1000310a <_ftoa+0x2fa>
10003102:	ab0c      	add	r3, sp, #48	; 0x30
10003104:	2230      	movs	r2, #48	; 0x30
10003106:	551a      	strb	r2, [r3, r4]
10003108:	3401      	adds	r4, #1
1000310a:	428c      	cmp	r4, r1
1000310c:	d2ce      	bcs.n	100030ac <_ftoa+0x29c>
1000310e:	2c1f      	cmp	r4, #31
10003110:	d9f7      	bls.n	10003102 <_ftoa+0x2f2>
10003112:	e7cb      	b.n	100030ac <_ftoa+0x29c>
10003114:	9921      	ldr	r1, [sp, #132]	; 0x84
10003116:	e7f8      	b.n	1000310a <_ftoa+0x2fa>
10003118:	9921      	ldr	r1, [sp, #132]	; 0x84
1000311a:	e7f6      	b.n	1000310a <_ftoa+0x2fa>
1000311c:	9b22      	ldr	r3, [sp, #136]	; 0x88
1000311e:	075b      	lsls	r3, r3, #29
10003120:	d504      	bpl.n	1000312c <_ftoa+0x31c>
10003122:	ab0c      	add	r3, sp, #48	; 0x30
10003124:	222b      	movs	r2, #43	; 0x2b
10003126:	551a      	strb	r2, [r3, r4]
10003128:	3401      	adds	r4, #1
1000312a:	e7c8      	b.n	100030be <_ftoa+0x2ae>
1000312c:	9b22      	ldr	r3, [sp, #136]	; 0x88
1000312e:	071b      	lsls	r3, r3, #28
10003130:	d5c5      	bpl.n	100030be <_ftoa+0x2ae>
10003132:	ab0c      	add	r3, sp, #48	; 0x30
10003134:	2220      	movs	r2, #32
10003136:	551a      	strb	r2, [r3, r4]
10003138:	3401      	adds	r4, #1
1000313a:	e7c0      	b.n	100030be <_ftoa+0x2ae>
1000313c:	ffefffff 	.word	0xffefffff
10003140:	7fefffff 	.word	0x7fefffff
10003144:	41cdcd65 	.word	0x41cdcd65
10003148:	c1cdcd65 	.word	0xc1cdcd65
1000314c:	10004648 	.word	0x10004648
10003150:	1000464c 	.word	0x1000464c
10003154:	10004640 	.word	0x10004640
10003158:	1000463c 	.word	0x1000463c
1000315c:	10004838 	.word	0x10004838
10003160:	3fe00000 	.word	0x3fe00000

10003164 <_vsnprintf>:
10003164:	b5f0      	push	{r4, r5, r6, r7, lr}
10003166:	46de      	mov	lr, fp
10003168:	4657      	mov	r7, sl
1000316a:	464e      	mov	r6, r9
1000316c:	4645      	mov	r5, r8
1000316e:	b5e0      	push	{r5, r6, r7, lr}
10003170:	b093      	sub	sp, #76	; 0x4c
10003172:	4682      	mov	sl, r0
10003174:	468b      	mov	fp, r1
10003176:	4690      	mov	r8, r2
10003178:	9311      	str	r3, [sp, #68]	; 0x44
1000317a:	2900      	cmp	r1, #0
1000317c:	d100      	bne.n	10003180 <_vsnprintf+0x1c>
1000317e:	e2eb      	b.n	10003758 <_vsnprintf+0x5f4>
10003180:	2700      	movs	r7, #0
10003182:	4655      	mov	r5, sl
10003184:	9b11      	ldr	r3, [sp, #68]	; 0x44
10003186:	7818      	ldrb	r0, [r3, #0]
10003188:	2800      	cmp	r0, #0
1000318a:	d100      	bne.n	1000318e <_vsnprintf+0x2a>
1000318c:	e2e7      	b.n	1000375e <_vsnprintf+0x5fa>
1000318e:	2825      	cmp	r0, #37	; 0x25
10003190:	d009      	beq.n	100031a6 <_vsnprintf+0x42>
10003192:	1c7c      	adds	r4, r7, #1
10003194:	4643      	mov	r3, r8
10003196:	003a      	movs	r2, r7
10003198:	4659      	mov	r1, fp
1000319a:	47a8      	blx	r5
1000319c:	9b11      	ldr	r3, [sp, #68]	; 0x44
1000319e:	3301      	adds	r3, #1
100031a0:	9311      	str	r3, [sp, #68]	; 0x44
100031a2:	0027      	movs	r7, r4
100031a4:	e7ee      	b.n	10003184 <_vsnprintf+0x20>
100031a6:	3301      	adds	r3, #1
100031a8:	9311      	str	r3, [sp, #68]	; 0x44
100031aa:	2400      	movs	r4, #0
100031ac:	9a11      	ldr	r2, [sp, #68]	; 0x44
100031ae:	7811      	ldrb	r1, [r2, #0]
100031b0:	000b      	movs	r3, r1
100031b2:	3b20      	subs	r3, #32
100031b4:	b2d8      	uxtb	r0, r3
100031b6:	2810      	cmp	r0, #16
100031b8:	d803      	bhi.n	100031c2 <_vsnprintf+0x5e>
100031ba:	0083      	lsls	r3, r0, #2
100031bc:	48d0      	ldr	r0, [pc, #832]	; (10003500 <_vsnprintf+0x39c>)
100031be:	58c3      	ldr	r3, [r0, r3]
100031c0:	469f      	mov	pc, r3
100031c2:	000b      	movs	r3, r1
100031c4:	3b30      	subs	r3, #48	; 0x30
100031c6:	b2db      	uxtb	r3, r3
100031c8:	2b09      	cmp	r3, #9
100031ca:	d92c      	bls.n	10003226 <_vsnprintf+0xc2>
100031cc:	292a      	cmp	r1, #42	; 0x2a
100031ce:	d02f      	beq.n	10003230 <_vsnprintf+0xcc>
100031d0:	2300      	movs	r3, #0
100031d2:	930a      	str	r3, [sp, #40]	; 0x28
100031d4:	9b11      	ldr	r3, [sp, #68]	; 0x44
100031d6:	781a      	ldrb	r2, [r3, #0]
100031d8:	2a2e      	cmp	r2, #46	; 0x2e
100031da:	d039      	beq.n	10003250 <_vsnprintf+0xec>
100031dc:	2300      	movs	r3, #0
100031de:	469a      	mov	sl, r3
100031e0:	9a11      	ldr	r2, [sp, #68]	; 0x44
100031e2:	7813      	ldrb	r3, [r2, #0]
100031e4:	3b68      	subs	r3, #104	; 0x68
100031e6:	b2d9      	uxtb	r1, r3
100031e8:	2912      	cmp	r1, #18
100031ea:	d876      	bhi.n	100032da <_vsnprintf+0x176>
100031ec:	008b      	lsls	r3, r1, #2
100031ee:	49c5      	ldr	r1, [pc, #788]	; (10003504 <_vsnprintf+0x3a0>)
100031f0:	58cb      	ldr	r3, [r1, r3]
100031f2:	469f      	mov	pc, r3
100031f4:	2301      	movs	r3, #1
100031f6:	431c      	orrs	r4, r3
100031f8:	3201      	adds	r2, #1
100031fa:	9211      	str	r2, [sp, #68]	; 0x44
100031fc:	e7d6      	b.n	100031ac <_vsnprintf+0x48>
100031fe:	2302      	movs	r3, #2
10003200:	431c      	orrs	r4, r3
10003202:	3201      	adds	r2, #1
10003204:	9211      	str	r2, [sp, #68]	; 0x44
10003206:	e7d1      	b.n	100031ac <_vsnprintf+0x48>
10003208:	2304      	movs	r3, #4
1000320a:	431c      	orrs	r4, r3
1000320c:	3201      	adds	r2, #1
1000320e:	9211      	str	r2, [sp, #68]	; 0x44
10003210:	e7cc      	b.n	100031ac <_vsnprintf+0x48>
10003212:	2308      	movs	r3, #8
10003214:	431c      	orrs	r4, r3
10003216:	3201      	adds	r2, #1
10003218:	9211      	str	r2, [sp, #68]	; 0x44
1000321a:	e7c7      	b.n	100031ac <_vsnprintf+0x48>
1000321c:	2310      	movs	r3, #16
1000321e:	431c      	orrs	r4, r3
10003220:	3201      	adds	r2, #1
10003222:	9211      	str	r2, [sp, #68]	; 0x44
10003224:	e7c2      	b.n	100031ac <_vsnprintf+0x48>
10003226:	a811      	add	r0, sp, #68	; 0x44
10003228:	f7ff fa26 	bl	10002678 <_atoi>
1000322c:	900a      	str	r0, [sp, #40]	; 0x28
1000322e:	e7d1      	b.n	100031d4 <_vsnprintf+0x70>
10003230:	9b1c      	ldr	r3, [sp, #112]	; 0x70
10003232:	1d1a      	adds	r2, r3, #4
10003234:	921c      	str	r2, [sp, #112]	; 0x70
10003236:	6818      	ldr	r0, [r3, #0]
10003238:	2800      	cmp	r0, #0
1000323a:	db04      	blt.n	10003246 <_vsnprintf+0xe2>
1000323c:	900a      	str	r0, [sp, #40]	; 0x28
1000323e:	9b11      	ldr	r3, [sp, #68]	; 0x44
10003240:	3301      	adds	r3, #1
10003242:	9311      	str	r3, [sp, #68]	; 0x44
10003244:	e7c6      	b.n	100031d4 <_vsnprintf+0x70>
10003246:	2302      	movs	r3, #2
10003248:	431c      	orrs	r4, r3
1000324a:	4243      	negs	r3, r0
1000324c:	930a      	str	r3, [sp, #40]	; 0x28
1000324e:	e7f6      	b.n	1000323e <_vsnprintf+0xda>
10003250:	2280      	movs	r2, #128	; 0x80
10003252:	00d2      	lsls	r2, r2, #3
10003254:	4314      	orrs	r4, r2
10003256:	1c5a      	adds	r2, r3, #1
10003258:	9211      	str	r2, [sp, #68]	; 0x44
1000325a:	785a      	ldrb	r2, [r3, #1]
1000325c:	0013      	movs	r3, r2
1000325e:	3b30      	subs	r3, #48	; 0x30
10003260:	b2db      	uxtb	r3, r3
10003262:	2b09      	cmp	r3, #9
10003264:	d904      	bls.n	10003270 <_vsnprintf+0x10c>
10003266:	2a2a      	cmp	r2, #42	; 0x2a
10003268:	d007      	beq.n	1000327a <_vsnprintf+0x116>
1000326a:	2300      	movs	r3, #0
1000326c:	469a      	mov	sl, r3
1000326e:	e7b7      	b.n	100031e0 <_vsnprintf+0x7c>
10003270:	a811      	add	r0, sp, #68	; 0x44
10003272:	f7ff fa01 	bl	10002678 <_atoi>
10003276:	4682      	mov	sl, r0
10003278:	e7b2      	b.n	100031e0 <_vsnprintf+0x7c>
1000327a:	9b1c      	ldr	r3, [sp, #112]	; 0x70
1000327c:	1d1a      	adds	r2, r3, #4
1000327e:	921c      	str	r2, [sp, #112]	; 0x70
10003280:	6818      	ldr	r0, [r3, #0]
10003282:	2800      	cmp	r0, #0
10003284:	db04      	blt.n	10003290 <_vsnprintf+0x12c>
10003286:	4682      	mov	sl, r0
10003288:	9b11      	ldr	r3, [sp, #68]	; 0x44
1000328a:	3301      	adds	r3, #1
1000328c:	9311      	str	r3, [sp, #68]	; 0x44
1000328e:	e7a7      	b.n	100031e0 <_vsnprintf+0x7c>
10003290:	2000      	movs	r0, #0
10003292:	e7f8      	b.n	10003286 <_vsnprintf+0x122>
10003294:	2380      	movs	r3, #128	; 0x80
10003296:	005b      	lsls	r3, r3, #1
10003298:	4323      	orrs	r3, r4
1000329a:	1c51      	adds	r1, r2, #1
1000329c:	9111      	str	r1, [sp, #68]	; 0x44
1000329e:	7852      	ldrb	r2, [r2, #1]
100032a0:	2a6c      	cmp	r2, #108	; 0x6c
100032a2:	d001      	beq.n	100032a8 <_vsnprintf+0x144>
100032a4:	001c      	movs	r4, r3
100032a6:	e018      	b.n	100032da <_vsnprintf+0x176>
100032a8:	23c0      	movs	r3, #192	; 0xc0
100032aa:	009b      	lsls	r3, r3, #2
100032ac:	431c      	orrs	r4, r3
100032ae:	3101      	adds	r1, #1
100032b0:	9111      	str	r1, [sp, #68]	; 0x44
100032b2:	e012      	b.n	100032da <_vsnprintf+0x176>
100032b4:	2380      	movs	r3, #128	; 0x80
100032b6:	4323      	orrs	r3, r4
100032b8:	1c51      	adds	r1, r2, #1
100032ba:	9111      	str	r1, [sp, #68]	; 0x44
100032bc:	7852      	ldrb	r2, [r2, #1]
100032be:	2a68      	cmp	r2, #104	; 0x68
100032c0:	d001      	beq.n	100032c6 <_vsnprintf+0x162>
100032c2:	001c      	movs	r4, r3
100032c4:	e009      	b.n	100032da <_vsnprintf+0x176>
100032c6:	23c0      	movs	r3, #192	; 0xc0
100032c8:	431c      	orrs	r4, r3
100032ca:	3101      	adds	r1, #1
100032cc:	9111      	str	r1, [sp, #68]	; 0x44
100032ce:	e004      	b.n	100032da <_vsnprintf+0x176>
100032d0:	2380      	movs	r3, #128	; 0x80
100032d2:	005b      	lsls	r3, r3, #1
100032d4:	431c      	orrs	r4, r3
100032d6:	3201      	adds	r2, #1
100032d8:	9211      	str	r2, [sp, #68]	; 0x44
100032da:	9b11      	ldr	r3, [sp, #68]	; 0x44
100032dc:	7818      	ldrb	r0, [r3, #0]
100032de:	0003      	movs	r3, r0
100032e0:	3b25      	subs	r3, #37	; 0x25
100032e2:	b2da      	uxtb	r2, r3
100032e4:	2a53      	cmp	r2, #83	; 0x53
100032e6:	d900      	bls.n	100032ea <_vsnprintf+0x186>
100032e8:	e22c      	b.n	10003744 <_vsnprintf+0x5e0>
100032ea:	0093      	lsls	r3, r2, #2
100032ec:	4a86      	ldr	r2, [pc, #536]	; (10003508 <_vsnprintf+0x3a4>)
100032ee:	58d3      	ldr	r3, [r2, r3]
100032f0:	469f      	mov	pc, r3
100032f2:	2380      	movs	r3, #128	; 0x80
100032f4:	009b      	lsls	r3, r3, #2
100032f6:	431c      	orrs	r4, r3
100032f8:	3201      	adds	r2, #1
100032fa:	9211      	str	r2, [sp, #68]	; 0x44
100032fc:	e7ed      	b.n	100032da <_vsnprintf+0x176>
100032fe:	2380      	movs	r3, #128	; 0x80
10003300:	005b      	lsls	r3, r3, #1
10003302:	431c      	orrs	r4, r3
10003304:	3201      	adds	r2, #1
10003306:	9211      	str	r2, [sp, #68]	; 0x44
10003308:	e7e7      	b.n	100032da <_vsnprintf+0x176>
1000330a:	2878      	cmp	r0, #120	; 0x78
1000330c:	d009      	beq.n	10003322 <_vsnprintf+0x1be>
1000330e:	2858      	cmp	r0, #88	; 0x58
10003310:	d038      	beq.n	10003384 <_vsnprintf+0x220>
10003312:	286f      	cmp	r0, #111	; 0x6f
10003314:	d038      	beq.n	10003388 <_vsnprintf+0x224>
10003316:	2862      	cmp	r0, #98	; 0x62
10003318:	d038      	beq.n	1000338c <_vsnprintf+0x228>
1000331a:	2310      	movs	r3, #16
1000331c:	439c      	bics	r4, r3
1000331e:	260a      	movs	r6, #10
10003320:	e000      	b.n	10003324 <_vsnprintf+0x1c0>
10003322:	2610      	movs	r6, #16
10003324:	2858      	cmp	r0, #88	; 0x58
10003326:	d033      	beq.n	10003390 <_vsnprintf+0x22c>
10003328:	2869      	cmp	r0, #105	; 0x69
1000332a:	d003      	beq.n	10003334 <_vsnprintf+0x1d0>
1000332c:	2864      	cmp	r0, #100	; 0x64
1000332e:	d001      	beq.n	10003334 <_vsnprintf+0x1d0>
10003330:	220c      	movs	r2, #12
10003332:	4394      	bics	r4, r2
10003334:	0563      	lsls	r3, r4, #21
10003336:	d501      	bpl.n	1000333c <_vsnprintf+0x1d8>
10003338:	2201      	movs	r2, #1
1000333a:	4394      	bics	r4, r2
1000333c:	2869      	cmp	r0, #105	; 0x69
1000333e:	d02a      	beq.n	10003396 <_vsnprintf+0x232>
10003340:	2864      	cmp	r0, #100	; 0x64
10003342:	d028      	beq.n	10003396 <_vsnprintf+0x232>
10003344:	05a3      	lsls	r3, r4, #22
10003346:	d500      	bpl.n	1000334a <_vsnprintf+0x1e6>
10003348:	e09f      	b.n	1000348a <_vsnprintf+0x326>
1000334a:	05e3      	lsls	r3, r4, #23
1000334c:	d500      	bpl.n	10003350 <_vsnprintf+0x1ec>
1000334e:	e0b8      	b.n	100034c2 <_vsnprintf+0x35e>
10003350:	0663      	lsls	r3, r4, #25
10003352:	d400      	bmi.n	10003356 <_vsnprintf+0x1f2>
10003354:	e0ca      	b.n	100034ec <_vsnprintf+0x388>
10003356:	9a1c      	ldr	r2, [sp, #112]	; 0x70
10003358:	1d11      	adds	r1, r2, #4
1000335a:	911c      	str	r1, [sp, #112]	; 0x70
1000335c:	6811      	ldr	r1, [r2, #0]
1000335e:	22ff      	movs	r2, #255	; 0xff
10003360:	400a      	ands	r2, r1
10003362:	9405      	str	r4, [sp, #20]
10003364:	9b0a      	ldr	r3, [sp, #40]	; 0x28
10003366:	9304      	str	r3, [sp, #16]
10003368:	4653      	mov	r3, sl
1000336a:	9303      	str	r3, [sp, #12]
1000336c:	9602      	str	r6, [sp, #8]
1000336e:	2300      	movs	r3, #0
10003370:	9301      	str	r3, [sp, #4]
10003372:	9200      	str	r2, [sp, #0]
10003374:	4643      	mov	r3, r8
10003376:	003a      	movs	r2, r7
10003378:	4659      	mov	r1, fp
1000337a:	0028      	movs	r0, r5
1000337c:	f7ff fa6e 	bl	1000285c <_ntoa_long>
10003380:	0007      	movs	r7, r0
10003382:	e027      	b.n	100033d4 <_vsnprintf+0x270>
10003384:	2610      	movs	r6, #16
10003386:	e7cd      	b.n	10003324 <_vsnprintf+0x1c0>
10003388:	2608      	movs	r6, #8
1000338a:	e7cb      	b.n	10003324 <_vsnprintf+0x1c0>
1000338c:	2602      	movs	r6, #2
1000338e:	e7c9      	b.n	10003324 <_vsnprintf+0x1c0>
10003390:	2220      	movs	r2, #32
10003392:	4314      	orrs	r4, r2
10003394:	e7c8      	b.n	10003328 <_vsnprintf+0x1c4>
10003396:	05a3      	lsls	r3, r4, #22
10003398:	d420      	bmi.n	100033dc <_vsnprintf+0x278>
1000339a:	05e3      	lsls	r3, r4, #23
1000339c:	d450      	bmi.n	10003440 <_vsnprintf+0x2dc>
1000339e:	0663      	lsls	r3, r4, #25
100033a0:	d566      	bpl.n	10003470 <_vsnprintf+0x30c>
100033a2:	9a1c      	ldr	r2, [sp, #112]	; 0x70
100033a4:	1d11      	adds	r1, r2, #4
100033a6:	911c      	str	r1, [sp, #112]	; 0x70
100033a8:	6811      	ldr	r1, [r2, #0]
100033aa:	22ff      	movs	r2, #255	; 0xff
100033ac:	400a      	ands	r2, r1
100033ae:	17d3      	asrs	r3, r2, #31
100033b0:	18d1      	adds	r1, r2, r3
100033b2:	4059      	eors	r1, r3
100033b4:	9405      	str	r4, [sp, #20]
100033b6:	9b0a      	ldr	r3, [sp, #40]	; 0x28
100033b8:	9304      	str	r3, [sp, #16]
100033ba:	4653      	mov	r3, sl
100033bc:	9303      	str	r3, [sp, #12]
100033be:	9602      	str	r6, [sp, #8]
100033c0:	0fd2      	lsrs	r2, r2, #31
100033c2:	9201      	str	r2, [sp, #4]
100033c4:	9100      	str	r1, [sp, #0]
100033c6:	4643      	mov	r3, r8
100033c8:	003a      	movs	r2, r7
100033ca:	4659      	mov	r1, fp
100033cc:	0028      	movs	r0, r5
100033ce:	f7ff fa45 	bl	1000285c <_ntoa_long>
100033d2:	0007      	movs	r7, r0
100033d4:	9b11      	ldr	r3, [sp, #68]	; 0x44
100033d6:	3301      	adds	r3, #1
100033d8:	9311      	str	r3, [sp, #68]	; 0x44
100033da:	e6d3      	b.n	10003184 <_vsnprintf+0x20>
100033dc:	9b1c      	ldr	r3, [sp, #112]	; 0x70
100033de:	1dda      	adds	r2, r3, #7
100033e0:	2107      	movs	r1, #7
100033e2:	438a      	bics	r2, r1
100033e4:	0011      	movs	r1, r2
100033e6:	3108      	adds	r1, #8
100033e8:	911c      	str	r1, [sp, #112]	; 0x70
100033ea:	6811      	ldr	r1, [r2, #0]
100033ec:	6853      	ldr	r3, [r2, #4]
100033ee:	469c      	mov	ip, r3
100033f0:	17db      	asrs	r3, r3, #31
100033f2:	930c      	str	r3, [sp, #48]	; 0x30
100033f4:	930d      	str	r3, [sp, #52]	; 0x34
100033f6:	9a0c      	ldr	r2, [sp, #48]	; 0x30
100033f8:	9b0d      	ldr	r3, [sp, #52]	; 0x34
100033fa:	0010      	movs	r0, r2
100033fc:	4048      	eors	r0, r1
100033fe:	900e      	str	r0, [sp, #56]	; 0x38
10003400:	4662      	mov	r2, ip
10003402:	4053      	eors	r3, r2
10003404:	930f      	str	r3, [sp, #60]	; 0x3c
10003406:	980e      	ldr	r0, [sp, #56]	; 0x38
10003408:	990f      	ldr	r1, [sp, #60]	; 0x3c
1000340a:	9a0c      	ldr	r2, [sp, #48]	; 0x30
1000340c:	9b0d      	ldr	r3, [sp, #52]	; 0x34
1000340e:	1a80      	subs	r0, r0, r2
10003410:	4199      	sbcs	r1, r3
10003412:	900e      	str	r0, [sp, #56]	; 0x38
10003414:	910f      	str	r1, [sp, #60]	; 0x3c
10003416:	9408      	str	r4, [sp, #32]
10003418:	9b0a      	ldr	r3, [sp, #40]	; 0x28
1000341a:	9307      	str	r3, [sp, #28]
1000341c:	4653      	mov	r3, sl
1000341e:	9306      	str	r3, [sp, #24]
10003420:	9604      	str	r6, [sp, #16]
10003422:	2300      	movs	r3, #0
10003424:	9305      	str	r3, [sp, #20]
10003426:	4663      	mov	r3, ip
10003428:	0fda      	lsrs	r2, r3, #31
1000342a:	9202      	str	r2, [sp, #8]
1000342c:	9000      	str	r0, [sp, #0]
1000342e:	9101      	str	r1, [sp, #4]
10003430:	4643      	mov	r3, r8
10003432:	003a      	movs	r2, r7
10003434:	4659      	mov	r1, fp
10003436:	0028      	movs	r0, r5
10003438:	f7ff fa6e 	bl	10002918 <_ntoa_long_long>
1000343c:	0007      	movs	r7, r0
1000343e:	e7c9      	b.n	100033d4 <_vsnprintf+0x270>
10003440:	9a1c      	ldr	r2, [sp, #112]	; 0x70
10003442:	1d11      	adds	r1, r2, #4
10003444:	911c      	str	r1, [sp, #112]	; 0x70
10003446:	6812      	ldr	r2, [r2, #0]
10003448:	17d3      	asrs	r3, r2, #31
1000344a:	18d1      	adds	r1, r2, r3
1000344c:	4059      	eors	r1, r3
1000344e:	9405      	str	r4, [sp, #20]
10003450:	9b0a      	ldr	r3, [sp, #40]	; 0x28
10003452:	9304      	str	r3, [sp, #16]
10003454:	4653      	mov	r3, sl
10003456:	9303      	str	r3, [sp, #12]
10003458:	9602      	str	r6, [sp, #8]
1000345a:	0fd2      	lsrs	r2, r2, #31
1000345c:	9201      	str	r2, [sp, #4]
1000345e:	9100      	str	r1, [sp, #0]
10003460:	4643      	mov	r3, r8
10003462:	003a      	movs	r2, r7
10003464:	4659      	mov	r1, fp
10003466:	0028      	movs	r0, r5
10003468:	f7ff f9f8 	bl	1000285c <_ntoa_long>
1000346c:	0007      	movs	r7, r0
1000346e:	e7b1      	b.n	100033d4 <_vsnprintf+0x270>
10003470:	0623      	lsls	r3, r4, #24
10003472:	d505      	bpl.n	10003480 <_vsnprintf+0x31c>
10003474:	9a1c      	ldr	r2, [sp, #112]	; 0x70
10003476:	1d11      	adds	r1, r2, #4
10003478:	911c      	str	r1, [sp, #112]	; 0x70
1000347a:	2300      	movs	r3, #0
1000347c:	5ed2      	ldrsh	r2, [r2, r3]
1000347e:	e796      	b.n	100033ae <_vsnprintf+0x24a>
10003480:	9a1c      	ldr	r2, [sp, #112]	; 0x70
10003482:	1d11      	adds	r1, r2, #4
10003484:	911c      	str	r1, [sp, #112]	; 0x70
10003486:	6812      	ldr	r2, [r2, #0]
10003488:	e791      	b.n	100033ae <_vsnprintf+0x24a>
1000348a:	9b1c      	ldr	r3, [sp, #112]	; 0x70
1000348c:	1dda      	adds	r2, r3, #7
1000348e:	2107      	movs	r1, #7
10003490:	438a      	bics	r2, r1
10003492:	0011      	movs	r1, r2
10003494:	3108      	adds	r1, #8
10003496:	911c      	str	r1, [sp, #112]	; 0x70
10003498:	9408      	str	r4, [sp, #32]
1000349a:	9b0a      	ldr	r3, [sp, #40]	; 0x28
1000349c:	9307      	str	r3, [sp, #28]
1000349e:	4653      	mov	r3, sl
100034a0:	9306      	str	r3, [sp, #24]
100034a2:	9604      	str	r6, [sp, #16]
100034a4:	2300      	movs	r3, #0
100034a6:	9305      	str	r3, [sp, #20]
100034a8:	9302      	str	r3, [sp, #8]
100034aa:	6813      	ldr	r3, [r2, #0]
100034ac:	6854      	ldr	r4, [r2, #4]
100034ae:	9300      	str	r3, [sp, #0]
100034b0:	9401      	str	r4, [sp, #4]
100034b2:	4643      	mov	r3, r8
100034b4:	003a      	movs	r2, r7
100034b6:	4659      	mov	r1, fp
100034b8:	0028      	movs	r0, r5
100034ba:	f7ff fa2d 	bl	10002918 <_ntoa_long_long>
100034be:	0007      	movs	r7, r0
100034c0:	e788      	b.n	100033d4 <_vsnprintf+0x270>
100034c2:	9a1c      	ldr	r2, [sp, #112]	; 0x70
100034c4:	1d11      	adds	r1, r2, #4
100034c6:	911c      	str	r1, [sp, #112]	; 0x70
100034c8:	9405      	str	r4, [sp, #20]
100034ca:	9b0a      	ldr	r3, [sp, #40]	; 0x28
100034cc:	9304      	str	r3, [sp, #16]
100034ce:	4653      	mov	r3, sl
100034d0:	9303      	str	r3, [sp, #12]
100034d2:	9602      	str	r6, [sp, #8]
100034d4:	2300      	movs	r3, #0
100034d6:	9301      	str	r3, [sp, #4]
100034d8:	6813      	ldr	r3, [r2, #0]
100034da:	9300      	str	r3, [sp, #0]
100034dc:	4643      	mov	r3, r8
100034de:	003a      	movs	r2, r7
100034e0:	4659      	mov	r1, fp
100034e2:	0028      	movs	r0, r5
100034e4:	f7ff f9ba 	bl	1000285c <_ntoa_long>
100034e8:	0007      	movs	r7, r0
100034ea:	e773      	b.n	100033d4 <_vsnprintf+0x270>
100034ec:	0623      	lsls	r3, r4, #24
100034ee:	d50d      	bpl.n	1000350c <_vsnprintf+0x3a8>
100034f0:	9a1c      	ldr	r2, [sp, #112]	; 0x70
100034f2:	1d11      	adds	r1, r2, #4
100034f4:	911c      	str	r1, [sp, #112]	; 0x70
100034f6:	6812      	ldr	r2, [r2, #0]
100034f8:	0412      	lsls	r2, r2, #16
100034fa:	0c12      	lsrs	r2, r2, #16
100034fc:	e731      	b.n	10003362 <_vsnprintf+0x1fe>
100034fe:	46c0      	nop			; (mov r8, r8)
10003500:	10004654 	.word	0x10004654
10003504:	10004698 	.word	0x10004698
10003508:	100046e4 	.word	0x100046e4
1000350c:	9a1c      	ldr	r2, [sp, #112]	; 0x70
1000350e:	1d11      	adds	r1, r2, #4
10003510:	911c      	str	r1, [sp, #112]	; 0x70
10003512:	6812      	ldr	r2, [r2, #0]
10003514:	e725      	b.n	10003362 <_vsnprintf+0x1fe>
10003516:	2846      	cmp	r0, #70	; 0x46
10003518:	d01a      	beq.n	10003550 <_vsnprintf+0x3ec>
1000351a:	9b1c      	ldr	r3, [sp, #112]	; 0x70
1000351c:	3307      	adds	r3, #7
1000351e:	2207      	movs	r2, #7
10003520:	4393      	bics	r3, r2
10003522:	001a      	movs	r2, r3
10003524:	3208      	adds	r2, #8
10003526:	921c      	str	r2, [sp, #112]	; 0x70
10003528:	9404      	str	r4, [sp, #16]
1000352a:	9a0a      	ldr	r2, [sp, #40]	; 0x28
1000352c:	9203      	str	r2, [sp, #12]
1000352e:	4652      	mov	r2, sl
10003530:	9202      	str	r2, [sp, #8]
10003532:	685c      	ldr	r4, [r3, #4]
10003534:	681b      	ldr	r3, [r3, #0]
10003536:	9300      	str	r3, [sp, #0]
10003538:	9401      	str	r4, [sp, #4]
1000353a:	4643      	mov	r3, r8
1000353c:	003a      	movs	r2, r7
1000353e:	4659      	mov	r1, fp
10003540:	0028      	movs	r0, r5
10003542:	f7ff fc65 	bl	10002e10 <_ftoa>
10003546:	0007      	movs	r7, r0
10003548:	9b11      	ldr	r3, [sp, #68]	; 0x44
1000354a:	3301      	adds	r3, #1
1000354c:	9311      	str	r3, [sp, #68]	; 0x44
1000354e:	e619      	b.n	10003184 <_vsnprintf+0x20>
10003550:	2320      	movs	r3, #32
10003552:	431c      	orrs	r4, r3
10003554:	e7e1      	b.n	1000351a <_vsnprintf+0x3b6>
10003556:	2867      	cmp	r0, #103	; 0x67
10003558:	d001      	beq.n	1000355e <_vsnprintf+0x3fa>
1000355a:	2847      	cmp	r0, #71	; 0x47
1000355c:	d102      	bne.n	10003564 <_vsnprintf+0x400>
1000355e:	2380      	movs	r3, #128	; 0x80
10003560:	011b      	lsls	r3, r3, #4
10003562:	431c      	orrs	r4, r3
10003564:	2845      	cmp	r0, #69	; 0x45
10003566:	d001      	beq.n	1000356c <_vsnprintf+0x408>
10003568:	2847      	cmp	r0, #71	; 0x47
1000356a:	d101      	bne.n	10003570 <_vsnprintf+0x40c>
1000356c:	2320      	movs	r3, #32
1000356e:	431c      	orrs	r4, r3
10003570:	9b1c      	ldr	r3, [sp, #112]	; 0x70
10003572:	3307      	adds	r3, #7
10003574:	2207      	movs	r2, #7
10003576:	4393      	bics	r3, r2
10003578:	001a      	movs	r2, r3
1000357a:	3208      	adds	r2, #8
1000357c:	921c      	str	r2, [sp, #112]	; 0x70
1000357e:	9404      	str	r4, [sp, #16]
10003580:	9a0a      	ldr	r2, [sp, #40]	; 0x28
10003582:	9203      	str	r2, [sp, #12]
10003584:	4652      	mov	r2, sl
10003586:	9202      	str	r2, [sp, #8]
10003588:	685c      	ldr	r4, [r3, #4]
1000358a:	681b      	ldr	r3, [r3, #0]
1000358c:	9300      	str	r3, [sp, #0]
1000358e:	9401      	str	r4, [sp, #4]
10003590:	4643      	mov	r3, r8
10003592:	003a      	movs	r2, r7
10003594:	4659      	mov	r1, fp
10003596:	0028      	movs	r0, r5
10003598:	f7ff fa30 	bl	100029fc <_etoa>
1000359c:	0007      	movs	r7, r0
1000359e:	9b11      	ldr	r3, [sp, #68]	; 0x44
100035a0:	3301      	adds	r3, #1
100035a2:	9311      	str	r3, [sp, #68]	; 0x44
100035a4:	e5ee      	b.n	10003184 <_vsnprintf+0x20>
100035a6:	2302      	movs	r3, #2
100035a8:	001a      	movs	r2, r3
100035aa:	4022      	ands	r2, r4
100035ac:	4692      	mov	sl, r2
100035ae:	4223      	tst	r3, r4
100035b0:	d01f      	beq.n	100035f2 <_vsnprintf+0x48e>
100035b2:	2401      	movs	r4, #1
100035b4:	9b1c      	ldr	r3, [sp, #112]	; 0x70
100035b6:	1d1a      	adds	r2, r3, #4
100035b8:	921c      	str	r2, [sp, #112]	; 0x70
100035ba:	1c7a      	adds	r2, r7, #1
100035bc:	4691      	mov	r9, r2
100035be:	7818      	ldrb	r0, [r3, #0]
100035c0:	4643      	mov	r3, r8
100035c2:	003a      	movs	r2, r7
100035c4:	4659      	mov	r1, fp
100035c6:	47a8      	blx	r5
100035c8:	4653      	mov	r3, sl
100035ca:	2b00      	cmp	r3, #0
100035cc:	d116      	bne.n	100035fc <_vsnprintf+0x498>
100035ce:	9b11      	ldr	r3, [sp, #68]	; 0x44
100035d0:	3301      	adds	r3, #1
100035d2:	9311      	str	r3, [sp, #68]	; 0x44
100035d4:	464f      	mov	r7, r9
100035d6:	e5d5      	b.n	10003184 <_vsnprintf+0x20>
100035d8:	1c56      	adds	r6, r2, #1
100035da:	4643      	mov	r3, r8
100035dc:	4659      	mov	r1, fp
100035de:	2020      	movs	r0, #32
100035e0:	47b8      	blx	r7
100035e2:	0023      	movs	r3, r4
100035e4:	0032      	movs	r2, r6
100035e6:	1c5c      	adds	r4, r3, #1
100035e8:	429d      	cmp	r5, r3
100035ea:	d8f5      	bhi.n	100035d8 <_vsnprintf+0x474>
100035ec:	003d      	movs	r5, r7
100035ee:	0017      	movs	r7, r2
100035f0:	e7e0      	b.n	100035b4 <_vsnprintf+0x450>
100035f2:	2301      	movs	r3, #1
100035f4:	003a      	movs	r2, r7
100035f6:	002f      	movs	r7, r5
100035f8:	9d0a      	ldr	r5, [sp, #40]	; 0x28
100035fa:	e7f4      	b.n	100035e6 <_vsnprintf+0x482>
100035fc:	464a      	mov	r2, r9
100035fe:	46a9      	mov	r9, r5
10003600:	9d0a      	ldr	r5, [sp, #40]	; 0x28
10003602:	e006      	b.n	10003612 <_vsnprintf+0x4ae>
10003604:	1c57      	adds	r7, r2, #1
10003606:	4643      	mov	r3, r8
10003608:	4659      	mov	r1, fp
1000360a:	2020      	movs	r0, #32
1000360c:	47c8      	blx	r9
1000360e:	0034      	movs	r4, r6
10003610:	003a      	movs	r2, r7
10003612:	1c66      	adds	r6, r4, #1
10003614:	42a5      	cmp	r5, r4
10003616:	d8f5      	bhi.n	10003604 <_vsnprintf+0x4a0>
10003618:	464d      	mov	r5, r9
1000361a:	4691      	mov	r9, r2
1000361c:	e7d7      	b.n	100035ce <_vsnprintf+0x46a>
1000361e:	9b1c      	ldr	r3, [sp, #112]	; 0x70
10003620:	1d1a      	adds	r2, r3, #4
10003622:	921c      	str	r2, [sp, #112]	; 0x70
10003624:	681b      	ldr	r3, [r3, #0]
10003626:	4699      	mov	r9, r3
10003628:	4653      	mov	r3, sl
1000362a:	2b00      	cmp	r3, #0
1000362c:	d100      	bne.n	10003630 <_vsnprintf+0x4cc>
1000362e:	3b01      	subs	r3, #1
10003630:	464e      	mov	r6, r9
10003632:	e001      	b.n	10003638 <_vsnprintf+0x4d4>
10003634:	3601      	adds	r6, #1
10003636:	0013      	movs	r3, r2
10003638:	7832      	ldrb	r2, [r6, #0]
1000363a:	2a00      	cmp	r2, #0
1000363c:	d002      	beq.n	10003644 <_vsnprintf+0x4e0>
1000363e:	1e5a      	subs	r2, r3, #1
10003640:	2b00      	cmp	r3, #0
10003642:	d1f7      	bne.n	10003634 <_vsnprintf+0x4d0>
10003644:	464b      	mov	r3, r9
10003646:	1af2      	subs	r2, r6, r3
10003648:	9210      	str	r2, [sp, #64]	; 0x40
1000364a:	2380      	movs	r3, #128	; 0x80
1000364c:	00db      	lsls	r3, r3, #3
1000364e:	0026      	movs	r6, r4
10003650:	401e      	ands	r6, r3
10003652:	421c      	tst	r4, r3
10003654:	d003      	beq.n	1000365e <_vsnprintf+0x4fa>
10003656:	4552      	cmp	r2, sl
10003658:	d901      	bls.n	1000365e <_vsnprintf+0x4fa>
1000365a:	4653      	mov	r3, sl
1000365c:	9310      	str	r3, [sp, #64]	; 0x40
1000365e:	2302      	movs	r3, #2
10003660:	001a      	movs	r2, r3
10003662:	4022      	ands	r2, r4
10003664:	920b      	str	r2, [sp, #44]	; 0x2c
10003666:	4223      	tst	r3, r4
10003668:	d005      	beq.n	10003676 <_vsnprintf+0x512>
1000366a:	003a      	movs	r2, r7
1000366c:	0037      	movs	r7, r6
1000366e:	464c      	mov	r4, r9
10003670:	46a9      	mov	r9, r5
10003672:	4655      	mov	r5, sl
10003674:	e020      	b.n	100036b8 <_vsnprintf+0x554>
10003676:	003a      	movs	r2, r7
10003678:	9b10      	ldr	r3, [sp, #64]	; 0x40
1000367a:	465f      	mov	r7, fp
1000367c:	46b3      	mov	fp, r6
1000367e:	002e      	movs	r6, r5
10003680:	e006      	b.n	10003690 <_vsnprintf+0x52c>
10003682:	1c55      	adds	r5, r2, #1
10003684:	4643      	mov	r3, r8
10003686:	0039      	movs	r1, r7
10003688:	2020      	movs	r0, #32
1000368a:	47b0      	blx	r6
1000368c:	0023      	movs	r3, r4
1000368e:	002a      	movs	r2, r5
10003690:	1c5c      	adds	r4, r3, #1
10003692:	990a      	ldr	r1, [sp, #40]	; 0x28
10003694:	4299      	cmp	r1, r3
10003696:	d8f4      	bhi.n	10003682 <_vsnprintf+0x51e>
10003698:	0035      	movs	r5, r6
1000369a:	465e      	mov	r6, fp
1000369c:	46bb      	mov	fp, r7
1000369e:	9410      	str	r4, [sp, #64]	; 0x40
100036a0:	0037      	movs	r7, r6
100036a2:	464c      	mov	r4, r9
100036a4:	46a9      	mov	r9, r5
100036a6:	4655      	mov	r5, sl
100036a8:	e006      	b.n	100036b8 <_vsnprintf+0x554>
100036aa:	001d      	movs	r5, r3
100036ac:	3401      	adds	r4, #1
100036ae:	1c56      	adds	r6, r2, #1
100036b0:	4643      	mov	r3, r8
100036b2:	4659      	mov	r1, fp
100036b4:	47c8      	blx	r9
100036b6:	0032      	movs	r2, r6
100036b8:	7820      	ldrb	r0, [r4, #0]
100036ba:	2800      	cmp	r0, #0
100036bc:	d004      	beq.n	100036c8 <_vsnprintf+0x564>
100036be:	2f00      	cmp	r7, #0
100036c0:	d0f4      	beq.n	100036ac <_vsnprintf+0x548>
100036c2:	1e6b      	subs	r3, r5, #1
100036c4:	2d00      	cmp	r5, #0
100036c6:	d1f0      	bne.n	100036aa <_vsnprintf+0x546>
100036c8:	0017      	movs	r7, r2
100036ca:	464d      	mov	r5, r9
100036cc:	9b0b      	ldr	r3, [sp, #44]	; 0x2c
100036ce:	2b00      	cmp	r3, #0
100036d0:	d103      	bne.n	100036da <_vsnprintf+0x576>
100036d2:	9b11      	ldr	r3, [sp, #68]	; 0x44
100036d4:	3301      	adds	r3, #1
100036d6:	9311      	str	r3, [sp, #68]	; 0x44
100036d8:	e554      	b.n	10003184 <_vsnprintf+0x20>
100036da:	9f0a      	ldr	r7, [sp, #40]	; 0x28
100036dc:	9b10      	ldr	r3, [sp, #64]	; 0x40
100036de:	e006      	b.n	100036ee <_vsnprintf+0x58a>
100036e0:	1c56      	adds	r6, r2, #1
100036e2:	4643      	mov	r3, r8
100036e4:	4659      	mov	r1, fp
100036e6:	2020      	movs	r0, #32
100036e8:	47a8      	blx	r5
100036ea:	0023      	movs	r3, r4
100036ec:	0032      	movs	r2, r6
100036ee:	1c5c      	adds	r4, r3, #1
100036f0:	429f      	cmp	r7, r3
100036f2:	d8f5      	bhi.n	100036e0 <_vsnprintf+0x57c>
100036f4:	0017      	movs	r7, r2
100036f6:	e7ec      	b.n	100036d2 <_vsnprintf+0x56e>
100036f8:	2321      	movs	r3, #33	; 0x21
100036fa:	431c      	orrs	r4, r3
100036fc:	9b1c      	ldr	r3, [sp, #112]	; 0x70
100036fe:	1d1a      	adds	r2, r3, #4
10003700:	921c      	str	r2, [sp, #112]	; 0x70
10003702:	681b      	ldr	r3, [r3, #0]
10003704:	9300      	str	r3, [sp, #0]
10003706:	9405      	str	r4, [sp, #20]
10003708:	2308      	movs	r3, #8
1000370a:	9304      	str	r3, [sp, #16]
1000370c:	4653      	mov	r3, sl
1000370e:	9303      	str	r3, [sp, #12]
10003710:	2310      	movs	r3, #16
10003712:	9302      	str	r3, [sp, #8]
10003714:	2300      	movs	r3, #0
10003716:	9301      	str	r3, [sp, #4]
10003718:	4643      	mov	r3, r8
1000371a:	003a      	movs	r2, r7
1000371c:	4659      	mov	r1, fp
1000371e:	0028      	movs	r0, r5
10003720:	f7ff f89c 	bl	1000285c <_ntoa_long>
10003724:	0007      	movs	r7, r0
10003726:	9b11      	ldr	r3, [sp, #68]	; 0x44
10003728:	3301      	adds	r3, #1
1000372a:	9311      	str	r3, [sp, #68]	; 0x44
1000372c:	e52a      	b.n	10003184 <_vsnprintf+0x20>
1000372e:	1c7c      	adds	r4, r7, #1
10003730:	4643      	mov	r3, r8
10003732:	003a      	movs	r2, r7
10003734:	4659      	mov	r1, fp
10003736:	2025      	movs	r0, #37	; 0x25
10003738:	47a8      	blx	r5
1000373a:	9b11      	ldr	r3, [sp, #68]	; 0x44
1000373c:	3301      	adds	r3, #1
1000373e:	9311      	str	r3, [sp, #68]	; 0x44
10003740:	0027      	movs	r7, r4
10003742:	e51f      	b.n	10003184 <_vsnprintf+0x20>
10003744:	1c7c      	adds	r4, r7, #1
10003746:	4643      	mov	r3, r8
10003748:	003a      	movs	r2, r7
1000374a:	4659      	mov	r1, fp
1000374c:	47a8      	blx	r5
1000374e:	9b11      	ldr	r3, [sp, #68]	; 0x44
10003750:	3301      	adds	r3, #1
10003752:	9311      	str	r3, [sp, #68]	; 0x44
10003754:	0027      	movs	r7, r4
10003756:	e515      	b.n	10003184 <_vsnprintf+0x20>
10003758:	4b0a      	ldr	r3, [pc, #40]	; (10003784 <_vsnprintf+0x620>)
1000375a:	469a      	mov	sl, r3
1000375c:	e510      	b.n	10003180 <_vsnprintf+0x1c>
1000375e:	46aa      	mov	sl, r5
10003760:	4547      	cmp	r7, r8
10003762:	d302      	bcc.n	1000376a <_vsnprintf+0x606>
10003764:	4643      	mov	r3, r8
10003766:	1e5a      	subs	r2, r3, #1
10003768:	e000      	b.n	1000376c <_vsnprintf+0x608>
1000376a:	003a      	movs	r2, r7
1000376c:	4643      	mov	r3, r8
1000376e:	4659      	mov	r1, fp
10003770:	2000      	movs	r0, #0
10003772:	47d0      	blx	sl
10003774:	0038      	movs	r0, r7
10003776:	b013      	add	sp, #76	; 0x4c
10003778:	bcf0      	pop	{r4, r5, r6, r7}
1000377a:	46bb      	mov	fp, r7
1000377c:	46b2      	mov	sl, r6
1000377e:	46a9      	mov	r9, r5
10003780:	46a0      	mov	r8, r4
10003782:	bdf0      	pop	{r4, r5, r6, r7, pc}
10003784:	10002669 	.word	0x10002669

10003788 <vfctprintf>:
10003788:	b500      	push	{lr}
1000378a:	b085      	sub	sp, #20
1000378c:	9002      	str	r0, [sp, #8]
1000378e:	9103      	str	r1, [sp, #12]
10003790:	2101      	movs	r1, #1
10003792:	9300      	str	r3, [sp, #0]
10003794:	0013      	movs	r3, r2
10003796:	424a      	negs	r2, r1
10003798:	a902      	add	r1, sp, #8
1000379a:	4802      	ldr	r0, [pc, #8]	; (100037a4 <vfctprintf+0x1c>)
1000379c:	f7ff fce2 	bl	10003164 <_vsnprintf>
100037a0:	b005      	add	sp, #20
100037a2:	bd00      	pop	{pc}
100037a4:	1000266b 	.word	0x1000266b

100037a8 <_exit>:
100037a8:	be00      	bkpt	0x0000
100037aa:	e7fd      	b.n	100037a8 <_exit>

100037ac <exit>:
100037ac:	b510      	push	{r4, lr}
100037ae:	f7ff fffb 	bl	100037a8 <_exit>
	...

100037b4 <__assert_func>:
100037b4:	b510      	push	{r4, lr}
100037b6:	b082      	sub	sp, #8
100037b8:	000c      	movs	r4, r1
100037ba:	0019      	movs	r1, r3
100037bc:	2a00      	cmp	r2, #0
100037be:	d00c      	beq.n	100037da <__assert_func+0x26>
100037c0:	4b08      	ldr	r3, [pc, #32]	; (100037e4 <__assert_func+0x30>)
100037c2:	2a00      	cmp	r2, #0
100037c4:	d00b      	beq.n	100037de <__assert_func+0x2a>
100037c6:	9201      	str	r2, [sp, #4]
100037c8:	9300      	str	r3, [sp, #0]
100037ca:	0023      	movs	r3, r4
100037cc:	0002      	movs	r2, r0
100037ce:	4806      	ldr	r0, [pc, #24]	; (100037e8 <__assert_func+0x34>)
100037d0:	f000 f960 	bl	10003a94 <__wrap_printf>
100037d4:	2001      	movs	r0, #1
100037d6:	f7ff ffe7 	bl	100037a8 <_exit>
100037da:	4b04      	ldr	r3, [pc, #16]	; (100037ec <__assert_func+0x38>)
100037dc:	e7f1      	b.n	100037c2 <__assert_func+0xe>
100037de:	4a03      	ldr	r2, [pc, #12]	; (100037ec <__assert_func+0x38>)
100037e0:	e7f1      	b.n	100037c6 <__assert_func+0x12>
100037e2:	46c0      	nop			; (mov r8, r8)
100037e4:	10004888 	.word	0x10004888
100037e8:	10004898 	.word	0x10004898
100037ec:	10004894 	.word	0x10004894

100037f0 <runtime_init>:
100037f0:	b510      	push	{r4, lr}
100037f2:	f3ef 8305 	mrs	r3, IPSR
100037f6:	2b00      	cmp	r3, #0
100037f8:	d000      	beq.n	100037fc <runtime_init+0xc>
100037fa:	be00      	bkpt	0x0000
100037fc:	f7fd ff3c 	bl	10001678 <runtime_run_initializers>
10003800:	4c03      	ldr	r4, [pc, #12]	; (10003810 <runtime_init+0x20>)
10003802:	e001      	b.n	10003808 <runtime_init+0x18>
10003804:	cc08      	ldmia	r4!, {r3}
10003806:	4798      	blx	r3
10003808:	4b02      	ldr	r3, [pc, #8]	; (10003814 <runtime_init+0x24>)
1000380a:	429c      	cmp	r4, r3
1000380c:	d3fa      	bcc.n	10003804 <runtime_init+0x14>
1000380e:	bd10      	pop	{r4, pc}
10003810:	10003dbc 	.word	0x10003dbc
10003814:	10003dc0 	.word	0x10003dc0

10003818 <stdio_out_chars_no_crlf>:
10003818:	b510      	push	{r4, lr}
1000381a:	0003      	movs	r3, r0
1000381c:	0008      	movs	r0, r1
1000381e:	0011      	movs	r1, r2
10003820:	681b      	ldr	r3, [r3, #0]
10003822:	4798      	blx	r3
10003824:	bd10      	pop	{r4, pc}
	...

10003828 <stdio_out_chars_crlf>:
10003828:	b5f8      	push	{r3, r4, r5, r6, r7, lr}
1000382a:	0007      	movs	r7, r0
1000382c:	000d      	movs	r5, r1
1000382e:	0016      	movs	r6, r2
10003830:	7d43      	ldrb	r3, [r0, #21]
10003832:	2b00      	cmp	r3, #0
10003834:	d002      	beq.n	1000383c <stdio_out_chars_crlf+0x14>
10003836:	2400      	movs	r4, #0
10003838:	2000      	movs	r0, #0
1000383a:	e00c      	b.n	10003856 <stdio_out_chars_crlf+0x2e>
1000383c:	6803      	ldr	r3, [r0, #0]
1000383e:	0011      	movs	r1, r2
10003840:	0028      	movs	r0, r5
10003842:	4798      	blx	r3
10003844:	e02d      	b.n	100038a2 <stdio_out_chars_crlf+0x7a>
10003846:	7d3b      	ldrb	r3, [r7, #20]
10003848:	e010      	b.n	1000386c <stdio_out_chars_crlf+0x44>
1000384a:	2102      	movs	r1, #2
1000384c:	4815      	ldr	r0, [pc, #84]	; (100038a4 <stdio_out_chars_crlf+0x7c>)
1000384e:	683b      	ldr	r3, [r7, #0]
10003850:	4798      	blx	r3
10003852:	1c60      	adds	r0, r4, #1
10003854:	3401      	adds	r4, #1
10003856:	42b4      	cmp	r4, r6
10003858:	da14      	bge.n	10003884 <stdio_out_chars_crlf+0x5c>
1000385a:	2c00      	cmp	r4, #0
1000385c:	ddf3      	ble.n	10003846 <stdio_out_chars_crlf+0x1e>
1000385e:	192b      	adds	r3, r5, r4
10003860:	3b01      	subs	r3, #1
10003862:	781b      	ldrb	r3, [r3, #0]
10003864:	3b0d      	subs	r3, #13
10003866:	425a      	negs	r2, r3
10003868:	4153      	adcs	r3, r2
1000386a:	b2db      	uxtb	r3, r3
1000386c:	5d2a      	ldrb	r2, [r5, r4]
1000386e:	2a0a      	cmp	r2, #10
10003870:	d1f0      	bne.n	10003854 <stdio_out_chars_crlf+0x2c>
10003872:	2b00      	cmp	r3, #0
10003874:	d1ee      	bne.n	10003854 <stdio_out_chars_crlf+0x2c>
10003876:	42a0      	cmp	r0, r4
10003878:	dae7      	bge.n	1000384a <stdio_out_chars_crlf+0x22>
1000387a:	1a21      	subs	r1, r4, r0
1000387c:	1828      	adds	r0, r5, r0
1000387e:	683b      	ldr	r3, [r7, #0]
10003880:	4798      	blx	r3
10003882:	e7e2      	b.n	1000384a <stdio_out_chars_crlf+0x22>
10003884:	42b0      	cmp	r0, r6
10003886:	da03      	bge.n	10003890 <stdio_out_chars_crlf+0x68>
10003888:	1a31      	subs	r1, r6, r0
1000388a:	1828      	adds	r0, r5, r0
1000388c:	683b      	ldr	r3, [r7, #0]
1000388e:	4798      	blx	r3
10003890:	2e00      	cmp	r6, #0
10003892:	dd06      	ble.n	100038a2 <stdio_out_chars_crlf+0x7a>
10003894:	19ad      	adds	r5, r5, r6
10003896:	3d01      	subs	r5, #1
10003898:	782b      	ldrb	r3, [r5, #0]
1000389a:	3b0d      	subs	r3, #13
1000389c:	425a      	negs	r2, r3
1000389e:	4153      	adcs	r3, r2
100038a0:	753b      	strb	r3, [r7, #20]
100038a2:	bdf8      	pop	{r3, r4, r5, r6, r7, pc}
100038a4:	100048c8 	.word	0x100048c8

100038a8 <stdio_stack_buffer_flush>:
100038a8:	b570      	push	{r4, r5, r6, lr}
100038aa:	0005      	movs	r5, r0
100038ac:	6803      	ldr	r3, [r0, #0]
100038ae:	2b00      	cmp	r3, #0
100038b0:	d016      	beq.n	100038e0 <stdio_stack_buffer_flush+0x38>
100038b2:	4b0c      	ldr	r3, [pc, #48]	; (100038e4 <stdio_stack_buffer_flush+0x3c>)
100038b4:	681c      	ldr	r4, [r3, #0]
100038b6:	e005      	b.n	100038c4 <stdio_stack_buffer_flush+0x1c>
100038b8:	0029      	movs	r1, r5
100038ba:	c904      	ldmia	r1!, {r2}
100038bc:	0020      	movs	r0, r4
100038be:	f7ff ffb3 	bl	10003828 <stdio_out_chars_crlf>
100038c2:	6924      	ldr	r4, [r4, #16]
100038c4:	2c00      	cmp	r4, #0
100038c6:	d009      	beq.n	100038dc <stdio_stack_buffer_flush+0x34>
100038c8:	6823      	ldr	r3, [r4, #0]
100038ca:	2b00      	cmp	r3, #0
100038cc:	d0f9      	beq.n	100038c2 <stdio_stack_buffer_flush+0x1a>
100038ce:	4b06      	ldr	r3, [pc, #24]	; (100038e8 <stdio_stack_buffer_flush+0x40>)
100038d0:	681b      	ldr	r3, [r3, #0]
100038d2:	2b00      	cmp	r3, #0
100038d4:	d0f0      	beq.n	100038b8 <stdio_stack_buffer_flush+0x10>
100038d6:	42a3      	cmp	r3, r4
100038d8:	d1f3      	bne.n	100038c2 <stdio_stack_buffer_flush+0x1a>
100038da:	e7ed      	b.n	100038b8 <stdio_stack_buffer_flush+0x10>
100038dc:	2300      	movs	r3, #0
100038de:	602b      	str	r3, [r5, #0]
100038e0:	bd70      	pop	{r4, r5, r6, pc}
100038e2:	46c0      	nop			; (mov r8, r8)
100038e4:	200004c0 	.word	0x200004c0
100038e8:	200004c4 	.word	0x200004c4

100038ec <stdio_buffered_printer>:
100038ec:	b570      	push	{r4, r5, r6, lr}
100038ee:	0005      	movs	r5, r0
100038f0:	000c      	movs	r4, r1
100038f2:	680b      	ldr	r3, [r1, #0]
100038f4:	2b80      	cmp	r3, #128	; 0x80
100038f6:	d005      	beq.n	10003904 <stdio_buffered_printer+0x18>
100038f8:	6821      	ldr	r1, [r4, #0]
100038fa:	1c4b      	adds	r3, r1, #1
100038fc:	6023      	str	r3, [r4, #0]
100038fe:	1864      	adds	r4, r4, r1
10003900:	7125      	strb	r5, [r4, #4]
10003902:	bd70      	pop	{r4, r5, r6, pc}
10003904:	0008      	movs	r0, r1
10003906:	f7ff ffcf 	bl	100038a8 <stdio_stack_buffer_flush>
1000390a:	e7f5      	b.n	100038f8 <stdio_buffered_printer+0xc>

1000390c <stdout_serialize_begin>:
1000390c:	b510      	push	{r4, lr}
1000390e:	f7fd fc7b 	bl	10001208 <time_us_64>
10003912:	4a07      	ldr	r2, [pc, #28]	; (10003930 <stdout_serialize_begin+0x24>)
10003914:	2300      	movs	r3, #0
10003916:	1812      	adds	r2, r2, r0
10003918:	414b      	adcs	r3, r1
1000391a:	2b00      	cmp	r3, #0
1000391c:	db03      	blt.n	10003926 <stdout_serialize_begin+0x1a>
1000391e:	4805      	ldr	r0, [pc, #20]	; (10003934 <stdout_serialize_begin+0x28>)
10003920:	f000 fa26 	bl	10003d70 <__mutex_try_enter_block_until_veneer>
10003924:	bd10      	pop	{r4, pc}
10003926:	2201      	movs	r2, #1
10003928:	4252      	negs	r2, r2
1000392a:	4b03      	ldr	r3, [pc, #12]	; (10003938 <stdout_serialize_begin+0x2c>)
1000392c:	e7f7      	b.n	1000391e <stdout_serialize_begin+0x12>
1000392e:	46c0      	nop			; (mov r8, r8)
10003930:	000f4240 	.word	0x000f4240
10003934:	200002e8 	.word	0x200002e8
10003938:	7fffffff 	.word	0x7fffffff

1000393c <stdout_serialize_end>:
1000393c:	b510      	push	{r4, lr}
1000393e:	4802      	ldr	r0, [pc, #8]	; (10003948 <stdout_serialize_end+0xc>)
10003940:	f000 f9fe 	bl	10003d40 <__mutex_exit_veneer>
10003944:	bd10      	pop	{r4, pc}
10003946:	46c0      	nop			; (mov r8, r8)
10003948:	200002e8 	.word	0x200002e8

1000394c <stdio_put_string>:
1000394c:	b5f0      	push	{r4, r5, r6, r7, lr}
1000394e:	46ce      	mov	lr, r9
10003950:	4647      	mov	r7, r8
10003952:	b580      	push	{r7, lr}
10003954:	b083      	sub	sp, #12
10003956:	0006      	movs	r6, r0
10003958:	000d      	movs	r5, r1
1000395a:	4690      	mov	r8, r2
1000395c:	001c      	movs	r4, r3
1000395e:	f7ff ffd5 	bl	1000390c <stdout_serialize_begin>
10003962:	4681      	mov	r9, r0
10003964:	1c6b      	adds	r3, r5, #1
10003966:	d005      	beq.n	10003974 <stdio_put_string+0x28>
10003968:	2c00      	cmp	r4, #0
1000396a:	d008      	beq.n	1000397e <stdio_put_string+0x32>
1000396c:	4f18      	ldr	r7, [pc, #96]	; (100039d0 <stdio_put_string+0x84>)
1000396e:	4b19      	ldr	r3, [pc, #100]	; (100039d4 <stdio_put_string+0x88>)
10003970:	681c      	ldr	r4, [r3, #0]
10003972:	e007      	b.n	10003984 <stdio_put_string+0x38>
10003974:	0030      	movs	r0, r6
10003976:	f000 f9b3 	bl	10003ce0 <strlen>
1000397a:	0005      	movs	r5, r0
1000397c:	e7f4      	b.n	10003968 <stdio_put_string+0x1c>
1000397e:	4f16      	ldr	r7, [pc, #88]	; (100039d8 <stdio_put_string+0x8c>)
10003980:	e7f5      	b.n	1000396e <stdio_put_string+0x22>
10003982:	6924      	ldr	r4, [r4, #16]
10003984:	2c00      	cmp	r4, #0
10003986:	d017      	beq.n	100039b8 <stdio_put_string+0x6c>
10003988:	6823      	ldr	r3, [r4, #0]
1000398a:	2b00      	cmp	r3, #0
1000398c:	d0f9      	beq.n	10003982 <stdio_put_string+0x36>
1000398e:	4b13      	ldr	r3, [pc, #76]	; (100039dc <stdio_put_string+0x90>)
10003990:	681b      	ldr	r3, [r3, #0]
10003992:	2b00      	cmp	r3, #0
10003994:	d001      	beq.n	1000399a <stdio_put_string+0x4e>
10003996:	42a3      	cmp	r3, r4
10003998:	d1f3      	bne.n	10003982 <stdio_put_string+0x36>
1000399a:	002a      	movs	r2, r5
1000399c:	0031      	movs	r1, r6
1000399e:	0020      	movs	r0, r4
100039a0:	47b8      	blx	r7
100039a2:	4643      	mov	r3, r8
100039a4:	2b00      	cmp	r3, #0
100039a6:	d0ec      	beq.n	10003982 <stdio_put_string+0x36>
100039a8:	466b      	mov	r3, sp
100039aa:	1dd9      	adds	r1, r3, #7
100039ac:	230a      	movs	r3, #10
100039ae:	700b      	strb	r3, [r1, #0]
100039b0:	2201      	movs	r2, #1
100039b2:	0020      	movs	r0, r4
100039b4:	47b8      	blx	r7
100039b6:	e7e4      	b.n	10003982 <stdio_put_string+0x36>
100039b8:	464b      	mov	r3, r9
100039ba:	2b00      	cmp	r3, #0
100039bc:	d105      	bne.n	100039ca <stdio_put_string+0x7e>
100039be:	0028      	movs	r0, r5
100039c0:	b003      	add	sp, #12
100039c2:	bcc0      	pop	{r6, r7}
100039c4:	46b9      	mov	r9, r7
100039c6:	46b0      	mov	r8, r6
100039c8:	bdf0      	pop	{r4, r5, r6, r7, pc}
100039ca:	f7ff ffb7 	bl	1000393c <stdout_serialize_end>
100039ce:	e7f6      	b.n	100039be <stdio_put_string+0x72>
100039d0:	10003829 	.word	0x10003829
100039d4:	200004c0 	.word	0x200004c0
100039d8:	10003819 	.word	0x10003819
100039dc:	200004c4 	.word	0x200004c4

100039e0 <stdio_set_driver_enabled>:
100039e0:	4a09      	ldr	r2, [pc, #36]	; (10003a08 <stdio_set_driver_enabled+0x28>)
100039e2:	e001      	b.n	100039e8 <stdio_set_driver_enabled+0x8>
100039e4:	3310      	adds	r3, #16
100039e6:	001a      	movs	r2, r3
100039e8:	6813      	ldr	r3, [r2, #0]
100039ea:	2b00      	cmp	r3, #0
100039ec:	d008      	beq.n	10003a00 <stdio_set_driver_enabled+0x20>
100039ee:	4283      	cmp	r3, r0
100039f0:	d1f8      	bne.n	100039e4 <stdio_set_driver_enabled+0x4>
100039f2:	2900      	cmp	r1, #0
100039f4:	d107      	bne.n	10003a06 <stdio_set_driver_enabled+0x26>
100039f6:	6903      	ldr	r3, [r0, #16]
100039f8:	6013      	str	r3, [r2, #0]
100039fa:	2300      	movs	r3, #0
100039fc:	6103      	str	r3, [r0, #16]
100039fe:	e002      	b.n	10003a06 <stdio_set_driver_enabled+0x26>
10003a00:	2900      	cmp	r1, #0
10003a02:	d000      	beq.n	10003a06 <stdio_set_driver_enabled+0x26>
10003a04:	6010      	str	r0, [r2, #0]
10003a06:	4770      	bx	lr
10003a08:	200004c0 	.word	0x200004c0

10003a0c <stdio_flush>:
10003a0c:	b510      	push	{r4, lr}
10003a0e:	4b06      	ldr	r3, [pc, #24]	; (10003a28 <stdio_flush+0x1c>)
10003a10:	681c      	ldr	r4, [r3, #0]
10003a12:	e001      	b.n	10003a18 <stdio_flush+0xc>
10003a14:	4798      	blx	r3
10003a16:	6924      	ldr	r4, [r4, #16]
10003a18:	2c00      	cmp	r4, #0
10003a1a:	d003      	beq.n	10003a24 <stdio_flush+0x18>
10003a1c:	6863      	ldr	r3, [r4, #4]
10003a1e:	2b00      	cmp	r3, #0
10003a20:	d1f8      	bne.n	10003a14 <stdio_flush+0x8>
10003a22:	e7f8      	b.n	10003a16 <stdio_flush+0xa>
10003a24:	bd10      	pop	{r4, pc}
10003a26:	46c0      	nop			; (mov r8, r8)
10003a28:	200004c0 	.word	0x200004c0

10003a2c <stdio_init_all>:
10003a2c:	b510      	push	{r4, lr}
10003a2e:	f000 f93f 	bl	10003cb0 <stdio_uart_init>
10003a32:	2001      	movs	r0, #1
10003a34:	bd10      	pop	{r4, pc}

10003a36 <__wrap_puts>:
10003a36:	b570      	push	{r4, r5, r6, lr}
10003a38:	0005      	movs	r5, r0
10003a3a:	f000 f951 	bl	10003ce0 <strlen>
10003a3e:	0004      	movs	r4, r0
10003a40:	2301      	movs	r3, #1
10003a42:	2201      	movs	r2, #1
10003a44:	0001      	movs	r1, r0
10003a46:	0028      	movs	r0, r5
10003a48:	f7ff ff80 	bl	1000394c <stdio_put_string>
10003a4c:	f7ff ffde 	bl	10003a0c <stdio_flush>
10003a50:	0020      	movs	r0, r4
10003a52:	bd70      	pop	{r4, r5, r6, pc}

10003a54 <__wrap_vprintf>:
10003a54:	b570      	push	{r4, r5, r6, lr}
10003a56:	b0a2      	sub	sp, #136	; 0x88
10003a58:	0004      	movs	r4, r0
10003a5a:	000e      	movs	r6, r1
10003a5c:	f7ff ff56 	bl	1000390c <stdout_serialize_begin>
10003a60:	0005      	movs	r5, r0
10003a62:	2300      	movs	r3, #0
10003a64:	9301      	str	r3, [sp, #4]
10003a66:	0033      	movs	r3, r6
10003a68:	0022      	movs	r2, r4
10003a6a:	a901      	add	r1, sp, #4
10003a6c:	4808      	ldr	r0, [pc, #32]	; (10003a90 <__wrap_vprintf+0x3c>)
10003a6e:	f7ff fe8b 	bl	10003788 <vfctprintf>
10003a72:	0004      	movs	r4, r0
10003a74:	a801      	add	r0, sp, #4
10003a76:	f7ff ff17 	bl	100038a8 <stdio_stack_buffer_flush>
10003a7a:	f7ff ffc7 	bl	10003a0c <stdio_flush>
10003a7e:	2d00      	cmp	r5, #0
10003a80:	d102      	bne.n	10003a88 <__wrap_vprintf+0x34>
10003a82:	0020      	movs	r0, r4
10003a84:	b022      	add	sp, #136	; 0x88
10003a86:	bd70      	pop	{r4, r5, r6, pc}
10003a88:	f7ff ff58 	bl	1000393c <stdout_serialize_end>
10003a8c:	e7f9      	b.n	10003a82 <__wrap_vprintf+0x2e>
10003a8e:	46c0      	nop			; (mov r8, r8)
10003a90:	100038ed 	.word	0x100038ed

10003a94 <__wrap_printf>:
10003a94:	b40f      	push	{r0, r1, r2, r3}
10003a96:	b500      	push	{lr}
10003a98:	b083      	sub	sp, #12
10003a9a:	a904      	add	r1, sp, #16
10003a9c:	c901      	ldmia	r1!, {r0}
10003a9e:	9101      	str	r1, [sp, #4]
10003aa0:	f7ff ffd8 	bl	10003a54 <__wrap_vprintf>
10003aa4:	b003      	add	sp, #12
10003aa6:	bc08      	pop	{r3}
10003aa8:	b004      	add	sp, #16
10003aaa:	4718      	bx	r3

10003aac <stdio_uart_out_chars>:
10003aac:	b5f0      	push	{r4, r5, r6, r7, lr}
10003aae:	b083      	sub	sp, #12
10003ab0:	0005      	movs	r5, r0
10003ab2:	000e      	movs	r6, r1
10003ab4:	2400      	movs	r4, #0
10003ab6:	e00f      	b.n	10003ad8 <stdio_uart_out_chars+0x2c>
10003ab8:	466b      	mov	r3, sp
10003aba:	1dd9      	adds	r1, r3, #7
10003abc:	230d      	movs	r3, #13
10003abe:	700b      	strb	r3, [r1, #0]
10003ac0:	2000      	movs	r0, #0
10003ac2:	2800      	cmp	r0, #0
10003ac4:	d116      	bne.n	10003af4 <stdio_uart_out_chars+0x48>
10003ac6:	6993      	ldr	r3, [r2, #24]
10003ac8:	069b      	lsls	r3, r3, #26
10003aca:	d4fc      	bmi.n	10003ac6 <stdio_uart_out_chars+0x1a>
10003acc:	780b      	ldrb	r3, [r1, #0]
10003ace:	6013      	str	r3, [r2, #0]
10003ad0:	3001      	adds	r0, #1
10003ad2:	3101      	adds	r1, #1
10003ad4:	e7f5      	b.n	10003ac2 <stdio_uart_out_chars+0x16>
10003ad6:	3401      	adds	r4, #1
10003ad8:	42b4      	cmp	r4, r6
10003ada:	da19      	bge.n	10003b10 <stdio_uart_out_chars+0x64>
10003adc:	4b0d      	ldr	r3, [pc, #52]	; (10003b14 <stdio_uart_out_chars+0x68>)
10003ade:	681a      	ldr	r2, [r3, #0]
10003ae0:	5d2f      	ldrb	r7, [r5, r4]
10003ae2:	4b0d      	ldr	r3, [pc, #52]	; (10003b18 <stdio_uart_out_chars+0x6c>)
10003ae4:	18d3      	adds	r3, r2, r3
10003ae6:	4259      	negs	r1, r3
10003ae8:	414b      	adcs	r3, r1
10003aea:	005b      	lsls	r3, r3, #1
10003aec:	490b      	ldr	r1, [pc, #44]	; (10003b1c <stdio_uart_out_chars+0x70>)
10003aee:	5e5b      	ldrsh	r3, [r3, r1]
10003af0:	42bb      	cmp	r3, r7
10003af2:	d0e1      	beq.n	10003ab8 <stdio_uart_out_chars+0xc>
10003af4:	466b      	mov	r3, sp
10003af6:	1dd9      	adds	r1, r3, #7
10003af8:	700f      	strb	r7, [r1, #0]
10003afa:	2000      	movs	r0, #0
10003afc:	2800      	cmp	r0, #0
10003afe:	d1ea      	bne.n	10003ad6 <stdio_uart_out_chars+0x2a>
10003b00:	6993      	ldr	r3, [r2, #24]
10003b02:	069b      	lsls	r3, r3, #26
10003b04:	d4fc      	bmi.n	10003b00 <stdio_uart_out_chars+0x54>
10003b06:	780b      	ldrb	r3, [r1, #0]
10003b08:	6013      	str	r3, [r2, #0]
10003b0a:	3001      	adds	r0, #1
10003b0c:	3101      	adds	r1, #1
10003b0e:	e7f5      	b.n	10003afc <stdio_uart_out_chars+0x50>
10003b10:	b003      	add	sp, #12
10003b12:	bdf0      	pop	{r4, r5, r6, r7, pc}
10003b14:	200006e4 	.word	0x200006e4
10003b18:	bffc8000 	.word	0xbffc8000
10003b1c:	200006e0 	.word	0x200006e0

10003b20 <stdio_uart_in_chars>:
10003b20:	b5f0      	push	{r4, r5, r6, r7, lr}
10003b22:	b083      	sub	sp, #12
10003b24:	0006      	movs	r6, r0
10003b26:	000f      	movs	r7, r1
10003b28:	2500      	movs	r5, #0
10003b2a:	e004      	b.n	10003b36 <stdio_uart_in_chars+0x16>
10003b2c:	466b      	mov	r3, sp
10003b2e:	3307      	adds	r3, #7
10003b30:	781b      	ldrb	r3, [r3, #0]
10003b32:	702b      	strb	r3, [r5, #0]
10003b34:	0025      	movs	r5, r4
10003b36:	42bd      	cmp	r5, r7
10003b38:	da15      	bge.n	10003b66 <stdio_uart_in_chars+0x46>
10003b3a:	4b16      	ldr	r3, [pc, #88]	; (10003b94 <stdio_uart_in_chars+0x74>)
10003b3c:	681a      	ldr	r2, [r3, #0]
10003b3e:	6993      	ldr	r3, [r2, #24]
10003b40:	2410      	movs	r4, #16
10003b42:	0021      	movs	r1, r4
10003b44:	4019      	ands	r1, r3
10003b46:	421c      	tst	r4, r3
10003b48:	d10d      	bne.n	10003b66 <stdio_uart_in_chars+0x46>
10003b4a:	1c6c      	adds	r4, r5, #1
10003b4c:	1975      	adds	r5, r6, r5
10003b4e:	466b      	mov	r3, sp
10003b50:	1dd8      	adds	r0, r3, #7
10003b52:	2900      	cmp	r1, #0
10003b54:	d1ea      	bne.n	10003b2c <stdio_uart_in_chars+0xc>
10003b56:	6993      	ldr	r3, [r2, #24]
10003b58:	06db      	lsls	r3, r3, #27
10003b5a:	d4fc      	bmi.n	10003b56 <stdio_uart_in_chars+0x36>
10003b5c:	6813      	ldr	r3, [r2, #0]
10003b5e:	7003      	strb	r3, [r0, #0]
10003b60:	3101      	adds	r1, #1
10003b62:	3001      	adds	r0, #1
10003b64:	e7f5      	b.n	10003b52 <stdio_uart_in_chars+0x32>
10003b66:	4b0c      	ldr	r3, [pc, #48]	; (10003b98 <stdio_uart_in_chars+0x78>)
10003b68:	681b      	ldr	r3, [r3, #0]
10003b6a:	2b00      	cmp	r3, #0
10003b6c:	d00a      	beq.n	10003b84 <stdio_uart_in_chars+0x64>
10003b6e:	4b09      	ldr	r3, [pc, #36]	; (10003b94 <stdio_uart_in_chars+0x74>)
10003b70:	681b      	ldr	r3, [r3, #0]
10003b72:	2250      	movs	r2, #80	; 0x50
10003b74:	639a      	str	r2, [r3, #56]	; 0x38
10003b76:	6b59      	ldr	r1, [r3, #52]	; 0x34
10003b78:	3a18      	subs	r2, #24
10003b7a:	400a      	ands	r2, r1
10003b7c:	4907      	ldr	r1, [pc, #28]	; (10003b9c <stdio_uart_in_chars+0x7c>)
10003b7e:	468c      	mov	ip, r1
10003b80:	4463      	add	r3, ip
10003b82:	601a      	str	r2, [r3, #0]
10003b84:	2d00      	cmp	r5, #0
10003b86:	d002      	beq.n	10003b8e <stdio_uart_in_chars+0x6e>
10003b88:	0028      	movs	r0, r5
10003b8a:	b003      	add	sp, #12
10003b8c:	bdf0      	pop	{r4, r5, r6, r7, pc}
10003b8e:	3d03      	subs	r5, #3
10003b90:	e7fa      	b.n	10003b88 <stdio_uart_in_chars+0x68>
10003b92:	46c0      	nop			; (mov r8, r8)
10003b94:	200006e4 	.word	0x200006e4
10003b98:	2000048c 	.word	0x2000048c
10003b9c:	00001034 	.word	0x00001034

10003ba0 <on_uart_rx>:
10003ba0:	b510      	push	{r4, lr}
10003ba2:	4b06      	ldr	r3, [pc, #24]	; (10003bbc <on_uart_rx+0x1c>)
10003ba4:	681b      	ldr	r3, [r3, #0]
10003ba6:	2b00      	cmp	r3, #0
10003ba8:	d006      	beq.n	10003bb8 <on_uart_rx+0x18>
10003baa:	4a05      	ldr	r2, [pc, #20]	; (10003bc0 <on_uart_rx+0x20>)
10003bac:	6812      	ldr	r2, [r2, #0]
10003bae:	2100      	movs	r1, #0
10003bb0:	6391      	str	r1, [r2, #56]	; 0x38
10003bb2:	4a04      	ldr	r2, [pc, #16]	; (10003bc4 <on_uart_rx+0x24>)
10003bb4:	6810      	ldr	r0, [r2, #0]
10003bb6:	4798      	blx	r3
10003bb8:	bd10      	pop	{r4, pc}
10003bba:	46c0      	nop			; (mov r8, r8)
10003bbc:	2000048c 	.word	0x2000048c
10003bc0:	200006e4 	.word	0x200006e4
10003bc4:	20000490 	.word	0x20000490

10003bc8 <stdio_uart_out_flush>:
10003bc8:	4b02      	ldr	r3, [pc, #8]	; (10003bd4 <stdio_uart_out_flush+0xc>)
10003bca:	681a      	ldr	r2, [r3, #0]
10003bcc:	6993      	ldr	r3, [r2, #24]
10003bce:	071b      	lsls	r3, r3, #28
10003bd0:	d4fc      	bmi.n	10003bcc <stdio_uart_out_flush+0x4>
10003bd2:	4770      	bx	lr
10003bd4:	200006e4 	.word	0x200006e4

10003bd8 <stdio_uart_set_chars_available_callback>:
10003bd8:	b570      	push	{r4, r5, r6, lr}
10003bda:	4b1e      	ldr	r3, [pc, #120]	; (10003c54 <stdio_uart_set_chars_available_callback+0x7c>)
10003bdc:	681b      	ldr	r3, [r3, #0]
10003bde:	4a1e      	ldr	r2, [pc, #120]	; (10003c58 <stdio_uart_set_chars_available_callback+0x80>)
10003be0:	4293      	cmp	r3, r2
10003be2:	d009      	beq.n	10003bf8 <stdio_uart_set_chars_available_callback+0x20>
10003be4:	2414      	movs	r4, #20
10003be6:	2800      	cmp	r0, #0
10003be8:	d003      	beq.n	10003bf2 <stdio_uart_set_chars_available_callback+0x1a>
10003bea:	4a1c      	ldr	r2, [pc, #112]	; (10003c5c <stdio_uart_set_chars_available_callback+0x84>)
10003bec:	6812      	ldr	r2, [r2, #0]
10003bee:	2a00      	cmp	r2, #0
10003bf0:	d004      	beq.n	10003bfc <stdio_uart_set_chars_available_callback+0x24>
10003bf2:	2800      	cmp	r0, #0
10003bf4:	d01a      	beq.n	10003c2c <stdio_uart_set_chars_available_callback+0x54>
10003bf6:	bd70      	pop	{r4, r5, r6, pc}
10003bf8:	2415      	movs	r4, #21
10003bfa:	e7f4      	b.n	10003be6 <stdio_uart_set_chars_available_callback+0xe>
10003bfc:	4b17      	ldr	r3, [pc, #92]	; (10003c5c <stdio_uart_set_chars_available_callback+0x84>)
10003bfe:	6018      	str	r0, [r3, #0]
10003c00:	4b17      	ldr	r3, [pc, #92]	; (10003c60 <stdio_uart_set_chars_available_callback+0x88>)
10003c02:	6019      	str	r1, [r3, #0]
10003c04:	4917      	ldr	r1, [pc, #92]	; (10003c64 <stdio_uart_set_chars_available_callback+0x8c>)
10003c06:	0020      	movs	r0, r4
10003c08:	f7fc fd8e 	bl	10000728 <irq_set_exclusive_handler>
10003c0c:	2101      	movs	r1, #1
10003c0e:	0020      	movs	r0, r4
10003c10:	f7fc fd68 	bl	100006e4 <irq_set_enabled>
10003c14:	4b0f      	ldr	r3, [pc, #60]	; (10003c54 <stdio_uart_set_chars_available_callback+0x7c>)
10003c16:	681b      	ldr	r3, [r3, #0]
10003c18:	2250      	movs	r2, #80	; 0x50
10003c1a:	639a      	str	r2, [r3, #56]	; 0x38
10003c1c:	6b59      	ldr	r1, [r3, #52]	; 0x34
10003c1e:	3a18      	subs	r2, #24
10003c20:	400a      	ands	r2, r1
10003c22:	4911      	ldr	r1, [pc, #68]	; (10003c68 <stdio_uart_set_chars_available_callback+0x90>)
10003c24:	468c      	mov	ip, r1
10003c26:	4463      	add	r3, ip
10003c28:	601a      	str	r2, [r3, #0]
10003c2a:	e7e4      	b.n	10003bf6 <stdio_uart_set_chars_available_callback+0x1e>
10003c2c:	4a0b      	ldr	r2, [pc, #44]	; (10003c5c <stdio_uart_set_chars_available_callback+0x84>)
10003c2e:	6812      	ldr	r2, [r2, #0]
10003c30:	2a00      	cmp	r2, #0
10003c32:	d0e0      	beq.n	10003bf6 <stdio_uart_set_chars_available_callback+0x1e>
10003c34:	2500      	movs	r5, #0
10003c36:	639d      	str	r5, [r3, #56]	; 0x38
10003c38:	2100      	movs	r1, #0
10003c3a:	0020      	movs	r0, r4
10003c3c:	f7fc fd52 	bl	100006e4 <irq_set_enabled>
10003c40:	4908      	ldr	r1, [pc, #32]	; (10003c64 <stdio_uart_set_chars_available_callback+0x8c>)
10003c42:	0020      	movs	r0, r4
10003c44:	f7fc fd9a 	bl	1000077c <irq_remove_handler>
10003c48:	4b04      	ldr	r3, [pc, #16]	; (10003c5c <stdio_uart_set_chars_available_callback+0x84>)
10003c4a:	601d      	str	r5, [r3, #0]
10003c4c:	4b04      	ldr	r3, [pc, #16]	; (10003c60 <stdio_uart_set_chars_available_callback+0x88>)
10003c4e:	601d      	str	r5, [r3, #0]
10003c50:	e7d1      	b.n	10003bf6 <stdio_uart_set_chars_available_callback+0x1e>
10003c52:	46c0      	nop			; (mov r8, r8)
10003c54:	200006e4 	.word	0x200006e4
10003c58:	40038000 	.word	0x40038000
10003c5c:	2000048c 	.word	0x2000048c
10003c60:	20000490 	.word	0x20000490
10003c64:	10003ba1 	.word	0x10003ba1
10003c68:	00001034 	.word	0x00001034

10003c6c <stdio_uart_init_full>:
10003c6c:	b570      	push	{r4, r5, r6, lr}
10003c6e:	000d      	movs	r5, r1
10003c70:	001c      	movs	r4, r3
10003c72:	4b0d      	ldr	r3, [pc, #52]	; (10003ca8 <stdio_uart_init_full+0x3c>)
10003c74:	6018      	str	r0, [r3, #0]
10003c76:	2a00      	cmp	r2, #0
10003c78:	da0b      	bge.n	10003c92 <stdio_uart_init_full+0x26>
10003c7a:	2c00      	cmp	r4, #0
10003c7c:	da0e      	bge.n	10003c9c <stdio_uart_init_full+0x30>
10003c7e:	4b0a      	ldr	r3, [pc, #40]	; (10003ca8 <stdio_uart_init_full+0x3c>)
10003c80:	6818      	ldr	r0, [r3, #0]
10003c82:	0029      	movs	r1, r5
10003c84:	f7fd fb48 	bl	10001318 <uart_init>
10003c88:	2101      	movs	r1, #1
10003c8a:	4808      	ldr	r0, [pc, #32]	; (10003cac <stdio_uart_init_full+0x40>)
10003c8c:	f7ff fea8 	bl	100039e0 <stdio_set_driver_enabled>
10003c90:	bd70      	pop	{r4, r5, r6, pc}
10003c92:	2102      	movs	r1, #2
10003c94:	0010      	movs	r0, r2
10003c96:	f7fc fbeb 	bl	10000470 <gpio_set_function>
10003c9a:	e7ee      	b.n	10003c7a <stdio_uart_init_full+0xe>
10003c9c:	2102      	movs	r1, #2
10003c9e:	0020      	movs	r0, r4
10003ca0:	f7fc fbe6 	bl	10000470 <gpio_set_function>
10003ca4:	e7eb      	b.n	10003c7e <stdio_uart_init_full+0x12>
10003ca6:	46c0      	nop			; (mov r8, r8)
10003ca8:	200006e4 	.word	0x200006e4
10003cac:	200002d0 	.word	0x200002d0

10003cb0 <stdio_uart_init>:
10003cb0:	b510      	push	{r4, lr}
10003cb2:	4b07      	ldr	r3, [pc, #28]	; (10003cd0 <stdio_uart_init+0x20>)
10003cb4:	781b      	ldrb	r3, [r3, #0]
10003cb6:	4b07      	ldr	r3, [pc, #28]	; (10003cd4 <stdio_uart_init+0x24>)
10003cb8:	781b      	ldrb	r3, [r3, #0]
10003cba:	4b07      	ldr	r3, [pc, #28]	; (10003cd8 <stdio_uart_init+0x28>)
10003cbc:	781b      	ldrb	r3, [r3, #0]
10003cbe:	21e1      	movs	r1, #225	; 0xe1
10003cc0:	2301      	movs	r3, #1
10003cc2:	2200      	movs	r2, #0
10003cc4:	0249      	lsls	r1, r1, #9
10003cc6:	4805      	ldr	r0, [pc, #20]	; (10003cdc <stdio_uart_init+0x2c>)
10003cc8:	f7ff ffd0 	bl	10003c6c <stdio_uart_init_full>
10003ccc:	bd10      	pop	{r4, pc}
10003cce:	46c0      	nop			; (mov r8, r8)
10003cd0:	10004934 	.word	0x10004934
10003cd4:	10004938 	.word	0x10004938
10003cd8:	1000493c 	.word	0x1000493c
10003cdc:	40034000 	.word	0x40034000

10003ce0 <strlen>:
10003ce0:	b510      	push	{r4, lr}
10003ce2:	0783      	lsls	r3, r0, #30
10003ce4:	d00a      	beq.n	10003cfc <strlen+0x1c>
10003ce6:	0003      	movs	r3, r0
10003ce8:	2103      	movs	r1, #3
10003cea:	e002      	b.n	10003cf2 <strlen+0x12>
10003cec:	3301      	adds	r3, #1
10003cee:	420b      	tst	r3, r1
10003cf0:	d005      	beq.n	10003cfe <strlen+0x1e>
10003cf2:	781a      	ldrb	r2, [r3, #0]
10003cf4:	2a00      	cmp	r2, #0
10003cf6:	d1f9      	bne.n	10003cec <strlen+0xc>
10003cf8:	1a18      	subs	r0, r3, r0
10003cfa:	bd10      	pop	{r4, pc}
10003cfc:	0003      	movs	r3, r0
10003cfe:	6819      	ldr	r1, [r3, #0]
10003d00:	4a0c      	ldr	r2, [pc, #48]	; (10003d34 <strlen+0x54>)
10003d02:	4c0d      	ldr	r4, [pc, #52]	; (10003d38 <strlen+0x58>)
10003d04:	188a      	adds	r2, r1, r2
10003d06:	438a      	bics	r2, r1
10003d08:	4222      	tst	r2, r4
10003d0a:	d10f      	bne.n	10003d2c <strlen+0x4c>
10003d0c:	6859      	ldr	r1, [r3, #4]
10003d0e:	4a09      	ldr	r2, [pc, #36]	; (10003d34 <strlen+0x54>)
10003d10:	3304      	adds	r3, #4
10003d12:	188a      	adds	r2, r1, r2
10003d14:	438a      	bics	r2, r1
10003d16:	4222      	tst	r2, r4
10003d18:	d108      	bne.n	10003d2c <strlen+0x4c>
10003d1a:	6859      	ldr	r1, [r3, #4]
10003d1c:	4a05      	ldr	r2, [pc, #20]	; (10003d34 <strlen+0x54>)
10003d1e:	3304      	adds	r3, #4
10003d20:	188a      	adds	r2, r1, r2
10003d22:	438a      	bics	r2, r1
10003d24:	4222      	tst	r2, r4
10003d26:	d0f1      	beq.n	10003d0c <strlen+0x2c>
10003d28:	e000      	b.n	10003d2c <strlen+0x4c>
10003d2a:	3301      	adds	r3, #1
10003d2c:	781a      	ldrb	r2, [r3, #0]
10003d2e:	2a00      	cmp	r2, #0
10003d30:	d1fb      	bne.n	10003d2a <strlen+0x4a>
10003d32:	e7e1      	b.n	10003cf8 <strlen+0x18>
10003d34:	fefefeff 	.word	0xfefefeff
10003d38:	80808080 	.word	0x80808080

10003d3c <_fini>:
10003d3c:	b5f8      	push	{r3, r4, r5, r6, r7, lr}
10003d3e:	46c0      	nop			; (mov r8, r8)

10003d40 <__mutex_exit_veneer>:
10003d40:	b401      	push	{r0}
10003d42:	4802      	ldr	r0, [pc, #8]	; (10003d4c <__mutex_exit_veneer+0xc>)
10003d44:	4684      	mov	ip, r0
10003d46:	bc01      	pop	{r0}
10003d48:	4760      	bx	ip
10003d4a:	bf00      	nop
10003d4c:	200001c9 	.word	0x200001c9

10003d50 <____aeabi_ldiv0_veneer>:
10003d50:	b401      	push	{r0}
10003d52:	4802      	ldr	r0, [pc, #8]	; (10003d5c <____aeabi_ldiv0_veneer+0xc>)
10003d54:	4684      	mov	ip, r0
10003d56:	bc01      	pop	{r0}
10003d58:	4760      	bx	ip
10003d5a:	bf00      	nop
10003d5c:	20000215 	.word	0x20000215

10003d60 <____aeabi_idiv0_veneer>:
10003d60:	b401      	push	{r0}
10003d62:	4802      	ldr	r0, [pc, #8]	; (10003d6c <____aeabi_idiv0_veneer+0xc>)
10003d64:	4684      	mov	ip, r0
10003d66:	bc01      	pop	{r0}
10003d68:	4760      	bx	ip
10003d6a:	bf00      	nop
10003d6c:	20000215 	.word	0x20000215

10003d70 <__mutex_try_enter_block_until_veneer>:
10003d70:	b401      	push	{r0}
10003d72:	4802      	ldr	r0, [pc, #8]	; (10003d7c <__mutex_try_enter_block_until_veneer+0xc>)
10003d74:	4684      	mov	ip, r0
10003d76:	bc01      	pop	{r0}
10003d78:	4760      	bx	ip
10003d7a:	bf00      	nop
10003d7c:	20000195 	.word	0x20000195

10003d80 <__pre_init_runtime_init_early_resets>:
10003d80:	10001689                                ....

10003d84 <__pre_init_runtime_init_usb_power_down>:
10003d84:	100016b5 10001849 1000264d 10001eed     ....I...M&......
10003d94:	1000251d                                .%..

10003d98 <__pre_init_runtime_init_clocks>:
10003d98:	1000177d                                }...

10003d9c <__pre_init_runtime_init_post_clock_resets>:
10003d9c:	100016d1                                ....

10003da0 <__pre_init_runtime_init_rp2040_gpio_ie_disable>:
10003da0:	100016f1                                ....

10003da4 <__pre_init_runtime_init_spin_locks_reset>:
10003da4:	10001705                                ....

10003da8 <__pre_init_runtime_init_mutex>:
10003da8:	10000a69                                i...

10003dac <__pre_init_runtime_init_install_ram_vector_table>:
10003dac:	1000170d                                ....

10003db0 <__pre_init_runtime_init_default_alarm_pool>:
10003db0:	10001159                                Y...

10003db4 <__pre_init_first_per_core_initializer>:
10003db4:	10001675                                u...

10003db8 <__pre_init_runtime_init_per_core_irq_priorities>:
10003db8:	10000609                                ....

10003dbc <__frame_dummy_init_array_entry>:
10003dbc:	100002b1                                ....

Disassembly of section .data:

200000c0 <mutex_try_enter>:
200000c0:	0003      	movs	r3, r0
200000c2:	6800      	ldr	r0, [r0, #0]
200000c4:	f3ef 8c10 	mrs	ip, PRIMASK
200000c8:	b672      	cpsid	i
200000ca:	6802      	ldr	r2, [r0, #0]
200000cc:	2a00      	cmp	r2, #0
200000ce:	d0fc      	beq.n	200000ca <mutex_try_enter+0xa>
200000d0:	f3bf 8f5f 	dmb	sy
200000d4:	2204      	movs	r2, #4
200000d6:	569a      	ldrsb	r2, [r3, r2]
200000d8:	2a00      	cmp	r2, #0
200000da:	db0b      	blt.n	200000f4 <mutex_try_enter+0x34>
200000dc:	2900      	cmp	r1, #0
200000de:	d010      	beq.n	20000102 <mutex_try_enter+0x42>
200000e0:	600a      	str	r2, [r1, #0]
200000e2:	2000      	movs	r0, #0
200000e4:	681b      	ldr	r3, [r3, #0]
200000e6:	f3bf 8f5f 	dmb	sy
200000ea:	2200      	movs	r2, #0
200000ec:	601a      	str	r2, [r3, #0]
200000ee:	f38c 8810 	msr	PRIMASK, ip
200000f2:	4770      	bx	lr
200000f4:	22d0      	movs	r2, #208	; 0xd0
200000f6:	0612      	lsls	r2, r2, #24
200000f8:	7812      	ldrb	r2, [r2, #0]
200000fa:	b252      	sxtb	r2, r2
200000fc:	711a      	strb	r2, [r3, #4]
200000fe:	2001      	movs	r0, #1
20000100:	e7f0      	b.n	200000e4 <mutex_try_enter+0x24>
20000102:	2000      	movs	r0, #0
20000104:	e7ee      	b.n	200000e4 <mutex_try_enter+0x24>
	...

20000108 <mutex_enter_block_until>:
20000108:	b5f8      	push	{r3, r4, r5, r6, r7, lr}
2000010a:	46ce      	mov	lr, r9
2000010c:	4647      	mov	r7, r8
2000010e:	b580      	push	{r7, lr}
20000110:	0004      	movs	r4, r0
20000112:	0017      	movs	r7, r2
20000114:	4698      	mov	r8, r3
20000116:	6803      	ldr	r3, [r0, #0]
20000118:	2b00      	cmp	r3, #0
2000011a:	d020      	beq.n	2000015e <mutex_enter_block_until+0x56>
2000011c:	23d0      	movs	r3, #208	; 0xd0
2000011e:	061b      	lsls	r3, r3, #24
20000120:	781b      	ldrb	r3, [r3, #0]
20000122:	b25b      	sxtb	r3, r3
20000124:	4699      	mov	r9, r3
20000126:	6826      	ldr	r6, [r4, #0]
20000128:	f3ef 8c10 	mrs	ip, PRIMASK
2000012c:	b672      	cpsid	i
2000012e:	6835      	ldr	r5, [r6, #0]
20000130:	2d00      	cmp	r5, #0
20000132:	d0fc      	beq.n	2000012e <mutex_enter_block_until+0x26>
20000134:	f3bf 8f5f 	dmb	sy
20000138:	2504      	movs	r5, #4
2000013a:	5765      	ldrsb	r5, [r4, r5]
2000013c:	2d00      	cmp	r5, #0
2000013e:	db14      	blt.n	2000016a <mutex_enter_block_until+0x62>
20000140:	6823      	ldr	r3, [r4, #0]
20000142:	f3bf 8f5f 	dmb	sy
20000146:	2200      	movs	r2, #0
20000148:	601a      	str	r2, [r3, #0]
2000014a:	f38c 8810 	msr	PRIMASK, ip
2000014e:	0038      	movs	r0, r7
20000150:	4641      	mov	r1, r8
20000152:	f000 f869 	bl	20000228 <__best_effort_wfe_or_timeout_veneer>
20000156:	2800      	cmp	r0, #0
20000158:	d0e5      	beq.n	20000126 <mutex_enter_block_until+0x1e>
2000015a:	2000      	movs	r0, #0
2000015c:	e00f      	b.n	2000017e <mutex_enter_block_until+0x76>
2000015e:	4b0a      	ldr	r3, [pc, #40]	; (20000188 <mutex_enter_block_until+0x80>)
20000160:	4a0a      	ldr	r2, [pc, #40]	; (2000018c <mutex_enter_block_until+0x84>)
20000162:	21a6      	movs	r1, #166	; 0xa6
20000164:	480a      	ldr	r0, [pc, #40]	; (20000190 <mutex_enter_block_until+0x88>)
20000166:	f000 f857 	bl	20000218 <____assert_func_veneer>
2000016a:	464b      	mov	r3, r9
2000016c:	7123      	strb	r3, [r4, #4]
2000016e:	6823      	ldr	r3, [r4, #0]
20000170:	f3bf 8f5f 	dmb	sy
20000174:	2200      	movs	r2, #0
20000176:	601a      	str	r2, [r3, #0]
20000178:	f38c 8810 	msr	PRIMASK, ip
2000017c:	2001      	movs	r0, #1
2000017e:	bcc0      	pop	{r6, r7}
20000180:	46b9      	mov	r9, r7
20000182:	46b0      	mov	r8, r6
20000184:	bdf8      	pop	{r3, r4, r5, r6, r7, pc}
20000186:	46c0      	nop			; (mov r8, r8)
20000188:	10004170 	.word	0x10004170
2000018c:	100041c8 	.word	0x100041c8
20000190:	10004124 	.word	0x10004124

20000194 <mutex_try_enter_block_until>:
20000194:	b570      	push	{r4, r5, r6, lr}
20000196:	b082      	sub	sp, #8
20000198:	0006      	movs	r6, r0
2000019a:	0015      	movs	r5, r2
2000019c:	001c      	movs	r4, r3
2000019e:	a901      	add	r1, sp, #4
200001a0:	f7ff ff8e 	bl	200000c0 <mutex_try_enter>
200001a4:	2800      	cmp	r0, #0
200001a6:	d107      	bne.n	200001b8 <mutex_try_enter_block_until+0x24>
200001a8:	9b01      	ldr	r3, [sp, #4]
200001aa:	b25b      	sxtb	r3, r3
200001ac:	22d0      	movs	r2, #208	; 0xd0
200001ae:	0612      	lsls	r2, r2, #24
200001b0:	7812      	ldrb	r2, [r2, #0]
200001b2:	b252      	sxtb	r2, r2
200001b4:	4293      	cmp	r3, r2
200001b6:	d101      	bne.n	200001bc <mutex_try_enter_block_until+0x28>
200001b8:	b002      	add	sp, #8
200001ba:	bd70      	pop	{r4, r5, r6, pc}
200001bc:	002a      	movs	r2, r5
200001be:	0023      	movs	r3, r4
200001c0:	0030      	movs	r0, r6
200001c2:	f7ff ffa1 	bl	20000108 <mutex_enter_block_until>
200001c6:	e7f7      	b.n	200001b8 <mutex_try_enter_block_until+0x24>

200001c8 <mutex_exit>:
200001c8:	b510      	push	{r4, lr}
200001ca:	6802      	ldr	r2, [r0, #0]
200001cc:	f3ef 8110 	mrs	r1, PRIMASK
200001d0:	b672      	cpsid	i
200001d2:	6813      	ldr	r3, [r2, #0]
200001d4:	2b00      	cmp	r3, #0
200001d6:	d0fc      	beq.n	200001d2 <mutex_exit+0xa>
200001d8:	f3bf 8f5f 	dmb	sy
200001dc:	2304      	movs	r3, #4
200001de:	56c3      	ldrsb	r3, [r0, r3]
200001e0:	2b00      	cmp	r3, #0
200001e2:	db0a      	blt.n	200001fa <mutex_exit+0x32>
200001e4:	23ff      	movs	r3, #255	; 0xff
200001e6:	7103      	strb	r3, [r0, #4]
200001e8:	6803      	ldr	r3, [r0, #0]
200001ea:	f3bf 8f5f 	dmb	sy
200001ee:	2200      	movs	r2, #0
200001f0:	601a      	str	r2, [r3, #0]
200001f2:	f381 8810 	msr	PRIMASK, r1
200001f6:	bf40      	sev
200001f8:	bd10      	pop	{r4, pc}
200001fa:	4b03      	ldr	r3, [pc, #12]	; (20000208 <mutex_exit+0x40>)
200001fc:	4a03      	ldr	r2, [pc, #12]	; (2000020c <mutex_exit+0x44>)
200001fe:	21d5      	movs	r1, #213	; 0xd5
20000200:	4803      	ldr	r0, [pc, #12]	; (20000210 <mutex_exit+0x48>)
20000202:	f000 f809 	bl	20000218 <____assert_func_veneer>
20000206:	46c0      	nop			; (mov r8, r8)
20000208:	10004184 	.word	0x10004184
2000020c:	100041bc 	.word	0x100041bc
20000210:	10004124 	.word	0x10004124

20000214 <__aeabi_idiv0>:
20000214:	4770      	bx	lr
20000216:	46c0      	nop			; (mov r8, r8)

20000218 <____assert_func_veneer>:
20000218:	b401      	push	{r0}
2000021a:	4802      	ldr	r0, [pc, #8]	; (20000224 <____assert_func_veneer+0xc>)
2000021c:	4684      	mov	ip, r0
2000021e:	bc01      	pop	{r0}
20000220:	4760      	bx	ip
20000222:	bf00      	nop
20000224:	100037b5 	.word	0x100037b5

20000228 <__best_effort_wfe_or_timeout_veneer>:
20000228:	b401      	push	{r0}
2000022a:	4802      	ldr	r0, [pc, #8]	; (20000234 <__best_effort_wfe_or_timeout_veneer+0xc>)
2000022c:	4684      	mov	ip, r0
2000022e:	bc01      	pop	{r0}
20000230:	4760      	bx	ip
20000232:	bf00      	nop
20000234:	10001015 	.word	0x10001015

20000238 <time_pressed>:
20000238:	00000000 	.word	0x00000000

2000023c <time_released>:
2000023c:	00000000 	.word	0x00000000

20000240 <press_duration>:
20000240:	00000000 	.word	0x00000000

20000244 <interval>:
20000244:	00000000 	.word	0x00000000

20000248 <dot_msg>:
20000248:	202e      	.short	0x202e
	...

2000024b <dash_msg>:
2000024b:	2d          	.byte	0x2d
2000024c:	0020      	.short	0x0020

2000024e <striped_spin_lock_num>:
2000024e:	0010                                        ..

20000250 <irq_handler_chain_slots>:
20000250:	00000000 	.word	0x00000000
20000254:	00010000 	.word	0x00010000
	...
20000260:	00020000 	.word	0x00020000
	...
2000026c:	00030000 	.word	0x00030000
	...
20000278:	00ff0000 	.word	0x00ff0000
2000027c:	00000000 	.word	0x00000000

20000280 <irq_handler_chain_first_slot>:
20000280:	b501      	push	{r0, lr}
20000282:	6848      	ldr	r0, [r1, #4]
20000284:	3101      	adds	r1, #1
20000286:	468e      	mov	lr, r1
20000288:	4700      	bx	r0

2000028a <irq_handler_chain_remove_tail>:
2000028a:	4670      	mov	r0, lr
2000028c:	3809      	subs	r0, #9
2000028e:	4901      	ldr	r1, [pc, #4]	; (20000294 <irq_handler_chain_remove_tail+0xa>)
20000290:	4788      	blx	r1
20000292:	bd01      	pop	{r0, pc}
20000294:	1000092d 	.word	0x1000092d

20000298 <default_alarm_pool>:
	...
200002ac:	200002f0                                ... 

200002b0 <aeabi_bits_funcs>:
200002b0:	00003350 	.word	0x00003350
200002b4:	0000334c 	.word	0x0000334c
200002b8:	00003354 	.word	0x00003354
200002bc:	00003352 	.word	0x00003352

200002c0 <aeabi_bits_funcs_end>:
200002c0:	0000534d 	.word	0x0000534d
200002c4:	0000434d 	.word	0x0000434d
200002c8:	00003453 	.word	0x00003453
200002cc:	00003443 	.word	0x00003443

200002d0 <stdio_uart>:
200002d0:	10003aad 10003bc9 10003b21 10003bd9     .:...;..!;...;..
200002e0:	00000000 00000100                       ........

200002e8 <print_mutex>:
	...
